=== Previous Session Logcat ===
captured_time_utc=20261002_203554
captured_time_local=20261002_153554
marker=2026-10-02 14:55:56.934
preferred_prev_pid=-1
note=best-effort; buffers may be overwritten before next start
sdk=36
device=samsung SM-S731U
appId=com.negi.survey.local
versionName=0.0.1
versionCode=1

=== Logcat (since marker) ===
--------- beginning of main
10-02 14:55:56.934 19752 19934 D CrashCapture: Staged prev session logcat: /data/user/0/com.negi.survey.local/files/diagnostics/crash/prevlog_20261002_195556_pid19752.log bytes=47890 marker=2026-10-02 14:49:33.654 pid=-1
10-02 14:55:56.943 19752 19934 D CrashCapture: Persisted logcat marker for next run: 2026-10-02 14:55:56.934
10-02 14:55:56.945 19752 19934 D CrashCapture: GitHub hints: owner=ishizuki-tech repo=SurveyExports branch=main pathPrefix=diagnostics/crash
10-02 14:55:56.945 19752 19934 D CrashCapture: Enqueuing GitHub crash uploads… (mirror-first) where=SurveyApp:enqueuePending(immediate):bg
10-02 14:55:56.946 19752 19934 D CrashCapture: GitHub enqueue(crash file): name=prevlog_20261002_195556_pid19752.log bytes=47890 remote=prevlog_20261002_195556_pid19752.log where=SurveyApp:enqueuePending(immediate):bg
10-02 14:55:56.953 19752 19934 D CrashCapture: GitHub enqueue(ring file): bytes=848 remote=ring_store/20261002_195556_pid19752_u682583/seg_00.log src=seg_00.log where=SurveyApp:enqueuePending(immediate):bg
10-02 14:55:56.955 19752 19934 D CrashCapture: Ring store enqueue done. dir=/data/user/0/com.negi.survey.local/files/diagnostics/applog_ring files=1 bytes=848 capFiles=300 capBytes=90000000 where=SurveyApp:enqueuePending(immediate):bg
10-02 14:55:56.983 19752 19907 D WM-SystemJobScheduler: Scheduling work ID 01df81bc-63c7-4c72-a78a-f34de564e62cJob ID 2
10-02 14:55:56.988 19752 19752 D WM-SystemJobService: onStartJob for WorkGenerationalId(workSpecId=01df81bc-63c7-4c72-a78a-f34de564e62c, generation=0)
10-02 14:55:56.988 19752 19907 D WM-GreedyScheduler: Starting tracking for 01df81bc-63c7-4c72-a78a-f34de564e62c
10-02 14:55:57.003 19752 19907 D WM-SystemJobScheduler: Scheduling work ID c7957083-2284-40f4-96b7-bb6ed93a3812Job ID 3
10-02 14:55:57.010 19752 19752 D WM-SystemJobService: onStartJob for WorkGenerationalId(workSpecId=c7957083-2284-40f4-96b7-bb6ed93a3812, generation=0)
10-02 14:55:57.013 19752 19907 D WM-GreedyScheduler: Starting tracking for 01df81bc-63c7-4c72-a78a-f34de564e62c,c7957083-2284-40f4-96b7-bb6ed93a3812
10-02 14:55:57.018 19752 19907 D WM-Processor: Processor: processing WorkGenerationalId(workSpecId=01df81bc-63c7-4c72-a78a-f34de564e62c, generation=0)
10-02 14:55:57.022 19752 19907 D WM-Processor: Processor: processing WorkGenerationalId(workSpecId=c7957083-2284-40f4-96b7-bb6ed93a3812, generation=0)
10-02 14:55:57.026 19752 19752 D WM-WorkerWrapper: Starting work for com.negi.survey.net.GitHubUploadWorker
10-02 14:55:57.030 19752 19752 D WM-WorkerWrapper: Starting work for com.negi.survey.net.GitHubUploadWorker
10-02 14:55:57.031 19752 19907 D WM-WorkConstraintsTrack: NetworkRequestConstraintController send initial capabilities
10-02 14:55:57.031 19752 19907 D WM-WorkConstraintsTrack: NetworkRequestConstraintController send initial capabilities
10-02 14:55:57.033 19752 19908 I WM-Processor: Moving WorkSpec (01df81bc-63c7-4c72-a78a-f34de564e62c) to the foreground
10-02 14:55:57.035 19752 19752 I WM-SystemFgDispatcher: Started foreground service Intent { act=ACTION_START_FOREGROUND xflg=0x4 cmp=com.negi.survey.local/androidx.work.impl.foreground.SystemForegroundService (has extras) }
10-02 14:55:57.035 19752 19752 D WM-SystemFgDispatcher: Notifying with (id:3392, workSpecId: 01df81bc-63c7-4c72-a78a-f34de564e62c, notificationType :1)
--------- beginning of system
10-02 14:55:57.036 19752 19752 I NotificationManager: com.negi.survey.local: notify(3392, null, Notification(channel=uploads shortcut=null contentView=null vibrate=null sound=null defaults=0 flags=ONGOING_EVENT|ONLY_ALERT_ONCE color=0x00000000 category=progress vis=PRIVATE semFlags=0x0 semPriority=0 semMissedCount=0 semScenarioType=0)) as user
10-02 14:55:57.036 19752 19908 D WM-GreedyScheduler: Constraints met: Scheduling work ID WorkGenerationalId(workSpecId=01df81bc-63c7-4c72-a78a-f34de564e62c, generation=0)
10-02 14:55:57.038 19752 19908 I WM-Processor: Moving WorkSpec (c7957083-2284-40f4-96b7-bb6ed93a3812) to the foreground
10-02 14:55:57.044 19752 19901 D GitHubUploader: uploadStream: owner=ishizuki-tech repo=SurveyExports branch=main path=diagnostics/crash/2026-10-02/prevlog_20261002_195556_pid19752.log size=47890 maxRawBytesHint=1000000 maxRequestBytesHint=2800000
10-02 14:55:57.046 19752 19908 D WM-GreedyScheduler: Constraints met: Scheduling work ID WorkGenerationalId(workSpecId=c7957083-2284-40f4-96b7-bb6ed93a3812, generation=0)
10-02 14:55:57.046 19752 19752 D WM-SystemFgDispatcher: Notifying with (id:3392, workSpecId: 01df81bc-63c7-4c72-a78a-f34de564e62c, notificationType :1)
10-02 14:55:57.047 19752 19752 I NotificationManager: com.negi.survey.local: notify(3392, null, Notification(channel=uploads shortcut=null contentView=null vibrate=null sound=null defaults=0 flags=ONGOING_EVENT|ONLY_ALERT_ONCE color=0x00000000 category=progress vis=PRIVATE semFlags=0x0 semPriority=0 semMissedCount=0 semScenarioType=0)) as user
10-02 14:55:57.047 19752 19939 D GitHubUploader: uploadStream: owner=ishizuki-tech repo=SurveyExports branch=main path=diagnostics/crash/2026-10-02/ring_store/20261002_195556_pid19752_u682583/seg_00.log size=848 maxRawBytesHint=1000000 maxRequestBytesHint=2800000
10-02 14:55:57.051 19752 19752 I WM-SystemFgDispatcher: Started foreground service Intent { act=ACTION_START_FOREGROUND xflg=0x4 cmp=com.negi.survey.local/androidx.work.impl.foreground.SystemForegroundService (has extras) }
10-02 14:55:57.052 19752 19752 D WM-SystemFgDispatcher: Notifying with (id:8468, workSpecId: c7957083-2284-40f4-96b7-bb6ed93a3812, notificationType :1)
10-02 14:55:57.052 19752 19752 I NotificationManager: com.negi.survey.local: notify(8468, null, Notification(channel=uploads shortcut=null contentView=null vibrate=null sound=null defaults=0 flags=ONGOING_EVENT|ONLY_ALERT_ONCE color=0x00000000 category=progress vis=PRIVATE semFlags=0x0 semPriority=0 semMissedCount=0 semScenarioType=0)) as user
10-02 14:55:57.056 19752 19908 D WM-Processor: Work WorkGenerationalId(workSpecId=01df81bc-63c7-4c72-a78a-f34de564e62c, generation=0) is already enqueued for processing
10-02 14:55:57.057 19752 19908 D WM-WorkProgressUpdater: Updating progress for 01df81bc-63c7-4c72-a78a-f34de564e62c (Data {pct : 0, mode : file})
10-02 14:55:57.060 19752 19752 D WM-SystemFgDispatcher: Notifying with (id:8468, workSpecId: c7957083-2284-40f4-96b7-bb6ed93a3812, notificationType :1)
10-02 14:55:57.061 19752 19752 I NotificationManager: com.negi.survey.local: notify(8468, null, Notification(channel=uploads shortcut=null contentView=null vibrate=null sound=null defaults=0 flags=ONGOING_EVENT|ONLY_ALERT_ONCE color=0x00000000 category=progress vis=PRIVATE semFlags=0x0 semPriority=0 semMissedCount=0 semScenarioType=0)) as user
10-02 14:55:57.072 19752 19908 D WM-Processor: Work WorkGenerationalId(workSpecId=c7957083-2284-40f4-96b7-bb6ed93a3812, generation=0) is already enqueued for processing
10-02 14:55:57.076 19752 19908 I WM-Processor: Moving WorkSpec (01df81bc-63c7-4c72-a78a-f34de564e62c) to the foreground
10-02 14:55:57.078 19752 19908 D WM-WorkProgressUpdater: Updating progress for c7957083-2284-40f4-96b7-bb6ed93a3812 (Data {pct : 0, mode : file})
10-02 14:55:57.079 19752 19752 D WM-SystemFgDispatcher: Notifying with (id:3392, workSpecId: 01df81bc-63c7-4c72-a78a-f34de564e62c, notificationType :1)
10-02 14:55:57.079 19752 19752 I NotificationManager: com.negi.survey.local: notify(3392, null, Notification(channel=uploads shortcut=null contentView=null vibrate=null sound=null defaults=0 flags=ONGOING_EVENT|ONLY_ALERT_ONCE color=0x00000000 category=progress vis=PRIVATE semFlags=0x0 semPriority=0 semMissedCount=0 semScenarioType=0)) as user
10-02 14:55:57.087 19752 19908 I WM-Processor: Moving WorkSpec (c7957083-2284-40f4-96b7-bb6ed93a3812) to the foreground
10-02 14:55:57.089 19752 19752 D WM-SystemFgDispatcher: Notifying with (id:8468, workSpecId: c7957083-2284-40f4-96b7-bb6ed93a3812, notificationType :1)
10-02 14:55:57.090 19752 19752 I NotificationManager: com.negi.survey.local: notify(8468, null, Notification(channel=uploads shortcut=null contentView=null vibrate=null sound=null defaults=0 flags=ONGOING_EVENT|ONLY_ALERT_ONCE color=0x00000000 category=progress vis=PRIVATE semFlags=0x0 semPriority=0 semMissedCount=0 semScenarioType=0)) as user
10-02 14:55:57.091 19752 19908 D WM-WorkConstraintsTrack: NetworkRequestConstraintController send initial capabilities
10-02 14:55:57.092 19752 19908 D WM-WorkConstraintsTrack: NetworkRequestConstraintController send initial capabilities
10-02 14:55:57.243 19752 19907 D WM-WorkProgressUpdater: Updating progress for 911a0915-0bac-478d-9745-7e5d1d046392 (Data {pct : 52, mode : startup_runtime_logs})
10-02 14:55:57.249 19752 19902 D GitHubUploader: uploadStream: done url=https://github.com/ishizuki-tech/SurveyExports/blob/main/diagnostics/runtime_logs/2026-10-02/runtime_logs_startup_runtime_20261002_195554_667f4d3a_receiver_my_package_repl/runtime_log_20261002_195555_643_pid19752_receiver_my_package_repl__rtlog_20261002_195554_068_pid19752_seq1.log sha=5abfeb18849fbd1c57d052f79c51464193293dda
10-02 14:55:57.257 19752 19907 I WM-Processor: Moving WorkSpec (911a0915-0bac-478d-9745-7e5d1d046392) to the foreground
10-02 14:55:57.258 19752 19902 D RuntimeLogStore: deleteRolledLogFiles: deleted=1 excludeActive=true active=rtlog_20261002_195555_635_pid19752_seq2.log
10-02 14:55:57.259 19752 19902 D GitHubUploader: uploadStream: owner=ishizuki-tech repo=SurveyExports branch=main path=diagnostics/runtime_logs/2026-10-02/runtime_logs_startup_runtime_20261002_195554_667f4d3a_receiver_my_package_repl/runtime_log_20261002_195555_643_pid19752_receiver_my_package_repl__rtlog_20261002_194931_098_pid18500_seq1.log size=4033 maxRawBytesHint=1000000 maxRequestBytesHint=2800000
10-02 14:55:57.261 19752 19752 D WM-SystemFgDispatcher: Notifying with (id:4211, workSpecId: 911a0915-0bac-478d-9745-7e5d1d046392, notificationType :1)
10-02 14:55:57.262 19752 19752 I NotificationManager: com.negi.survey.local: notify(4211, null, Notification(channel=uploads shortcut=null contentView=null vibrate=null sound=null defaults=0 flags=ONGOING_EVENT|ONLY_ALERT_ONCE color=0x00000000 category=progress vis=PRIVATE semFlags=0x0 semPriority=0 semMissedCount=0 semScenarioType=0)) as user
10-02 14:55:57.262 19752 19907 D WM-WorkProgressUpdater: Updating progress for 911a0915-0bac-478d-9745-7e5d1d046392 (Data {pct : 55, mode : startup_runtime_logs})
10-02 14:55:57.275 19752 19907 I WM-Processor: Moving WorkSpec (911a0915-0bac-478d-9745-7e5d1d046392) to the foreground
10-02 14:55:57.277 19752 19752 D WM-SystemFgDispatcher: Notifying with (id:4211, workSpecId: 911a0915-0bac-478d-9745-7e5d1d046392, notificationType :1)
10-02 14:55:57.277 19752 19752 I NotificationManager: com.negi.survey.local: notify(4211, null, Notification(channel=uploads shortcut=null contentView=null vibrate=null sound=null defaults=0 flags=ONGOING_EVENT|ONLY_ALERT_ONCE color=0x00000000 category=progress vis=PRIVATE semFlags=0x0 semPriority=0 semMissedCount=0 semScenarioType=0)) as user
10-02 14:55:57.320 19752 19908 D WM-WorkProgressUpdater: Updating progress for c7957083-2284-40f4-96b7-bb6ed93a3812 (Data {pct : 10, mode : file})
10-02 14:55:57.329 19752 19908 I WM-Processor: Moving WorkSpec (c7957083-2284-40f4-96b7-bb6ed93a3812) to the foreground
10-02 14:55:57.332 19752 19908 D WM-WorkProgressUpdater: Updating progress for c7957083-2284-40f4-96b7-bb6ed93a3812 (Data {pct : 90, mode : file})
10-02 14:55:57.332 19752 19752 D WM-SystemFgDispatcher: Notifying with (id:8468, workSpecId: c7957083-2284-40f4-96b7-bb6ed93a3812, notificationType :1)
10-02 14:55:57.333 19752 19752 I NotificationManager: com.negi.survey.local: notify(8468, null, Notification(channel=uploads shortcut=null contentView=null vibrate=null sound=null defaults=0 flags=ONGOING_EVENT|ONLY_ALERT_ONCE color=0x00000000 category=progress vis=PRIVATE semFlags=0x0 semPriority=0 semMissedCount=0 semScenarioType=0)) as user
10-02 14:55:57.335 19752 19908 I WM-Processor: Moving WorkSpec (c7957083-2284-40f4-96b7-bb6ed93a3812) to the foreground
10-02 14:55:57.342 19752 19752 D WM-SystemFgDispatcher: Notifying with (id:8468, workSpecId: c7957083-2284-40f4-96b7-bb6ed93a3812, notificationType :1)
10-02 14:55:57.342 19752 19752 I NotificationManager: com.negi.survey.local: notify(8468, null, Notification(channel=uploads shortcut=null contentView=null vibrate=null sound=null defaults=0 flags=ONGOING_EVENT|ONLY_ALERT_ONCE color=0x00000000 category=progress vis=PRIVATE semFlags=0x0 semPriority=0 semMissedCount=0 semScenarioType=0)) as user
10-02 14:55:57.389 19752 19907 D WM-WorkProgressUpdater: Updating progress for 911a0915-0bac-478d-9745-7e5d1d046392 (Data {pct : 59, mode : startup_runtime_logs})
10-02 14:55:57.400 19752 19907 I WM-Processor: Moving WorkSpec (911a0915-0bac-478d-9745-7e5d1d046392) to the foreground
10-02 14:55:57.402 19752 19907 D WM-WorkProgressUpdater: Updating progress for 01df81bc-63c7-4c72-a78a-f34de564e62c (Data {pct : 10, mode : file})
10-02 14:55:57.403 19752 19752 D WM-SystemFgDispatcher: Notifying with (id:4211, workSpecId: 911a0915-0bac-478d-9745-7e5d1d046392, notificationType :1)
10-02 14:55:57.403 19752 19752 I NotificationManager: com.negi.survey.local: notify(4211, null, Notification(channel=uploads shortcut=null contentView=null vibrate=null sound=null defaults=0 flags=ONGOING_EVENT|ONLY_ALERT_ONCE color=0x00000000 category=progress vis=PRIVATE semFlags=0x0 semPriority=0 semMissedCount=0 semScenarioType=0)) as user
10-02 14:55:57.404 19752 19907 D WM-WorkProgressUpdater: Updating progress for 911a0915-0bac-478d-9745-7e5d1d046392 (Data {pct : 95, mode : startup_runtime_logs})
10-02 14:55:57.408 19752 19907 I WM-Processor: Moving WorkSpec (01df81bc-63c7-4c72-a78a-f34de564e62c) to the foreground
10-02 14:55:57.410 19752 19907 I WM-Processor: Moving WorkSpec (911a0915-0bac-478d-9745-7e5d1d046392) to the foreground
10-02 14:55:57.412 19752 19752 D WM-SystemFgDispatcher: Notifying with (id:3392, workSpecId: 01df81bc-63c7-4c72-a78a-f34de564e62c, notificationType :1)
10-02 14:55:57.414 19752 19752 I NotificationManager: com.negi.survey.local: notify(3392, null, Notification(channel=uploads shortcut=null contentView=null vibrate=null sound=null defaults=0 flags=ONGOING_EVENT|ONLY_ALERT_ONCE color=0x00000000 category=progress vis=PRIVATE semFlags=0x0 semPriority=0 semMissedCount=0 semScenarioType=0)) as user
10-02 14:55:57.416 19752 19907 D WM-WorkProgressUpdater: Updating progress for 01df81bc-63c7-4c72-a78a-f34de564e62c (Data {pct : 23, mode : file})
10-02 14:55:57.420 19752 19944 D github_upload: doRingLogsUpload: remoteBaseDir=diagnostics/applog_ring/2026-10-02/applog_ring_startup_ring_20261002_195556_a677bc6a_app_start segs=1 bytes=848 source=/data/user/0/com.negi.survey.local/files/diagnostics/applog_ring snapshot=/data/user/0/com.negi.survey.local/cache/diagnostics_ring_upload/startup_ring_20261002_195556_a677bc6a
10-02 14:55:57.422 19752 19944 D GitHubUploader: uploadStream: owner=ishizuki-tech repo=SurveyExports branch=main path=diagnostics/applog_ring/2026-10-02/applog_ring_startup_ring_20261002_195556_a677bc6a_app_start/seg_00.log size=848 maxRawBytesHint=1000000 maxRequestBytesHint=2800000
10-02 14:55:57.424 19752 19752 D WM-SystemFgDispatcher: Notifying with (id:4211, workSpecId: 911a0915-0bac-478d-9745-7e5d1d046392, notificationType :1)
10-02 14:55:57.425 19752 19752 I NotificationManager: com.negi.survey.local: notify(4211, null, Notification(channel=uploads shortcut=null contentView=null vibrate=null sound=null defaults=0 flags=ONGOING_EVENT|ONLY_ALERT_ONCE color=0x00000000 category=progress vis=PRIVATE semFlags=0x0 semPriority=0 semMissedCount=0 semScenarioType=0)) as user
10-02 14:55:57.428 19752 19907 I WM-Processor: Moving WorkSpec (01df81bc-63c7-4c72-a78a-f34de564e62c) to the foreground
10-02 14:55:57.435 19752 19907 D WM-WorkProgressUpdater: Updating progress for 01df81bc-63c7-4c72-a78a-f34de564e62c (Data {pct : 37, mode : file})
10-02 14:55:57.438 19752 19752 D WM-SystemFgDispatcher: Notifying with (id:3392, workSpecId: 01df81bc-63c7-4c72-a78a-f34de564e62c, notificationType :1)
10-02 14:55:57.438 19752 19752 I NotificationManager: com.negi.survey.local: notify(3392, null, Notification(channel=uploads shortcut=null contentView=null vibrate=null sound=null defaults=0 flags=ONGOING_EVENT|ONLY_ALERT_ONCE color=0x00000000 category=progress vis=PRIVATE semFlags=0x0 semPriority=0 semMissedCount=0 semScenarioType=0)) as user
10-02 14:55:57.441 19752 19907 I WM-Processor: Moving WorkSpec (01df81bc-63c7-4c72-a78a-f34de564e62c) to the foreground
10-02 14:55:57.444 19752 19907 D WM-WorkProgressUpdater: Updating progress for 01df81bc-63c7-4c72-a78a-f34de564e62c (Data {pct : 51, mode : file})
10-02 14:55:57.449 19752 19752 D WM-SystemFgDispatcher: Notifying with (id:3392, workSpecId: 01df81bc-63c7-4c72-a78a-f34de564e62c, notificationType :1)
10-02 14:55:57.449 19752 19907 I WM-Processor: Moving WorkSpec (01df81bc-63c7-4c72-a78a-f34de564e62c) to the foreground
10-02 14:55:57.449 19752 19752 I NotificationManager: com.negi.survey.local: notify(3392, null, Notification(channel=uploads shortcut=null contentView=null vibrate=null sound=null defaults=0 flags=ONGOING_EVENT|ONLY_ALERT_ONCE color=0x00000000 category=progress vis=PRIVATE semFlags=0x0 semPriority=0 semMissedCount=0 semScenarioType=0)) as user
10-02 14:55:57.451 19752 19907 D WM-WorkProgressUpdater: Updating progress for 01df81bc-63c7-4c72-a78a-f34de564e62c (Data {pct : 64, mode : file})
10-02 14:55:57.456 19752 19907 I WM-Processor: Moving WorkSpec (01df81bc-63c7-4c72-a78a-f34de564e62c) to the foreground
10-02 14:55:57.459 19752 19752 D WM-SystemFgDispatcher: Notifying with (id:3392, workSpecId: 01df81bc-63c7-4c72-a78a-f34de564e62c, notificationType :1)
10-02 14:55:57.459 19752 19752 I NotificationManager: com.negi.survey.local: notify(3392, null, Notification(channel=uploads shortcut=null contentView=null vibrate=null sound=null defaults=0 flags=ONGOING_EVENT|ONLY_ALERT_ONCE color=0x00000000 category=progress vis=PRIVATE semFlags=0x0 semPriority=0 semMissedCount=0 semScenarioType=0)) as user
10-02 14:55:57.460 19752 19907 D WM-WorkProgressUpdater: Updating progress for 01df81bc-63c7-4c72-a78a-f34de564e62c (Data {pct : 78, mode : file})
10-02 14:55:57.467 19752 19752 D WM-SystemFgDispatcher: Notifying with (id:3392, workSpecId: 01df81bc-63c7-4c72-a78a-f34de564e62c, notificationType :1)
10-02 14:55:57.467 19752 19752 I NotificationManager: com.negi.survey.local: notify(3392, null, Notification(channel=uploads shortcut=null contentView=null vibrate=null sound=null defaults=0 flags=ONGOING_EVENT|ONLY_ALERT_ONCE color=0x00000000 category=progress vis=PRIVATE semFlags=0x0 semPriority=0 semMissedCount=0 semScenarioType=0)) as user
10-02 14:55:57.469 19752 19907 I WM-Processor: Moving WorkSpec (01df81bc-63c7-4c72-a78a-f34de564e62c) to the foreground
10-02 14:55:57.471 19752 19907 D WM-WorkProgressUpdater: Updating progress for 01df81bc-63c7-4c72-a78a-f34de564e62c (Data {pct : 90, mode : file})
10-02 14:55:57.472 19752 19752 D WM-SystemFgDispatcher: Notifying with (id:3392, workSpecId: 01df81bc-63c7-4c72-a78a-f34de564e62c, notificationType :1)
10-02 14:55:57.473 19752 19752 I NotificationManager: com.negi.survey.local: notify(3392, null, Notification(channel=uploads shortcut=null contentView=null vibrate=null sound=null defaults=0 flags=ONGOING_EVENT|ONLY_ALERT_ONCE color=0x00000000 category=progress vis=PRIVATE semFlags=0x0 semPriority=0 semMissedCount=0 semScenarioType=0)) as user
10-02 14:55:57.478 19752 19907 I WM-Processor: Moving WorkSpec (01df81bc-63c7-4c72-a78a-f34de564e62c) to the foreground
10-02 14:55:57.482 19752 19907 D WM-WorkProgressUpdater: Updating progress for e547880b-ce21-4030-9b8b-e2ae3391f5c9 (Data {pct : 10, mode : startup_ring_logs})
10-02 14:55:57.482 19752 19752 D WM-SystemFgDispatcher: Notifying with (id:3392, workSpecId: 01df81bc-63c7-4c72-a78a-f34de564e62c, notificationType :1)
10-02 14:55:57.482 19752 19752 I NotificationManager: com.negi.survey.local: notify(3392, null, Notification(channel=uploads shortcut=null contentView=null vibrate=null sound=null defaults=0 flags=ONGOING_EVENT|ONLY_ALERT_ONCE color=0x00000000 category=progress vis=PRIVATE semFlags=0x0 semPriority=0 semMissedCount=0 semScenarioType=0)) as user
10-02 14:55:57.486 19752 19907 I WM-Processor: Moving WorkSpec (e547880b-ce21-4030-9b8b-e2ae3391f5c9) to the foreground
10-02 14:55:57.491 19752 19752 D WM-SystemFgDispatcher: Notifying with (id:5844, workSpecId: e547880b-ce21-4030-9b8b-e2ae3391f5c9, notificationType :1)
10-02 14:55:57.492 19752 19752 I NotificationManager: com.negi.survey.local: notify(5844, null, Notification(channel=uploads shortcut=null contentView=null vibrate=null sound=null defaults=0 flags=ONGOING_EVENT|ONLY_ALERT_ONCE color=0x00000000 category=progress vis=PRIVATE semFlags=0x0 semPriority=0 semMissedCount=0 semScenarioType=0)) as user
10-02 14:55:57.623 19752 19910 D WM-WorkProgressUpdater: Updating progress for e547880b-ce21-4030-9b8b-e2ae3391f5c9 (Data {pct : 19, mode : startup_ring_logs})
10-02 14:55:57.638 19752 19910 I WM-Processor: Moving WorkSpec (e547880b-ce21-4030-9b8b-e2ae3391f5c9) to the foreground
10-02 14:55:57.641 19752 19910 D WM-WorkProgressUpdater: Updating progress for e547880b-ce21-4030-9b8b-e2ae3391f5c9 (Data {pct : 91, mode : startup_ring_logs})
10-02 14:55:57.641 19752 19752 D WM-SystemFgDispatcher: Notifying with (id:5844, workSpecId: e547880b-ce21-4030-9b8b-e2ae3391f5c9, notificationType :1)
10-02 14:55:57.642 19752 19752 I NotificationManager: com.negi.survey.local: notify(5844, null, Notification(channel=uploads shortcut=null contentView=null vibrate=null sound=null defaults=0 flags=ONGOING_EVENT|ONLY_ALERT_ONCE color=0x00000000 category=progress vis=PRIVATE semFlags=0x0 semPriority=0 semMissedCount=0 semScenarioType=0)) as user
10-02 14:55:57.654 19752 19910 I WM-Processor: Moving WorkSpec (e547880b-ce21-4030-9b8b-e2ae3391f5c9) to the foreground
10-02 14:55:57.656 19752 19752 D WM-SystemFgDispatcher: Notifying with (id:5844, workSpecId: e547880b-ce21-4030-9b8b-e2ae3391f5c9, notificationType :1)
10-02 14:55:57.657 19752 19752 W NotificationManager: Shedding notify (update) of NotificationKey[user=UserHandle{0}, pkg=com.negi.survey.local, tag=null, id=5844], rate limit (5.0) exceeded: input 8.127453, output would be 5.6961617
10-02 14:55:58.609 19752 19907 D WM-WorkProgressUpdater: Updating progress for 911a0915-0bac-478d-9745-7e5d1d046392 (Data {pct : 97, mode : startup_runtime_logs})
10-02 14:55:58.611 19752 19902 D GitHubUploader: uploadStream: done url=https://github.com/ishizuki-tech/SurveyExports/blob/main/diagnostics/runtime_logs/2026-10-02/runtime_logs_startup_runtime_20261002_195554_667f4d3a_receiver_my_package_repl/runtime_log_20261002_195555_643_pid19752_receiver_my_package_repl__rtlog_20261002_194931_098_pid18500_seq1.log sha=72b76477efd1303f9828050d416be3c3c459ee83
10-02 14:55:58.619 19752 19907 I WM-Processor: Moving WorkSpec (911a0915-0bac-478d-9745-7e5d1d046392) to the foreground
10-02 14:55:58.622 19752 19752 D WM-SystemFgDispatcher: Notifying with (id:4211, workSpecId: 911a0915-0bac-478d-9745-7e5d1d046392, notificationType :1)
10-02 14:55:58.623 19752 19752 I NotificationManager: com.negi.survey.local: notify(4211, null, Notification(channel=uploads shortcut=null contentView=null vibrate=null sound=null defaults=0 flags=ONGOING_EVENT|ONLY_ALERT_ONCE color=0x00000000 category=progress vis=PRIVATE semFlags=0x0 semPriority=0 semMissedCount=0 semScenarioType=0)) as user
10-02 14:55:58.626 19752 19902 D RuntimeLogStore: deleteRolledLogFiles: deleted=1 excludeActive=true active=rtlog_20261002_195555_635_pid19752_seq2.log
10-02 14:55:58.630 19752 19910 I WM-Processor: Moving WorkSpec (911a0915-0bac-478d-9745-7e5d1d046392) to the foreground
10-02 14:55:58.634 19752 19752 D WM-SystemFgDispatcher: Notifying with (id:4211, workSpecId: 911a0915-0bac-478d-9745-7e5d1d046392, notificationType :1)
10-02 14:55:58.634 19752 19752 I NotificationManager: com.negi.survey.local: notify(4211, null, Notification(channel=uploads shortcut=null contentView=null vibrate=null sound=null defaults=0 flags=ONLY_ALERT_ONCE color=0x00000000 category=progress vis=PRIVATE semFlags=0x0 semPriority=0 semMissedCount=0 semScenarioType=0)) as user
10-02 14:55:58.638 19752 19910 I WM-WorkerWrapper: Worker result SUCCESS for Work [ id=911a0915-0bac-478d-9745-7e5d1d046392, tags={ com.negi.survey.net.GitHubUploadWorker,github_upload,github_upload:startup_runtime_logs } ]
10-02 14:55:58.646 19752 19752 D WM-Processor: Processor 911a0915-0bac-478d-9745-7e5d1d046392 executed; reschedule = false
10-02 14:55:58.646 19752 19752 D WM-GreedyScheduler: Stopping tracking for WorkGenerationalId(workSpecId=911a0915-0bac-478d-9745-7e5d1d046392, generation=0)
10-02 14:55:58.648 19752 19752 D WM-SystemJobService: 911a0915-0bac-478d-9745-7e5d1d046392 executed on JobScheduler
10-02 14:55:58.652 19752 19752 D WM-SystemFgDispatcher: Removing Notification (id: 4211, workSpecId: WorkGenerationalId(workSpecId=911a0915-0bac-478d-9745-7e5d1d046392, generation=0), notificationType: 1
10-02 14:55:58.654 19752 19910 D WM-GreedyScheduler: Cancelling work ID 911a0915-0bac-478d-9745-7e5d1d046392
10-02 14:55:58.657 19752 19752 D WM-SystemJobService: onStopJob for WorkGenerationalId(workSpecId=911a0915-0bac-478d-9745-7e5d1d046392, generation=0)
10-02 14:55:59.207 19752 19752 D ActivityThread: com.negi.survey.local will use render engine as VK
10-02 14:55:59.208 19752 19752 D HWUI    : HWUI - treat SMPTE_170M as sRGB
10-02 14:55:59.209 19752 19969 I DisplayManager: Choreographer implicitly registered for the refresh rate.
10-02 14:55:59.217 19752 19969 D HWUI    : CacheManager constructor. deviceInfo=(1080, 1920)
10-02 14:55:59.218 19752 19969 D vulkan  : searching for layers in '/data/app/~~hI5k79Z5_HoUW1KypCISBw==/com.negi.survey.local-pLPE6CNwwl5c2Td-MUyaqQ==/lib/arm64'
10-02 14:55:59.218 19752 19969 D vulkan  : searching for layers in '/data/app/~~hI5k79Z5_HoUW1KypCISBw==/com.negi.survey.local-pLPE6CNwwl5c2Td-MUyaqQ==/base.apk!/lib/arm64-v8a'
10-02 14:55:59.218 19752 19969 V XGL     : ----------------------------------------------------------------------
10-02 14:55:59.218 19752 19969 V XGL     : SUMD version compiled date     = 2026-01-09 09:57 - KST
10-02 14:55:59.218 19752 19969 V XGL     : SUMD version revision number   = 1900168dcb
10-02 14:55:59.218 19752 19969 V XGL     : SUMD version info              = Driver version: 24.0.534, git hash: 1900168dcb
10-02 14:55:59.218 19752 19969 V XGL     : ----------------------------------------------------------------------
10-02 14:55:59.218 19752 19969 V XGL     : Entering: Create
10-02 14:55:59.222 19752 19752 D DesktopExperienceFlags: Toggle override initialized to: false
10-02 14:55:59.229 19752 19969 V XGL     : Exiting: Create
10-02 14:55:59.232 19752 19752 D CompatChangeReporter: Compat change id reported: 377864165; UID 10052; state: ENABLED
10-02 14:55:59.232 19752 19752 D DesktopModeFlags: Toggle override initialized to: OVERRIDE_UNSET
10-02 14:55:59.234 19752 19752 I DecorView: setWindowBackground: isPopOver=false color=fffafafa d=android.graphics.drawable.ColorDrawable@c45318e
10-02 14:55:59.235 19752 19752 D PhoneWindow: forceLight changed to false [] from com.android.internal.policy.PhoneWindow.updateForceLightNavigationBar:663 com.android.internal.policy.PhoneWindow.setNavigationBarColor:4435 androidx.activity.EdgeToEdgeApi35.setUp:353 androidx.activity.EdgeToEdge.enableEdgeToEdge$lambda$1:101 androidx.activity.EdgeToEdge$$ExternalSyntheticLambda0.run:0 
10-02 14:55:59.244 19752 19752 D CrashCapture: install: ensured default handler. where=selfHeal:onActivityResumed pid=19752 default=com.negi.survey.CrashCapture$CrashHandler@4728335
10-02 14:55:59.249 19752 19752 D ViewRootImpl: desktopMode is false
10-02 14:55:59.250 19752 19752 I ViewRootImpl: dVRR is disabled
10-02 14:55:59.250 19752 19752 D HardwareRenderer: onDisplayChanged. displayId=0 current wxh=1080x2340 mLargest wxh=0x0
10-02 14:55:59.250 19752 19752 D HardwareRenderer: Set largestWidth and largestHeight as logical resolution. (1080x2340)
10-02 14:55:59.250 19752 19969 D HWUI    : setMaxSurfaceArea requested wxh=(1080,2340) requestedSurfaceArea(2527200) mMaxSurfaceArea(2073600)
10-02 14:55:59.250 19752 19969 D NativeCustomFrequencyManager: [NativeCFMS] BpCustomFrequencyManager::BpCustomFrequencyManager()
10-02 14:55:59.251 19752 19977 I gi.survey.local: [HIDL_FETCH_IMapper] android.hardware.graphics.mapper@4.0: Loaded Mapper successfully.
10-02 14:55:59.253 19752 19752 D InputTransport: Input channel constructed: '3ba92b7', fd=134
10-02 14:55:59.254 19752 19752 I InsetsController: onStateChanged: host=com.negi.survey.local/com.negi.survey.MainActivity, from=android.view.ViewRootImpl.onInsetsStateChanged:3038, state=InsetsState: {mDisplayFrame=Rect(0, 0 - 1080, 2340), mDisplayCutout=DisplayCutout{insets=Rect(0, 82 - 0, 0) waterfall=Insets{left=0, top=0, right=0, bottom=0} boundingRect={Bounds=[Rect(0, 0 - 0, 0), Rect(511, 24 - 569, 82), Rect(0, 0 - 0, 0), Rect(0, 0 - 0, 0)]} cutoutPathParserInfo={CutoutPathParserInfo{displayWidth=1080 displayHeight=2340 physicalDisplayWidth=1080 physicalDisplayHeight=2340 density={2.8125} cutoutSpec={M 0,0 M 0, 8.533333333333333 a 10.31111111111111,10.31111111111111 0 1,0 0,20.62222222222222 a 10.31111111111111,10.31111111111111 0 1,0 0,-20.62222222222222 Z @dp} rotation={0} scale={1.0} physicalPixelDisplaySizeRatio={1.0}}} sideOverrides={}}, mRoundedCorners=RoundedCorners{[RoundedCorner{position=TopLeft, radius=113, center=Point(113, 113)}, RoundedCorner{position=TopRight, radius=113, center=Point(967, 113)}, RoundedCorner{position=BottomRight, radius=113, center=Point(967, 2227)}, RoundedCorner{position=BottomLeft, radius=113, center=Point(113, 2227)}]}  mRoundedCornerFrame=Rect(0, 0 - 1080, 2340), mPrivacyIndicatorBounds=PrivacyIndicatorBounds {static bounds=Rect(956, 0 - 1080, 97) rotation=0}, mDisplayShape=DisplayShape{ spec=-311912193 displayWidth=1080 displayHeight=2340 physicalPixelDisplaySizeRatio=1.0 rotation=0 offsetX=0 offsetY=0 scale=1.0}, mSources= { InsetsSource: {d29a0000 mType=statusBars mFrame=[0,0][1080,97] mAttachedInsets=null mVisible=true mFlags= mSideHint=TOP mBoundingRects=null}, InsetsSource: {d29a0005 mType=mandatorySystemGestures mFrame=[0,0][1080,116] mAttachedInsets=null mVisible=true mFlags= mSideHint=TOP mBoundingRects=null}, InsetsSource: {d29a0006 mType=tappableElement mFrame=[0,0][1080,97] mAttachedInsets=null mVisible=true mFlags= mSideHint=TOP mBoundingRects=null}, InsetsSource: {3 mType=ime mFrame=[0,0][0,0] mAttachedInsets=null mVisible=false mFlags=INVALID mSideHint=NONE mBoundingRects=null}, InsetsSource: {27 mType=displayCutout mFrame=[0,0][1080,82] mAttachedInsets=null mVisible=true mFlags= mSideHint=TOP mBoundingRects=null}, InsetsSource: {4b5d0001 mType=navigationBars mFrame=[0,2205][1080,2340] mAttachedInsets=null mVisible=true mFlags= mSideHint=BOTTOM mBoundingRects=null}, InsetsSource: {4b5d0004 mType=systemGestures mFrame=[0,0][0,0] mAttachedInsets=null mVisible=true mFlags= mSideHint=NONE mBoundingRects=null}, InsetsSource: {4b5d0005 mType=mandatorySystemGestures mFrame=[0,2205][1080,2340] mAttachedInsets=null mVisible=true mFlags= mSideHint=BOTTOM mBoundingRects=null}, InsetsSource: {4b5d0006 mType=tappableElement mFrame=[0,2205][1080,2340] mAttachedInsets=null mVisible=true mFlags= mSideHint=BOTTOM mBoundingRects=null}, InsetsSource: {4b5d0024 mType=systemGestures mFrame=[0,0][0,0] mAttachedInsets=null mVisible=true mFlags= mSideHint=NONE mBoundingRects=null} }
10-02 14:55:59.255 19752 19752 I VRI[MainActivity]@ba2ccdd: synced displayState. AttachInfo displayState=2
10-02 14:55:59.255 19752 19752 I VRI[MainActivity]@ba2ccdd: setView = com.android.internal.policy.DecorView@a080a4c IsHRR=false mFlingFrameRateChange=0 TM=true
10-02 14:55:59.255 19752 19752 I IDS_TAG : Clearing training data of com.negi.survey.SurveyApp@e463f60
10-02 14:55:59.255 19752 19752 I IDS_TAG : Starting IDS observe window
10-02 14:55:59.255 19752 19752 I IDS_TAG : Getting Shared Preference for com.negi.survey.SurveyApp@e463f60 uid = 10052
10-02 14:55:59.256 19752 19752 I IDS_TAG : App com.negi.survey.SurveyApp@e463f60 has not finished training
10-02 14:55:59.256 19752 19969 D HWUI    : HWUI - treat SMPTE_170M as sRGB
10-02 14:55:59.256 19752 19752 I IDS_TAG : Closing IDS observe window
10-02 14:55:59.256 19752 19752 I IDS_TAG : Getting Shared Preference for com.negi.survey.SurveyApp@e463f60 uid = 10052
10-02 14:55:59.256 19752 19752 I IDS_TAG : IDS count updated to 1 for com.negi.survey.SurveyApp@e463f60
10-02 14:55:59.257 19752 19752 D WindowOnBackDispatcher: setTopOnBackInvokedCallback (unwrapped): android.app.Activity$$ExternalSyntheticLambda0@b57ba95
10-02 14:55:59.340 19752 19906 I gi.survey.local: hiddenapi: Accessing hidden method Landroid/database/sqlite/SQLiteDatabase;->getThreadSession()Landroid/database/sqlite/SQLiteSession; (runtime_flags=0, domain=platform, api=unsupported) from Landroidx/sqlite/db/framework/FrameworkSQLiteDatabase; (domain=app, TargetSdkVersion=36) using reflection: allowed
10-02 14:55:59.340 19752 19906 I gi.survey.local: hiddenapi: Accessing hidden method Landroid/database/sqlite/SQLiteSession;->beginTransaction(ILandroid/database/sqlite/SQLiteTransactionListener;ILandroid/os/CancellationSignal;)V (runtime_flags=0, domain=platform, api=unsupported) from Landroidx/sqlite/db/framework/FrameworkSQLiteDatabase; (domain=app, TargetSdkVersion=36) using reflection: allowed
10-02 14:55:59.382 19752 19752 D VRI[MainActivity]@ba2ccdd: WindowInsets changed: 1080x2340 statusBars:[0,97,0,0] navigationBars:[0,0,0,135] mandatorySystemGestures:[0,116,0,135] 
10-02 14:55:59.391 19752 19752 I HWUI    : Using FreeType backend (prop=Auto)
10-02 14:55:59.396 19752 19836 I gi.survey.local: Compiler allocated 5223KB to compile void android.view.ViewRootImpl.performTraversals()
10-02 14:55:59.414 19752 19752 W libc    : Access denied finding property "vendor.perf.ems.egg"
10-02 14:55:59.414 19752 19752 I BLASTBufferQueue_Java: new BLASTBufferQueue, mName= VRI[MainActivity]@ba2ccdd mNativeObject= 0xb400007c57f142d0 caller= android.view.ViewRootImpl.updateBlastSurfaceIfNeeded:3603 android.view.ViewRootImpl.relayoutWindow:11813 android.view.ViewRootImpl.performTraversals:4840 android.view.ViewRootImpl.doTraversal:3959 android.view.ViewRootImpl$TraversalRunnable.run:13034 android.view.Choreographer$CallbackRecord.run:1961 android.view.Choreographer$CallbackRecord.run:1970 android.view.Choreographer.doCallbacks:1423 android.view.Choreographer.doFrame:1348 android.view.Choreographer$FrameDisplayEventReceiver.run:1930 
10-02 14:55:59.414 19752 19752 I BLASTBufferQueue_Java: update, w= 1080 h= 2340 mName = VRI[MainActivity]@ba2ccdd mNativeObject= 0xb400007c57f142d0 sc.mNativeObject= 0xb400007ba7ee7d10 format= -1 caller= android.view.ViewRootImpl.updateBlastSurfaceIfNeeded:3608 android.view.ViewRootImpl.relayoutWindow:11813 android.view.ViewRootImpl.performTraversals:4840 android.view.ViewRootImpl.doTraversal:3959 android.view.ViewRootImpl$TraversalRunnable.run:13034 android.view.Choreographer$CallbackRecord.run:1961 
10-02 14:55:59.414 19752 19752 W libc    : Access denied finding property "vendor.perf.ems.egg"
10-02 14:55:59.415 19752 19752 I VRI[MainActivity]@ba2ccdd: Relayout returned: old=(0,0,1080,2340) new=(0,0,1080,2340) relayoutAsync=false req=(1080,2340)0 dur=4 res=0x3 s={true 0xb400007b97f0de20} ch=true seqId=0
10-02 14:55:59.415 19752 19752 I VRI[MainActivity]@ba2ccdd: performConfigurationChange setNightDimText nightDimLevel=0
10-02 14:55:59.416 19752 19752 D VRI[MainActivity]@ba2ccdd: mThreadedRenderer.initialize() mSurface={isValid=true 0xb400007b97f0de20} hwInitialized=true
10-02 14:55:59.428 19752 19752 D VRI[MainActivity]@ba2ccdd: reportNextDraw android.view.ViewRootImpl.performTraversals:5507 android.view.ViewRootImpl.doTraversal:3959 android.view.ViewRootImpl$TraversalRunnable.run:13034 android.view.Choreographer$CallbackRecord.run:1961 android.view.Choreographer$CallbackRecord.run:1970 
10-02 14:55:59.428 19752 19752 D VRI[MainActivity]@ba2ccdd: Setup new sync=wmsSync-VRI[MainActivity]@ba2ccdd#0
10-02 14:55:59.428 19752 19752 I VRI[MainActivity]@ba2ccdd: Creating new active sync group VRI[MainActivity]@ba2ccdd#1
10-02 14:55:59.429 19752 19752 D VRI[MainActivity]@ba2ccdd: registerCallbacksForSync syncBuffer=false
10-02 14:55:59.435 19752 19752 I View    : setRequestedFrameRate frameRate=-4.0, this=android.view.View{fcdbddb V.ED..... ......I. 0,0-0,0}, caller=androidx.compose.ui.platform.Api35Impl.setRequestedFrameRate:4047 androidx.compose.ui.platform.AndroidComposeView.dispatchDraw:2282 android.view.View.draw:26758 android.view.View.updateDisplayListIfDirty:25577 android.view.View.draw:26477 
10-02 14:55:59.436 19752 19978 D VRI[MainActivity]@ba2ccdd: Received frameDrawingCallback syncResult=0 frameNum=1.
10-02 14:55:59.436 19752 19978 I VRI[MainActivity]@ba2ccdd: mWNT: t=0xb400007b77f14880 mBlastBufferQueue=0xb400007c57f142d0 fn= 1 HdrRenderState mRenderHdrSdrRatio=1.0 caller= android.view.ViewRootImpl$12.onFrameDraw:15561 android.view.ThreadedRenderer$1.onFrameDraw:751 <bottom of call stack> 
10-02 14:55:59.436 19752 19978 I VRI[MainActivity]@ba2ccdd: Setting up sync and frameCommitCallback
10-02 14:55:59.449 19752 19969 I BLASTBufferQueue: [VRI[MainActivity]@ba2ccdd#0](f:0,a:0,s:0) onFrameAvailable the first frame is available
10-02 14:55:59.449 19752 19969 I VRI[MainActivity]@ba2ccdd: Received frameCommittedCallback lastAttemptedDrawFrameNum=1 didProduceBuffer=true
10-02 14:55:59.450 19752 19969 D HWUI    : CFMS:: SetUp Pid : 19752    Tid : 19969
10-02 14:55:59.450 19752 19752 D VRI[MainActivity]@ba2ccdd: reportDrawFinished seqId=0
10-02 14:55:59.451 19752 19752 I gi.survey.local: hiddenapi: Accessing hidden method Landroid/os/SystemProperties;->addChangeCallback(Ljava/lang/Runnable;)V (runtime_flags=0, domain=platform, api=unsupported) from Landroidx/compose/ui/platform/AndroidComposeView$Companion; (domain=app, TargetSdkVersion=36) using reflection: allowed
10-02 14:55:59.455 19752 19752 I InsetsSourceConsumer: applyRequestedVisibilityToControl: visible=true, type=navigationBars, host=com.negi.survey.local/com.negi.survey.MainActivity
10-02 14:55:59.455 19752 19752 I InsetsSourceConsumer: applyRequestedVisibilityToControl: visible=true, type=statusBars, host=com.negi.survey.local/com.negi.survey.MainActivity
10-02 14:55:59.461 19752 19752 I View    : setRequestedFrameRate frameRate=NaN, this=android.view.View{fcdbddb V.ED..... ........ 0,0-0,0}, caller=androidx.compose.ui.platform.Api35Impl.setRequestedFrameRate:4047 androidx.compose.ui.platform.AndroidComposeView.dispatchDraw:2282 android.view.View.draw:26758 android.view.View.updateDisplayListIfDirty:25577 android.view.ViewGroup.recreateChildDisplayList:4881 
10-02 14:55:59.472 19752 19752 D VRI[MainActivity]@ba2ccdd: mThreadedRenderer.initializeIfNeeded()#2 mSurface={isValid=true 0xb400007b97f0de20}
10-02 14:55:59.472 19752 19752 D InputMethodManagerUtils: startInputInner - Id : 0
10-02 14:55:59.472 19752 19752 I InputMethodManager: startInputInner - IInputMethodManagerGlobalInvoker.startInputOrWindowGainedFocus
10-02 14:55:59.474 19752 19752 D InsetsController: hide(ime())
10-02 14:55:59.474 19752 19752 I ImeTracker: com.negi.survey.local:60423757: onCancelled at PHASE_CLIENT_ALREADY_HIDDEN
10-02 14:55:59.479 19752 19984 D InputTransport: Input channel constructed: 'ClientS', fd=155
10-02 14:55:59.645 19752 19908 D WM-WorkProgressUpdater: Updating progress for 01df81bc-63c7-4c72-a78a-f34de564e62c (Data {pct : 23, mode : file})
10-02 14:55:59.649 19752 19908 I WM-Processor: Moving WorkSpec (01df81bc-63c7-4c72-a78a-f34de564e62c) to the foreground
10-02 14:55:59.651 19752 19908 D WM-WorkProgressUpdater: Updating progress for 01df81bc-63c7-4c72-a78a-f34de564e62c (Data {pct : 37, mode : file})
10-02 14:55:59.653 19752 19752 D IntroScreen: Resolved config details: id=survey_config10.yaml in 201ms
10-02 14:55:59.653 19752 19908 I WM-Processor: Moving WorkSpec (01df81bc-63c7-4c72-a78a-f34de564e62c) to the foreground
10-02 14:55:59.653 19752 19752 D WM-SystemFgDispatcher: Notifying with (id:3392, workSpecId: 01df81bc-63c7-4c72-a78a-f34de564e62c, notificationType :1)
10-02 14:55:59.654 19752 19752 I NotificationManager: com.negi.survey.local: notify(3392, null, Notification(channel=uploads shortcut=null contentView=null vibrate=null sound=null defaults=0 flags=ONGOING_EVENT|ONLY_ALERT_ONCE color=0x00000000 category=progress vis=PRIVATE semFlags=0x0 semPriority=0 semMissedCount=0 semScenarioType=0)) as user
10-02 14:55:59.654 19752 19908 D WM-WorkProgressUpdater: Updating progress for 01df81bc-63c7-4c72-a78a-f34de564e62c (Data {pct : 51, mode : file})
10-02 14:55:59.655 19752 19752 D WM-SystemFgDispatcher: Notifying with (id:3392, workSpecId: 01df81bc-63c7-4c72-a78a-f34de564e62c, notificationType :1)
10-02 14:55:59.655 19752 19752 I NotificationManager: com.negi.survey.local: notify(3392, null, Notification(channel=uploads shortcut=null contentView=null vibrate=null sound=null defaults=0 flags=ONGOING_EVENT|ONLY_ALERT_ONCE color=0x00000000 category=progress vis=PRIVATE semFlags=0x0 semPriority=0 semMissedCount=0 semScenarioType=0)) as user
10-02 14:55:59.657 19752 19908 I WM-Processor: Moving WorkSpec (01df81bc-63c7-4c72-a78a-f34de564e62c) to the foreground
10-02 14:55:59.658 19752 19752 D WM-SystemFgDispatcher: Notifying with (id:3392, workSpecId: 01df81bc-63c7-4c72-a78a-f34de564e62c, notificationType :1)
10-02 14:55:59.658 19752 19908 D WM-WorkProgressUpdater: Updating progress for 01df81bc-63c7-4c72-a78a-f34de564e62c (Data {pct : 64, mode : file})
10-02 14:55:59.658 19752 19752 I NotificationManager: com.negi.survey.local: notify(3392, null, Notification(channel=uploads shortcut=null contentView=null vibrate=null sound=null defaults=0 flags=ONGOING_EVENT|ONLY_ALERT_ONCE color=0x00000000 category=progress vis=PRIVATE semFlags=0x0 semPriority=0 semMissedCount=0 semScenarioType=0)) as user
10-02 14:55:59.661 19752 19908 I WM-Processor: Moving WorkSpec (01df81bc-63c7-4c72-a78a-f34de564e62c) to the foreground
10-02 14:55:59.662 19752 19908 D WM-WorkProgressUpdater: Updating progress for 01df81bc-63c7-4c72-a78a-f34de564e62c (Data {pct : 78, mode : file})
10-02 14:55:59.664 19752 19908 I WM-Processor: Moving WorkSpec (01df81bc-63c7-4c72-a78a-f34de564e62c) to the foreground
10-02 14:55:59.665 19752 19908 D WM-WorkProgressUpdater: Updating progress for 01df81bc-63c7-4c72-a78a-f34de564e62c (Data {pct : 90, mode : file})
10-02 14:55:59.667 19752 19908 I WM-Processor: Moving WorkSpec (01df81bc-63c7-4c72-a78a-f34de564e62c) to the foreground
10-02 14:55:59.680 19752 19752 I View    : setRequestedFrameRate frameRate=-4.0, this=android.view.View{fcdbddb V.ED..... ........ 0,0-0,0}, caller=androidx.compose.ui.platform.Api35Impl.setRequestedFrameRate:4047 androidx.compose.ui.platform.AndroidComposeView.dispatchDraw:2282 android.view.View.draw:26758 android.view.View.updateDisplayListIfDirty:25577 android.view.ViewGroup.recreateChildDisplayList:4881 
10-02 14:55:59.681 19752 19752 D WM-SystemFgDispatcher: Notifying with (id:3392, workSpecId: 01df81bc-63c7-4c72-a78a-f34de564e62c, notificationType :1)
10-02 14:55:59.682 19752 19752 I NotificationManager: com.negi.survey.local: notify(3392, null, Notification(channel=uploads shortcut=null contentView=null vibrate=null sound=null defaults=0 flags=ONGOING_EVENT|ONLY_ALERT_ONCE color=0x00000000 category=progress vis=PRIVATE semFlags=0x0 semPriority=0 semMissedCount=0 semScenarioType=0)) as user
10-02 14:55:59.684 19752 19752 D WM-SystemFgDispatcher: Notifying with (id:3392, workSpecId: 01df81bc-63c7-4c72-a78a-f34de564e62c, notificationType :1)
10-02 14:55:59.684 19752 19752 W NotificationManager: Shedding notify (update) of NotificationKey[user=UserHandle{0}, pkg=com.negi.survey.local, tag=null, id=3392], rate limit (5.0) exceeded: input 9.52522, output would be 6.304564
10-02 14:55:59.695 19752 19752 D WM-SystemFgDispatcher: Notifying with (id:3392, workSpecId: 01df81bc-63c7-4c72-a78a-f34de564e62c, notificationType :1)
10-02 14:55:59.718 19752 19997 D ProfileInstaller: Installing profile for com.negi.survey.local
10-02 14:56:00.001 19752 19752 I View    : setRequestedFrameRate frameRate=NaN, this=android.view.View{fcdbddb V.ED..... ........ 0,0-0,0}, caller=androidx.compose.ui.platform.Api35Impl.setRequestedFrameRate:4047 androidx.compose.ui.platform.AndroidComposeView.dispatchDraw:2282 android.view.View.draw:26758 android.view.View.updateDisplayListIfDirty:25577 android.view.ViewGroup.recreateChildDisplayList:4881 
10-02 14:56:00.014 19752 19752 I View    : setRequestedFrameRate frameRate=-4.0, this=android.view.View{fcdbddb V.ED..... ........ 0,0-0,0}, caller=androidx.compose.ui.platform.Api35Impl.setRequestedFrameRate:4047 androidx.compose.ui.platform.AndroidComposeView.dispatchDraw:2282 android.view.View.draw:26758 android.view.View.updateDisplayListIfDirty:25577 android.view.ViewGroup.recreateChildDisplayList:4881 
10-02 14:56:00.018 19752 19752 I View    : setRequestedFrameRate frameRate=NaN, this=android.view.View{fcdbddb V.ED..... ........ 0,0-0,0}, caller=androidx.compose.ui.platform.Api35Impl.setRequestedFrameRate:4047 androidx.compose.ui.platform.AndroidComposeView.dispatchDraw:2282 android.view.View.draw:26758 android.view.View.updateDisplayListIfDirty:25577 android.view.ViewGroup.recreateChildDisplayList:4881 
10-02 14:56:00.034 19752 19752 I View    : setRequestedFrameRate frameRate=-4.0, this=android.view.View{fcdbddb V.ED..... ........ 0,0-0,0}, caller=androidx.compose.ui.platform.Api35Impl.setRequestedFrameRate:4047 androidx.compose.ui.platform.AndroidComposeView.dispatchDraw:2282 android.view.View.draw:26758 android.view.View.updateDisplayListIfDirty:25577 android.view.ViewGroup.recreateChildDisplayList:4881 
10-02 14:56:00.036 19752 19752 I View    : setRequestedFrameRate frameRate=NaN, this=android.view.View{fcdbddb V.ED..... ........ 0,0-0,0}, caller=androidx.compose.ui.platform.Api35Impl.setRequestedFrameRate:4047 androidx.compose.ui.platform.AndroidComposeView.dispatchDraw:2282 android.view.View.draw:26758 android.view.View.updateDisplayListIfDirty:25577 android.view.ViewGroup.recreateChildDisplayList:4881 
10-02 14:56:00.073 19752 19752 I View    : setRequestedFrameRate frameRate=-4.0, this=android.view.View{fcdbddb V.ED..... ........ 0,0-0,0}, caller=androidx.compose.ui.platform.Api35Impl.setRequestedFrameRate:4047 androidx.compose.ui.platform.AndroidComposeView.dispatchDraw:2282 android.view.View.draw:26758 android.view.View.updateDisplayListIfDirty:25577 android.view.ViewGroup.recreateChildDisplayList:4881 
10-02 14:56:00.077 19752 19752 I View    : setRequestedFrameRate frameRate=NaN, this=android.view.View{fcdbddb V.ED..... ........ 0,0-0,0}, caller=androidx.compose.ui.platform.Api35Impl.setRequestedFrameRate:4047 androidx.compose.ui.platform.AndroidComposeView.dispatchDraw:2282 android.view.View.draw:26758 android.view.View.updateDisplayListIfDirty:25577 android.view.ViewGroup.recreateChildDisplayList:4881 
10-02 14:56:00.095 19752 19752 I View    : setRequestedFrameRate frameRate=-4.0, this=android.view.View{fcdbddb V.ED..... ........ 0,0-0,0}, caller=androidx.compose.ui.platform.Api35Impl.setRequestedFrameRate:4047 androidx.compose.ui.platform.AndroidComposeView.dispatchDraw:2282 android.view.View.draw:26758 android.view.View.updateDisplayListIfDirty:25577 android.view.ViewGroup.recreateChildDisplayList:4881 
10-02 14:56:00.099 19752 19752 I View    : setRequestedFrameRate frameRate=NaN, this=android.view.View{fcdbddb V.ED..... ........ 0,0-0,0}, caller=androidx.compose.ui.platform.Api35Impl.setRequestedFrameRate:4047 androidx.compose.ui.platform.AndroidComposeView.dispatchDraw:2282 android.view.View.draw:26758 android.view.View.updateDisplayListIfDirty:25577 android.view.ViewGroup.recreateChildDisplayList:4881 
10-02 14:56:00.855 19752 19910 D WM-WorkProgressUpdater: Updating progress for c7957083-2284-40f4-96b7-bb6ed93a3812 (Data {pct : 95, mode : file})
10-02 14:56:00.855 19752 19901 D GitHubUploader: uploadStream: done url=https://github.com/ishizuki-tech/SurveyExports/blob/main/diagnostics/crash/2026-10-02/ring_store/20261002_195556_pid19752_u682583/seg_00.log sha=d60948bb02adddfe29d0fa6926f92b94b33f264a
10-02 14:56:00.859 19752 19910 I WM-Processor: Moving WorkSpec (c7957083-2284-40f4-96b7-bb6ed93a3812) to the foreground
10-02 14:56:00.861 19752 19752 D WM-SystemFgDispatcher: Notifying with (id:8468, workSpecId: c7957083-2284-40f4-96b7-bb6ed93a3812, notificationType :1)
10-02 14:56:00.861 19752 19752 I NotificationManager: com.negi.survey.local: notify(8468, null, Notification(channel=uploads shortcut=null contentView=null vibrate=null sound=null defaults=0 flags=ONGOING_EVENT|ONLY_ALERT_ONCE color=0x00000000 category=progress vis=PRIVATE semFlags=0x0 semPriority=0 semMissedCount=0 semScenarioType=0)) as user
10-02 14:56:00.862 19752 19910 I WM-Processor: Moving WorkSpec (c7957083-2284-40f4-96b7-bb6ed93a3812) to the foreground
10-02 14:56:00.864 19752 19752 D WM-SystemFgDispatcher: Notifying with (id:8468, workSpecId: c7957083-2284-40f4-96b7-bb6ed93a3812, notificationType :1)
10-02 14:56:00.864 19752 19752 I NotificationManager: com.negi.survey.local: notify(8468, null, Notification(channel=uploads shortcut=null contentView=null vibrate=null sound=null defaults=0 flags=ONLY_ALERT_ONCE color=0x00000000 category=progress vis=PRIVATE semFlags=0x0 semPriority=0 semMissedCount=0 semScenarioType=0)) as user
10-02 14:56:00.865 19752 19910 I WM-WorkerWrapper: Worker result SUCCESS for Work [ id=c7957083-2284-40f4-96b7-bb6ed93a3812, tags={ com.negi.survey.net.GitHubUploadWorker,github_upload,github_upload:ring:diagnostics_crash_ring_store_20261002_195556_pid19752_u682583_seg_00.log_1d1c5c8c } ]
10-02 14:56:00.870 19752 19752 D WM-Processor: Processor c7957083-2284-40f4-96b7-bb6ed93a3812 executed; reschedule = false
10-02 14:56:00.871 19752 19752 D WM-GreedyScheduler: Stopping tracking for WorkGenerationalId(workSpecId=c7957083-2284-40f4-96b7-bb6ed93a3812, generation=0)
10-02 14:56:00.871 19752 19752 D WM-SystemJobService: c7957083-2284-40f4-96b7-bb6ed93a3812 executed on JobScheduler
10-02 14:56:00.872 19752 19752 D WM-SystemFgDispatcher: Removing Notification (id: 8468, workSpecId: WorkGenerationalId(workSpecId=c7957083-2284-40f4-96b7-bb6ed93a3812, generation=0), notificationType: 1
10-02 14:56:00.873 19752 19752 D WM-SystemJobService: onStopJob for WorkGenerationalId(workSpecId=c7957083-2284-40f4-96b7-bb6ed93a3812, generation=0)
10-02 14:56:00.875 19752 19906 D WM-GreedyScheduler: Cancelling work ID c7957083-2284-40f4-96b7-bb6ed93a3812
10-02 14:56:02.660 19752 19907 D WM-WorkProgressUpdater: Updating progress for 01df81bc-63c7-4c72-a78a-f34de564e62c (Data {pct : 23, mode : file})
10-02 14:56:02.678 19752 19907 I WM-Processor: Moving WorkSpec (01df81bc-63c7-4c72-a78a-f34de564e62c) to the foreground
10-02 14:56:02.685 19752 19907 D WM-WorkProgressUpdater: Updating progress for 01df81bc-63c7-4c72-a78a-f34de564e62c (Data {pct : 37, mode : file})
10-02 14:56:02.689 19752 19752 D WM-SystemFgDispatcher: Notifying with (id:3392, workSpecId: 01df81bc-63c7-4c72-a78a-f34de564e62c, notificationType :1)
10-02 14:56:02.690 19752 19752 I NotificationManager: com.negi.survey.local: notify(3392, null, Notification(channel=uploads shortcut=null contentView=null vibrate=null sound=null defaults=0 flags=ONGOING_EVENT|ONLY_ALERT_ONCE color=0x00000000 category=progress vis=PRIVATE semFlags=0x0 semPriority=0 semMissedCount=0 semScenarioType=0)) as user
10-02 14:56:02.690 19752 19907 I WM-Processor: Moving WorkSpec (01df81bc-63c7-4c72-a78a-f34de564e62c) to the foreground
10-02 14:56:02.693 19752 19907 D WM-WorkProgressUpdater: Updating progress for 01df81bc-63c7-4c72-a78a-f34de564e62c (Data {pct : 51, mode : file})
10-02 14:56:02.698 19752 19907 I WM-Processor: Moving WorkSpec (01df81bc-63c7-4c72-a78a-f34de564e62c) to the foreground
10-02 14:56:02.703 19752 19907 D WM-WorkProgressUpdater: Updating progress for 01df81bc-63c7-4c72-a78a-f34de564e62c (Data {pct : 64, mode : file})
10-02 14:56:02.705 19752 19752 D WM-SystemFgDispatcher: Notifying with (id:3392, workSpecId: 01df81bc-63c7-4c72-a78a-f34de564e62c, notificationType :1)
10-02 14:56:02.705 19752 19752 I NotificationManager: com.negi.survey.local: notify(3392, null, Notification(channel=uploads shortcut=null contentView=null vibrate=null sound=null defaults=0 flags=ONGOING_EVENT|ONLY_ALERT_ONCE color=0x00000000 category=progress vis=PRIVATE semFlags=0x0 semPriority=0 semMissedCount=0 semScenarioType=0)) as user
10-02 14:56:02.708 19752 19907 I WM-Processor: Moving WorkSpec (01df81bc-63c7-4c72-a78a-f34de564e62c) to the foreground
10-02 14:56:02.711 19752 19907 D WM-WorkProgressUpdater: Updating progress for 01df81bc-63c7-4c72-a78a-f34de564e62c (Data {pct : 78, mode : file})
10-02 14:56:02.714 19752 19752 D WM-SystemFgDispatcher: Notifying with (id:3392, workSpecId: 01df81bc-63c7-4c72-a78a-f34de564e62c, notificationType :1)
10-02 14:56:02.715 19752 19907 I WM-Processor: Moving WorkSpec (01df81bc-63c7-4c72-a78a-f34de564e62c) to the foreground
10-02 14:56:02.715 19752 19752 I NotificationManager: com.negi.survey.local: notify(3392, null, Notification(channel=uploads shortcut=null contentView=null vibrate=null sound=null defaults=0 flags=ONGOING_EVENT|ONLY_ALERT_ONCE color=0x00000000 category=progress vis=PRIVATE semFlags=0x0 semPriority=0 semMissedCount=0 semScenarioType=0)) as user
10-02 14:56:02.717 19752 19907 D WM-WorkProgressUpdater: Updating progress for 01df81bc-63c7-4c72-a78a-f34de564e62c (Data {pct : 90, mode : file})
10-02 14:56:02.720 19752 19907 I WM-Processor: Moving WorkSpec (01df81bc-63c7-4c72-a78a-f34de564e62c) to the foreground
10-02 14:56:02.723 19752 19752 D WM-SystemFgDispatcher: Notifying with (id:3392, workSpecId: 01df81bc-63c7-4c72-a78a-f34de564e62c, notificationType :1)
10-02 14:56:02.723 19752 19752 I NotificationManager: com.negi.survey.local: notify(3392, null, Notification(channel=uploads shortcut=null contentView=null vibrate=null sound=null defaults=0 flags=ONGOING_EVENT|ONLY_ALERT_ONCE color=0x00000000 category=progress vis=PRIVATE semFlags=0x0 semPriority=0 semMissedCount=0 semScenarioType=0)) as user
10-02 14:56:02.735 19752 19752 D WM-SystemFgDispatcher: Notifying with (id:3392, workSpecId: 01df81bc-63c7-4c72-a78a-f34de564e62c, notificationType :1)
10-02 14:56:02.735 19752 19752 I NotificationManager: com.negi.survey.local: notify(3392, null, Notification(channel=uploads shortcut=null contentView=null vibrate=null sound=null defaults=0 flags=ONGOING_EVENT|ONLY_ALERT_ONCE color=0x00000000 category=progress vis=PRIVATE semFlags=0x0 semPriority=0 semMissedCount=0 semScenarioType=0)) as user
10-02 14:56:02.742 19752 19752 D WM-SystemFgDispatcher: Notifying with (id:3392, workSpecId: 01df81bc-63c7-4c72-a78a-f34de564e62c, notificationType :1)
10-02 14:56:02.742 19752 19752 I NotificationManager: com.negi.survey.local: notify(3392, null, Notification(channel=uploads shortcut=null contentView=null vibrate=null sound=null defaults=0 flags=ONGOING_EVENT|ONLY_ALERT_ONCE color=0x00000000 category=progress vis=PRIVATE semFlags=0x0 semPriority=0 semMissedCount=0 semScenarioType=0)) as user
10-02 14:56:03.736 19752 19837 W gi.survey.local: userfaultfd: MOVE ioctl seems unsupported: Connection timed out
10-02 14:56:03.774 19752 19906 D WM-WorkProgressUpdater: Updating progress for 01df81bc-63c7-4c72-a78a-f34de564e62c (Data {pct : 95, mode : file})
10-02 14:56:03.774 19752 19944 D GitHubUploader: uploadStream: done url=https://github.com/ishizuki-tech/SurveyExports/blob/main/diagnostics/crash/2026-10-02/prevlog_20261002_195556_pid19752.log sha=83da91d58695af58580edb983ab9bf3347a51825
10-02 14:56:03.777 19752 19906 I WM-Processor: Moving WorkSpec (01df81bc-63c7-4c72-a78a-f34de564e62c) to the foreground
10-02 14:56:03.779 19752 19752 D WM-SystemFgDispatcher: Notifying with (id:3392, workSpecId: 01df81bc-63c7-4c72-a78a-f34de564e62c, notificationType :1)
10-02 14:56:03.779 19752 19752 I NotificationManager: com.negi.survey.local: notify(3392, null, Notification(channel=uploads shortcut=null contentView=null vibrate=null sound=null defaults=0 flags=ONGOING_EVENT|ONLY_ALERT_ONCE color=0x00000000 category=progress vis=PRIVATE semFlags=0x0 semPriority=0 semMissedCount=0 semScenarioType=0)) as user
10-02 14:56:03.779 19752 19906 I WM-Processor: Moving WorkSpec (01df81bc-63c7-4c72-a78a-f34de564e62c) to the foreground
10-02 14:56:03.783 19752 19752 D WM-SystemFgDispatcher: Notifying with (id:3392, workSpecId: 01df81bc-63c7-4c72-a78a-f34de564e62c, notificationType :1)
10-02 14:56:03.784 19752 19752 I NotificationManager: com.negi.survey.local: notify(3392, null, Notification(channel=uploads shortcut=null contentView=null vibrate=null sound=null defaults=0 flags=ONLY_ALERT_ONCE color=0x00000000 category=progress vis=PRIVATE semFlags=0x0 semPriority=0 semMissedCount=0 semScenarioType=0)) as user
10-02 14:56:03.785 19752 19906 I WM-WorkerWrapper: Worker result SUCCESS for Work [ id=01df81bc-63c7-4c72-a78a-f34de564e62c, tags={ com.negi.survey.net.GitHubUploadWorker,github_upload,github_upload:crash:diagnostics_crash_prevlog_20261002_195556_pid19752.log_f22714a } ]
10-02 14:56:03.794 19752 19752 D WM-Processor: Processor 01df81bc-63c7-4c72-a78a-f34de564e62c executed; reschedule = false
10-02 14:56:03.794 19752 19752 D WM-GreedyScheduler: Stopping tracking for WorkGenerationalId(workSpecId=01df81bc-63c7-4c72-a78a-f34de564e62c, generation=0)
10-02 14:56:03.794 19752 19901 W GitHubUploader: uploadStream: 409 Conflict; refreshing SHA and retrying once.
10-02 14:56:03.795 19752 19752 D WM-SystemJobService: 01df81bc-63c7-4c72-a78a-f34de564e62c executed on JobScheduler
10-02 14:56:03.797 19752 19752 D WM-SystemFgDispatcher: Removing Notification (id: 3392, workSpecId: WorkGenerationalId(workSpecId=01df81bc-63c7-4c72-a78a-f34de564e62c, generation=0), notificationType: 1
10-02 14:56:03.797 19752 19906 D WM-GreedyScheduler: Cancelling work ID 01df81bc-63c7-4c72-a78a-f34de564e62c
10-02 14:56:03.801 19752 19752 D WM-SystemJobService: onStopJob for WorkGenerationalId(workSpecId=01df81bc-63c7-4c72-a78a-f34de564e62c, generation=0)
10-02 14:56:05.262 19752 19907 D WM-WorkProgressUpdater: Updating progress for e547880b-ce21-4030-9b8b-e2ae3391f5c9 (Data {pct : 95, mode : startup_ring_logs})
10-02 14:56:05.264 19752 19901 D GitHubUploader: uploadStream: done url=https://github.com/ishizuki-tech/SurveyExports/blob/main/diagnostics/applog_ring/2026-10-02/applog_ring_startup_ring_20261002_195556_a677bc6a_app_start/seg_00.log sha=afb52a56871320fb562e029d37675bcc2f86d8a1
10-02 14:56:05.269 19752 19907 I WM-Processor: Moving WorkSpec (e547880b-ce21-4030-9b8b-e2ae3391f5c9) to the foreground
10-02 14:56:05.273 19752 19752 D WM-SystemFgDispatcher: Notifying with (id:5844, workSpecId: e547880b-ce21-4030-9b8b-e2ae3391f5c9, notificationType :1)
10-02 14:56:05.274 19752 19752 I NotificationManager: com.negi.survey.local: notify(5844, null, Notification(channel=uploads shortcut=null contentView=null vibrate=null sound=null defaults=0 flags=ONGOING_EVENT|ONLY_ALERT_ONCE color=0x00000000 category=progress vis=PRIVATE semFlags=0x0 semPriority=0 semMissedCount=0 semScenarioType=0)) as user
10-02 14:56:05.274 19752 19907 I WM-Processor: Moving WorkSpec (e547880b-ce21-4030-9b8b-e2ae3391f5c9) to the foreground
10-02 14:56:05.284 19752 19907 I WM-WorkerWrapper: Worker result SUCCESS for Work [ id=e547880b-ce21-4030-9b8b-e2ae3391f5c9, tags={ com.negi.survey.net.GitHubUploadWorker,github_upload,github_upload:ring_logs } ]
10-02 14:56:05.291 19752 19752 D WM-SystemFgDispatcher: Notifying with (id:5844, workSpecId: e547880b-ce21-4030-9b8b-e2ae3391f5c9, notificationType :1)
10-02 14:56:05.291 19752 19752 I NotificationManager: com.negi.survey.local: notify(5844, null, Notification(channel=uploads shortcut=null contentView=null vibrate=null sound=null defaults=0 flags=ONLY_ALERT_ONCE color=0x00000000 category=progress vis=PRIVATE semFlags=0x0 semPriority=0 semMissedCount=0 semScenarioType=0)) as user
10-02 14:56:05.294 19752 19907 D WM-PackageManagerHelper: androidx.work.impl.background.systemalarm.RescheduleReceiver disabled
10-02 14:56:05.305 19752 19752 D WM-Processor: Processor e547880b-ce21-4030-9b8b-e2ae3391f5c9 executed; reschedule = false
10-02 14:56:05.305 19752 19752 D WM-GreedyScheduler: Stopping tracking for WorkGenerationalId(workSpecId=e547880b-ce21-4030-9b8b-e2ae3391f5c9, generation=0)
10-02 14:56:05.305 19752 19752 D WM-SystemJobService: e547880b-ce21-4030-9b8b-e2ae3391f5c9 executed on JobScheduler
10-02 14:56:05.306 19752 19752 D WM-SystemFgDispatcher: Removing Notification (id: 5844, workSpecId: WorkGenerationalId(workSpecId=e547880b-ce21-4030-9b8b-e2ae3391f5c9, generation=0), notificationType: 1
10-02 14:56:05.309 19752 19906 D WM-GreedyScheduler: Cancelling work ID e547880b-ce21-4030-9b8b-e2ae3391f5c9
10-02 14:56:05.311 19752 19752 I WM-SystemFgDispatcher: Stopping foreground service
10-02 14:56:05.311 19752 19752 D WM-SystemFgService: Shutting down.
10-02 14:56:05.320 19752 19908 D WM-WorkConstraintsTrack: NetworkRequestConstraintController unregister shared callback
10-02 14:56:05.321 19752 19908 D ConnectivityManager: StackLog: [android.net.ConnectivityManager.unregisterNetworkCallback(ConnectivityManager.java:5573)] [androidx.work.impl.constraints.SharedNetworkCallback.addCallback$lambda$9(WorkConstraintsTracker.kt:385)] [androidx.work.impl.constraints.SharedNetworkCallback$$ExternalSyntheticLambda0.invoke(D8$$SyntheticClass:0)] [androidx.work.impl.constraints.NetworkRequestConstraintController$track$1.invokeSuspend$lambda$1(WorkConstraintsTracker.kt:191)] [androidx.work.impl.constraints.NetworkRequestConstraintController$track$1$$ExternalSyntheticLambda1.invoke(D8$$SyntheticClass:0)] [kotlinx.coroutines.channels.ProduceKt.awaitClose(Produce.kt:69)] [kotlinx.coroutines.channels.ProduceKt$awaitClose$1.invokeSuspend(Unknown Source:13)] [kotlin.coroutines.jvm.internal.BaseContinuationImpl.resumeWith(ContinuationImpl.kt:34)] [kotlinx.coroutines.DispatchedTask.run(DispatchedTask.kt:98)] [androidx.work.impl.utils.SerialExecutorImpl$Task.run(SerialExecutorImpl.java:96)] [java.util.concurrent.ThreadPoolExecutor.runWorker(ThreadPoolExecutor.java:1154)] [java.util.concurrent.ThreadPoolExecutor$Worker.run(ThreadPoolExecutor.java:652)] [java.lang.Thread.run(Thread.java:1563)]
10-02 14:56:05.326 19752 19752 D WM-SystemJobService: onStopJob for WorkGenerationalId(workSpecId=e547880b-ce21-4030-9b8b-e2ae3391f5c9, generation=0)
10-02 14:56:07.478 19752 19752 I VRI[MainActivity]@ba2ccdd: ViewPostIme pointer 0
10-02 14:56:07.488 19752 19752 I VRI[MainActivity]@ba2ccdd: call setFrameRateCategory for touch hint category=high hint, reason=touch, vri=VRI[MainActivity]@ba2ccdd
10-02 14:56:07.489 19752 19752 I VRI[MainActivity]@ba2ccdd: ViewPostIme pointer 1
10-02 14:56:07.492 19752 19752 D MainActivity: Intro -> Start session. epoch=1, file=survey_config10.yaml
10-02 14:56:07.516 19752 19752 I View    : setRequestedFrameRate frameRate=-4.0, this=android.view.View{fcdbddb V.ED..... ........ 0,0-0,0}, caller=androidx.compose.ui.platform.Api35Impl.setRequestedFrameRate:4047 androidx.compose.ui.platform.AndroidComposeView.dispatchDraw:2282 android.view.View.draw:26758 android.view.View.updateDisplayListIfDirty:25577 android.view.View.draw:26477 
10-02 14:56:07.520 19752 19901 D SurveyConfigLoader: fromStringStrictValidated -> format=YAML, reason=file extension .yml/.yaml, firstLine='ai_interaction:', leading='ai_interaction:\n  max_followups...' file='survey_config10.yaml'
10-02 14:56:07.526 19752 19752 I View    : setRequestedFrameRate frameRate=NaN, this=android.view.View{fcdbddb V.ED..... ........ 0,0-0,0}, caller=androidx.compose.ui.platform.Api35Impl.setRequestedFrameRate:4047 androidx.compose.ui.platform.AndroidComposeView.dispatchDraw:2282 android.view.View.draw:26758 android.view.View.updateDisplayListIfDirty:25577 android.view.ViewGroup.recreateChildDisplayList:4881 
10-02 14:56:07.597 19752 19901 D SurveyConfigLoader: strict config loaded (survey_config10.yaml): legacy=10(one=0,inline2=10) splitEval=0 splitFollow=0 followMode=TEXT legacyIds=[Q7,Q8,Q9,Q10,Q11,Q12,Q13,Q14] evalIds=[-] followIds=[-]
10-02 14:56:07.601 19752 19901 D SurveyConfigLoader: fromStringStrictValidated -> issues=0 (legacy=10(one=0,inline2=10) splitEval=0 splitFollow=0 followMode=TEXT legacyIds=[Q7,Q8,Q9,Q10,Q11,Q12,Q13,Q14] evalIds=[-] followIds=[-])
10-02 14:56:07.602 19752 19752 D MainActivity: Config loaded. session=survey_config10.yaml@1
10-02 14:56:07.624 19752 19752 D MainActivity: DownloadGate idle -> start download. session=survey_config10.yaml@1
10-02 14:56:07.638 19752 19901 I HeavyInitializer: phase=download-start file=gemma-3n-E4B-it-int4.litertlm forceFresh=false
10-02 14:56:07.657 19752 19752 I View    : setRequestedFrameRate frameRate=-4.0, this=android.view.View{fcdbddb V.ED..... ........ 0,0-0,0}, caller=androidx.compose.ui.platform.Api35Impl.setRequestedFrameRate:4047 androidx.compose.ui.platform.AndroidComposeView.dispatchDraw:2282 android.view.View.draw:26758 android.view.View.updateDisplayListIfDirty:25577 android.view.View.draw:26477 
10-02 14:56:07.669 19752 19752 I View    : setRequestedFrameRate frameRate=NaN, this=android.view.View{fcdbddb V.ED..... ........ 0,0-0,0}, caller=androidx.compose.ui.platform.Api35Impl.setRequestedFrameRate:4047 androidx.compose.ui.platform.AndroidComposeView.dispatchDraw:2282 android.view.View.draw:26758 android.view.View.updateDisplayListIfDirty:25577 android.view.ViewGroup.recreateChildDisplayList:4881 
10-02 14:56:08.504 19752 19901 D HttpUrlFileDl: Starting parallel download: 4 chunks, 4691 MiB total
10-02 14:56:08.524 19752 19752 I View    : setRequestedFrameRate frameRate=-4.0, this=android.view.View{fcdbddb V.ED..... ........ 0,0-0,0}, caller=androidx.compose.ui.platform.Api35Impl.setRequestedFrameRate:4047 androidx.compose.ui.platform.AndroidComposeView.dispatchDraw:2282 android.view.View.draw:26758 android.view.View.updateDisplayListIfDirty:25577 android.view.ViewGroup.recreateChildDisplayList:4881 
10-02 14:56:09.549 19752 19752 I View    : setRequestedFrameRate frameRate=NaN, this=android.view.View{fcdbddb V.ED..... ........ 0,0-0,0}, caller=androidx.compose.ui.platform.Api35Impl.setRequestedFrameRate:4047 androidx.compose.ui.platform.AndroidComposeView.dispatchDraw:2282 android.view.View.draw:26758 android.view.View.updateDisplayListIfDirty:25577 android.view.ViewGroup.recreateChildDisplayList:4881 
10-02 14:56:10.495 19752 19752 I VRI[MainActivity]@ba2ccdd: call setFrameRateCategory for touch hint category=no preference, reason=boost timeout, vri=VRI[MainActivity]@ba2ccdd
10-02 14:56:10.506 19752 19939 D HttpUrlFileDl: Parallel progress: 2.0%, 47.8 MiB/s, 95/4691 MiB
10-02 14:56:12.506 19752 20037 D HttpUrlFileDl: Parallel progress: 7.7%, 132.7 MiB/s, 360/4691 MiB
10-02 14:56:14.511 19752 19939 D HttpUrlFileDl: Parallel progress: 13.4%, 132.9 MiB/s, 627/4691 MiB
10-02 14:56:17.193 19752 19939 D HttpUrlFileDl: Parallel progress: 17.2%, 66.8 MiB/s, 806/4691 MiB
10-02 14:56:19.193 19752 19939 D HttpUrlFileDl: Parallel progress: 22.1%, 114.5 MiB/s, 1035/4691 MiB
10-02 14:56:21.194 19752 19944 D HttpUrlFileDl: Parallel progress: 27.6%, 130.4 MiB/s, 1296/4691 MiB
10-02 14:56:23.219 19752 19939 D HttpUrlFileDl: Parallel progress: 33.8%, 143.2 MiB/s, 1586/4691 MiB
10-02 14:56:25.238 19752 19939 D HttpUrlFileDl: Parallel progress: 39.8%, 137.9 MiB/s, 1865/4691 MiB
10-02 14:56:27.239 19752 19944 D HttpUrlFileDl: Parallel progress: 41.3%, 35.2 MiB/s, 1935/4691 MiB
10-02 14:56:29.239 19752 19939 D HttpUrlFileDl: Parallel progress: 45.9%, 109.1 MiB/s, 2153/4691 MiB
10-02 14:56:31.239 19752 19944 D HttpUrlFileDl: Parallel progress: 51.6%, 132.7 MiB/s, 2419/4691 MiB
10-02 14:56:33.276 19752 19939 D HttpUrlFileDl: Parallel progress: 57.3%, 132.5 MiB/s, 2689/4691 MiB
10-02 14:56:35.276 19752 19939 D HttpUrlFileDl: Parallel progress: 63.2%, 138.3 MiB/s, 2965/4691 MiB
10-02 14:56:37.426 19752 20037 D HttpUrlFileDl: Parallel progress: 65.0%, 38.8 MiB/s, 3049/4691 MiB
10-02 14:56:39.431 19752 19939 D HttpUrlFileDl: Parallel progress: 71.0%, 140.2 MiB/s, 3330/4691 MiB
10-02 14:56:41.431 19752 20037 D HttpUrlFileDl: Parallel progress: 77.0%, 140.8 MiB/s, 3612/4691 MiB
10-02 14:56:43.431 19752 19939 D HttpUrlFileDl: Parallel progress: 82.8%, 136.7 MiB/s, 3885/4691 MiB
10-02 14:56:44.263 19752 19939 D HttpUrlFileDl: Chunk 2 completed: 1172 MiB
10-02 14:56:44.506 19752 20037 D HttpUrlFileDl: Chunk 3 completed: 1172 MiB
10-02 14:56:45.432 19752 19902 D HttpUrlFileDl: Parallel progress: 88.0%, 121.8 MiB/s, 4128/4691 MiB
10-02 14:56:47.291 19752 19944 D HttpUrlFileDl: Chunk 0 completed: 1172 MiB
10-02 14:56:47.432 19752 19902 D HttpUrlFileDl: Parallel progress: 89.5%, 34.3 MiB/s, 4197/4691 MiB
10-02 14:56:49.432 19752 19902 D HttpUrlFileDl: Parallel progress: 93.1%, 85.0 MiB/s, 4367/4691 MiB
10-02 14:56:51.617 19752 19902 D HttpUrlFileDl: Parallel progress: 94.8%, 37.7 MiB/s, 4449/4691 MiB
10-02 14:56:53.655 19752 19902 D HttpUrlFileDl: Parallel progress: 96.6%, 40.2 MiB/s, 4531/4691 MiB
10-02 14:56:56.359 19752 19902 D HttpUrlFileDl: Parallel progress: 98.2%, 28.7 MiB/s, 4609/4691 MiB
10-02 14:56:57.699 19752 19902 D HttpUrlFileDl: Chunk 1 completed: 1172 MiB
10-02 14:57:10.703 19752 19902 D HttpUrlFileDl: Parallel download complete: gemma-3n-E4B-it-int4.litertlm (4919541760 bytes)
10-02 14:57:10.703 19752 19902 I HeavyInitializer: phase=download-complete file=gemma-3n-E4B-it-int4.litertlm bytes=4919541760 downloadMs=63066 totalMs=63067
10-02 14:57:39.619 19752 19902 I PersistentModelStore: persistFromPrivate: persisted gemma-3n-E4B-it-int4.litertlm (4919541760 bytes)
10-02 14:57:39.631 19752 19752 D SLM     : buildModelConfig: accel=GPU maxTokens=1024 topK=1 topP=0.0 temperature=0.0
10-02 14:57:39.652 19752 19752 I View    : setRequestedFrameRate frameRate=-4.0, this=android.view.View{fcdbddb V.ED..... ........ 0,0-0,0}, caller=androidx.compose.ui.platform.Api35Impl.setRequestedFrameRate:4047 androidx.compose.ui.platform.AndroidComposeView.dispatchDraw:2282 android.view.View.draw:26758 android.view.View.updateDisplayListIfDirty:25577 android.view.View.draw:26477 
10-02 14:57:39.664 19752 20037 D LiteRtLM: Initializing LiteRT-LM: model='Gemma3n4B', key='fs|dev=65088|ino=45187|size=4919541760|mtime=1790971030441'
10-02 14:57:39.665 19752 20037 D LiteRtLM: Capabilities: image=false audio=false
10-02 14:57:39.665 19752 20037 D LiteRtLM: Backend=com.google.ai.edge.litertlm.Backend$GPU@55f8650 maxNumTokens=1024 (raw=1024) topK=1 topP=0.0 temp=0.0
10-02 14:57:39.665 19752 20037 D LiteRtLM: Model path='/data/data/com.negi.survey.local/files/gemma-3n-E4B-it-int4.litertlm' sizeBytes=4919541760 lastModified=1790971030441
10-02 14:57:39.665 19752 20037 D LiteRtLM: LiteRT-LM native benchmark policy: enabled=false emulator=false
10-02 14:57:39.665 19752 20037 D LiteRtLM: LiteRT-LM native benchmark policy: enabled=false emulator=false
10-02 14:57:39.665 19752 20037 D LiteRtLM: Speculative decoding / MTP policy: enabled=false runtimeFlagUpdated=true model='Gemma3n4B'
10-02 14:57:39.667 19752 20037 D LiteRtLM: Engine cacheDir resolved: key='fs|dev=65088|ino=45187|size=4919541760|mtime=1790971030441' backend=com.google.ai.edge.litertlm.Backend$GPU@55f8650 path='/data/user/0/com.negi.survey.local/no_backup/litertlm_cache/463cfff93b82e65570866c363034861f0bb05344' filesBefore=0
10-02 14:57:39.678 19752 19752 I View    : setRequestedFrameRate frameRate=NaN, this=android.view.View{fcdbddb V.ED..... ........ 0,0-0,0}, caller=androidx.compose.ui.platform.Api35Impl.setRequestedFrameRate:4047 androidx.compose.ui.platform.AndroidComposeView.dispatchDraw:2282 android.view.View.draw:26758 android.view.View.updateDisplayListIfDirty:25577 android.view.ViewGroup.recreateChildDisplayList:4881 
10-02 14:57:39.803 19752 20037 I litert  : [environment.cc:36] Creating LiteRT environment with options
10-02 14:57:39.816 19752 20037 W litert  : [npu_registry.cc:34] NPU accelerator could not be loaded and registered: kLiteRtStatusErrorInvalidArgument.
10-02 14:57:39.820 19752 20037 I litert  : [accelerator_registry.cc:54] RegisterAccelerator: ptr=0xb400007bc7f0bb20, name=LiteRT GPU
10-02 14:57:39.820 19752 20037 I litert  : [gpu_registry.cc:109] Statically linked GPU accelerator registered.
10-02 14:57:39.820 19752 20037 I litert  : [accelerator_registry.cc:54] RegisterAccelerator: ptr=0xb400007bc7f0c4c0, name=CpuAccelerator
10-02 14:57:39.820 19752 20037 I litert  : [cpu_registry.cc:75] XNNPACK CPU accelerator registered.
10-02 14:57:40.133 19752 20037 I litert  : [environment.cc:36] Creating LiteRT environment with options
10-02 14:57:40.133 19752 20037 W litert  : [npu_registry.cc:34] NPU accelerator could not be loaded and registered: kLiteRtStatusErrorInvalidArgument.
10-02 14:57:40.133 19752 20037 I litert  : [accelerator_registry.cc:54] RegisterAccelerator: ptr=0xb400007bc7f0a0e0, name=LiteRT GPU
10-02 14:57:40.133 19752 20037 I litert  : [gpu_registry.cc:109] Statically linked GPU accelerator registered.
10-02 14:57:40.133 19752 20037 I litert  : [accelerator_registry.cc:54] RegisterAccelerator: ptr=0xb400007bc7f053e0, name=CpuAccelerator
10-02 14:57:40.133 19752 20037 I litert  : [cpu_registry.cc:75] XNNPACK CPU accelerator registered.
10-02 14:57:40.133 19752 20037 W native  : W0000 00:00:1790971060.133653   20037 litert_lm_loader.cc:291] Section not found: 	
10-02 14:57:40.134 19752 20037 W native  : W0000 00:00:1790971060.134434   20037 litert_lm_loader.cc:291] Section not found: 	
10-02 14:57:40.136 19752 20037 I litert  : [compiled_model.cc:835] Flatbuffer model initialized directly from incoming litert model.
10-02 14:57:40.142 19752 20037 I tflite  : Initialized TensorFlow Lite runtime.
10-02 14:57:40.168 19752 20037 W libc    : Access denied finding property "ro.mediatek.platform"
10-02 14:57:40.220 19752 20037 W libc    : Access denied finding property "vendor.socl.trace.events"
10-02 14:57:40.220 19752 20037 W libc    : Access denied finding property "vendor.socl.pagefault.dump"
10-02 14:57:40.221 19752 20037 V SOCL    : -------------------------------------------------------
10-02 14:57:40.221 19752 20037 V SOCL    : OCL version revision number = 32a2eed9e0
10-02 14:57:40.221 19752 20037 V SOCL    : -------------------------------------------------------
10-02 14:57:40.295 19752 20037 I native  : I0000 00:00:1790971060.295047   20037 delegate_opencl.cc:603] options->hint_waiting_for_completion: false
10-02 14:57:40.295 19752 20037 I native  : I0000 00:00:1790971060.295183   20037 delegate_opencl.cc:605] options->kernel_batch_size: -1
10-02 14:57:40.297 19752 20037 V XGL     : ----------------------------------------------------------------------
10-02 14:57:40.297 19752 20037 V XGL     : SUMD version compiled date     = 2026-01-09 09:57 - KST
10-02 14:57:40.297 19752 20037 V XGL     : SUMD version revision number   = 1900168dcb
10-02 14:57:40.297 19752 20037 V XGL     : SUMD version info              = Driver version: 24.0.534, git hash: 1900168dcb
10-02 14:57:40.297 19752 20037 V XGL     : ----------------------------------------------------------------------
10-02 14:57:40.297 19752 20037 V XGL     : Entering: Create
10-02 14:57:40.300 19752 20037 V XGL     : Exiting: Create
10-02 14:57:40.302 19752 20037 I vulkan  : CreateInfoWrapper::FilterExtension: already have 'VK_KHR_external_fence_fd'.
10-02 14:57:40.306 19752 20037 I ANGLE   : Version (24.1.307 git hash: 86f99cfe6317), Renderer ((Samsung Xclipse 940) on Vulkan 1.3.279)
10-02 14:57:40.307 19752 20037 E libEGL  : call to OpenGL ES API with no current context (logged once per thread)
10-02 14:57:40.357 19752 20037 I litert  : [environment.cc:47] Adding options to the existing LiteRT environment
10-02 14:57:40.357 19752 20037 I tflite  : Loaded OpenCL library with dlopen.
10-02 14:57:40.358 19752 20037 I litert  : [gpu_environment.cc:220] Created OpenCL device from provided device id and platform id.
10-02 14:57:40.358 19752 20037 I litert  : [gpu_environment.cc:283] Reusing provided EGL environment.
10-02 14:57:40.358 19752 20037 I litert  : [gpu_environment.h:155] Created LiteRT GpuEnvironment.
10-02 14:57:40.358 19752 20037 I litert  : [environment.cc:47] Adding options to the existing LiteRT environment
10-02 14:57:40.360 19752 20578 W libEGL  : ANGLE Warn:DisplayVk.cpp:115 (LoadPipelineCacheDataFromDisk): Failed to load pipeline blob cache data from disk. Performance may degrade.
10-02 14:57:40.401 19752 20037 I tflite  : Replacing 3326 out of 3326 node(s) with delegate (LITERT_CL) node, yielding 1 partitions for subgraph 0 (decode).
10-02 14:57:49.343 19752 20037 I native  : I0000 00:00:1790971069.340700   20037 delegate_kernel.cc:331] Total 81 external tensors are used for delegate inputs and outputs
10-02 14:57:49.344 19752 20037 I native  : I0000 00:00:1790971069.343966   20037 delegate_kernel.cc:907] Initializing OpenCL-based API from serialized data.
10-02 14:57:54.576 19752 20037 I tflite  : Replacing 2145 out of 2145 node(s) with delegate (LITERT_CL) node, yielding 1 partitions for subgraph 1 (prefill_16).
10-02 14:57:54.611 19752 20037 I native  : I0000 00:00:1790971074.611046   20037 delegate_kernel.cc:331] Total 80 external tensors are used for delegate inputs and outputs
10-02 14:57:54.611 19752 20037 I native  : I0000 00:00:1790971074.611101   20037 delegate_kernel.cc:907] Initializing OpenCL-based API from serialized data.
10-02 14:57:58.465 19752 20037 I tflite  : Replacing 2145 out of 2145 node(s) with delegate (LITERT_CL) node, yielding 1 partitions for subgraph 2 (prefill_256).
10-02 14:57:58.492 19752 20037 I native  : I0000 00:00:1790971078.492819   20037 delegate_kernel.cc:331] Total 80 external tensors are used for delegate inputs and outputs
10-02 14:57:58.492 19752 20037 I native  : I0000 00:00:1790971078.492877   20037 delegate_kernel.cc:907] Initializing OpenCL-based API from serialized data.
10-02 14:58:00.203 19752 20037 I litert  : [environment.cc:36] Creating LiteRT environment with options
10-02 14:58:00.204 19752 20037 W litert  : [npu_registry.cc:34] NPU accelerator could not be loaded and registered: kLiteRtStatusErrorInvalidArgument.
10-02 14:58:00.204 19752 20037 I litert  : [accelerator_registry.cc:54] RegisterAccelerator: ptr=0xb400007bc7faf750, name=LiteRT GPU
10-02 14:58:00.204 19752 20037 I litert  : [gpu_registry.cc:109] Statically linked GPU accelerator registered.
10-02 14:58:00.204 19752 20037 I litert  : [accelerator_registry.cc:54] RegisterAccelerator: ptr=0xb400007bc7fbff20, name=CpuAccelerator
10-02 14:58:00.204 19752 20037 I litert  : [cpu_registry.cc:75] XNNPACK CPU accelerator registered.
10-02 14:58:00.361 19752 20037 W native  : W0000 00:00:1790971080.361732   20037 litert_lm_loader.cc:291] Section not found: 
10-02 14:58:00.361 19752 20037 W native  : W0000 00:00:1790971080.361799   20037 litert_lm_loader.h:129] TFLite model for type: TF_LITE_END_OF_VISION not found. Skipping.
10-02 14:58:00.365 19752 20037 I litert  : [compiled_model.cc:835] Flatbuffer model initialized directly from incoming litert model.
10-02 14:58:00.378 19752 20037 W litert  : [compiled_model.cc:967] You should provide the `DispatchLibraryDir` option to use NPU.
10-02 14:58:00.379 19752 20037 I tflite  : Created TensorFlow Lite XNNPACK delegate for CPU.
10-02 14:58:00.379 19752 20037 I tflite  : Replacing 2 out of 10 node(s) with delegate (TfLiteXNNPackDelegate) node, yielding 2 partitions for subgraph 0 (main).
10-02 14:58:00.382 19752 20037 I litert  : [compiled_model.cc:835] Flatbuffer model initialized directly from incoming litert model.
10-02 14:58:00.382 19752 20037 W litert  : [compiled_model.cc:967] You should provide the `DispatchLibraryDir` option to use NPU.
10-02 14:58:00.382 19752 20037 I litert  : [compiled_model.cc:1775] Tracked constant output tensor eoa_embedding with locked address
10-02 14:58:00.426 19752 20037 I litert  : [compiled_model.cc:835] Flatbuffer model initialized directly from incoming litert model.
10-02 14:58:00.569 19752 20037 W litert  : [compiled_model.cc:967] You should provide the `DispatchLibraryDir` option to use NPU.
10-02 14:58:00.570 19752 20037 I tflite  : Replacing 1 out of 44 node(s) with delegate (TfLiteXNNPackDelegate) node, yielding 2 partitions for subgraph 0 (main).
10-02 14:58:00.574 19752 20037 W LiteRtLM: Engine.initialize completed: key='fs|dev=65088|ino=45187|size=4919541760|mtime=1790971030441' backend=com.google.ai.edge.litertlm.Backend$GPU@55f8650 took=20905ms cacheFilesAfter=2
10-02 14:58:00.576 19752 20037 W LiteRtLM: Engine.initialize completed: key='fs|dev=65088|ino=45187|size=4919541760|mtime=1790971030441' backend=com.google.ai.edge.litertlm.Backend$GPU@55f8650 took=20905ms cacheFilesAfter=2
10-02 14:58:00.590 19752 20037 D LiteRtLM: createConversation completed: key='fs|dev=65088|ino=45187|size=4919541760|mtime=1790971030441' took=15ms
10-02 14:58:00.591 19752 20037 D LiteRtLM: LiteRT-LM initialization succeeded: model='Gemma3n4B', key='fs|dev=65088|ino=45187|size=4919541760|mtime=1790971030441' engineMs=20905 conversationMs=15 totalMs=20928
10-02 14:58:00.620 19752 19752 D AiTrace : Installed (enabled=true ringEnabled=true)
10-02 14:58:00.636 19752 19752 D SurveyVM: init -> Start, session=0, uuid=1c61e72a-7c13-4372-aa8d-c658a750c917, navSize=1, graphSize=22
10-02 14:58:00.646 19752 19752 D SurveyVM: config.validate -> issues=0
10-02 14:58:00.646 19752 19752 D SurveyVM: promptSources -> legacy=10, eval=0, follow=0
10-02 14:58:00.646 19752 19752 D SurveyVM: promptSources.preview -> legacy=[Q10, Q11, Q12, Q13, Q14, Q15, Q16, Q7, Q8, Q9], eval=[], follow=[]
10-02 14:58:00.647 19752 19752 D SurveyVM: hasTwoStepPrompt[Q10] -> true (eval=219, fu=244)
10-02 14:58:00.647 19752 19752 D SurveyVM: hasTwoStepPrompt[Q11] -> true (eval=229, fu=254)
10-02 14:58:00.647 19752 19752 D SurveyVM: hasTwoStepPrompt[Q12] -> true (eval=184, fu=209)
10-02 14:58:00.647 19752 19752 D SurveyVM: hasTwoStepPrompt[Q13] -> true (eval=221, fu=246)
10-02 14:58:00.647 19752 19752 D SurveyVM: hasTwoStepPrompt[Q14] -> true (eval=160, fu=185)
10-02 14:58:00.647 19752 19752 D SurveyVM: hasTwoStepPrompt[Q15] -> true (eval=185, fu=210)
10-02 14:58:00.648 19752 19752 D SurveyVM: hasTwoStepPrompt[Q16] -> true (eval=200, fu=225)
10-02 14:58:00.648 19752 19752 D SurveyVM: hasTwoStepPrompt[Q7] -> true (eval=248, fu=273)
10-02 14:58:00.648 19752 19752 D SurveyVM: hasTwoStepPrompt[Q8] -> true (eval=190, fu=215)
10-02 14:58:00.648 19752 19752 D SurveyVM: hasTwoStepPrompt[Q9] -> true (eval=195, fu=220)
10-02 14:58:00.648 19752 19752 D SurveyVM: AI prompt coverage OK (aiCount=10)
10-02 14:58:00.728 19752 19752 I View    : setRequestedFrameRate frameRate=-4.0, this=android.view.View{fcdbddb V.ED..... ........ 0,0-0,0}, caller=androidx.compose.ui.platform.Api35Impl.setRequestedFrameRate:4047 androidx.compose.ui.platform.AndroidComposeView.dispatchDraw:2282 android.view.View.draw:26758 android.view.View.updateDisplayListIfDirty:25577 android.view.View.draw:26477 
10-02 14:58:00.728 19752 19752 D MainActivity: SLM Engine warm-up started. session=survey_config10.yaml@1 model=Gemma3n4B
10-02 14:58:00.730 19752 20679 D SLM     : initializeIfNeeded: model='Gemma3n4B' image=false audio=false
10-02 14:58:00.730 19752 20679 D LiteRtLM: initializeIfNeeded: warm runtime already ready: key='fs|dev=65088|ino=45187|size=4919541760|mtime=1790971030441'
10-02 14:58:00.731 19752 19752 D LiteRtRepository: warmUp: initializeIfNeeded ok gateWaitMs=0 initMs=2
10-02 14:58:00.731 19752 19752 D LiteRtRepository: warmUp: Engine ready; representative inference disabled totalMs=2
10-02 14:58:00.731 19752 19752 D MainActivity: SLM Engine warm-up finished. session=survey_config10.yaml@1 model=Gemma3n4B elapsedMs=2
10-02 14:58:10.660 19752 19851 I gi.survey.local: Explicit concurrent mark compact GC freed 644KB AllocSpace bytes, 14(312KB) LOS objects, 79% free, 6327KB/30MB, paused 128us,1.908ms total 27.808ms
10-02 14:58:17.892 19752 19752 I VRI[MainActivity]@ba2ccdd: ViewPostIme pointer 0
10-02 14:58:17.899 19752 19752 I VRI[MainActivity]@ba2ccdd: call setFrameRateCategory for touch hint category=high hint, reason=touch, vri=VRI[MainActivity]@ba2ccdd
10-02 14:58:17.903 19752 19752 I VRI[MainActivity]@ba2ccdd: ViewPostIme pointer 1
10-02 14:58:18.019 19752 19752 I View    : setRequestedFrameRate frameRate=NaN, this=android.view.View{fcdbddb V.ED..... ........ 0,0-0,0}, caller=androidx.compose.ui.platform.Api35Impl.setRequestedFrameRate:4047 androidx.compose.ui.platform.AndroidComposeView.dispatchDraw:2282 android.view.View.draw:26758 android.view.View.updateDisplayListIfDirty:25577 android.view.ViewGroup.recreateChildDisplayList:4881 
10-02 14:58:18.128 19752 19752 I ImeFocusController: onPreWindowFocus: skipped hasWindowFocus=false mHasImeFocus=true
10-02 14:58:18.130 19752 19752 I ImeFocusController: onPostWindowFocus: skipped hasWindowFocus=false mHasImeFocus=true
10-02 14:58:18.300 19752 19752 D InputTransport: Input channel destroyed: 'ClientS', fd=155
10-02 14:58:21.021 19752 19752 I VRI[MainActivity]@ba2ccdd: call setFrameRateCategory for touch hint category=no preference, reason=boost timeout, vri=VRI[MainActivity]@ba2ccdd
10-02 14:58:29.282 19752 19752 D CrashCapture: install: ensured default handler. where=selfHeal:onActivityResumed pid=19752 default=com.negi.survey.CrashCapture$CrashHandler@4728335
10-02 14:58:29.292 19752 19752 I TextToSpeech: Create TextToSpeech : caller process id[19752] / name[com.negi.survey.local] / target[null]
10-02 14:58:29.405 19752 19752 I TextToSpeech: com.negi.survey.local is not allowed to bind to private engine.
10-02 14:58:29.413 19752 19752 I TextToSpeech: getHighestRankedPublicEngineName = com.google.android.tts
10-02 14:58:29.415 19752 19752 I TextToSpeech: Sucessfully bound to com.google.android.tts
10-02 14:58:29.512 19752 19752 I View    : setRequestedFrameRate frameRate=-4.0, this=android.view.View{fcdbddb V.ED..... ........ 0,0-0,0}, caller=androidx.compose.ui.platform.Api35Impl.setRequestedFrameRate:4047 androidx.compose.ui.platform.AndroidComposeView.dispatchDraw:2282 android.view.View.draw:26758 android.view.View.updateDisplayListIfDirty:25577 android.view.View.draw:26477 
10-02 14:58:29.513 19752 19752 I View    : setRequestedFrameRate frameRate=NaN, this=android.view.View{fcdbddb V.ED..... ........ 0,0-0,0}, caller=androidx.compose.ui.platform.Api35Impl.setRequestedFrameRate:4047 androidx.compose.ui.platform.AndroidComposeView.dispatchDraw:2282 android.view.View.draw:26758 android.view.View.updateDisplayListIfDirty:25577 android.view.ViewGroup.recreateChildDisplayList:4881 
10-02 14:58:29.513 19752 19752 I InsetsSourceConsumer: applyRequestedVisibilityToControl: visible=true, type=navigationBars, host=com.negi.survey.local/com.negi.survey.MainActivity
10-02 14:58:29.514 19752 19752 I InsetsSourceConsumer: applyRequestedVisibilityToControl: visible=true, type=statusBars, host=com.negi.survey.local/com.negi.survey.MainActivity
10-02 14:58:29.514 19752 19752 D WhisperSpeechController: updateContext: surveyId=1c61e72a-7c13-4372-aa8d-c658a750c917, questionId=Start
10-02 14:58:29.529 19752 19752 D VRI[MainActivity]@ba2ccdd: mThreadedRenderer.initializeIfNeeded()#2 mSurface={isValid=true 0xb400007b97f0de20}
10-02 14:58:29.529 19752 19752 D InputMethodManagerUtils: startInputInner - Id : 0
10-02 14:58:29.529 19752 19752 I InputMethodManager: startInputInner - IInputMethodManagerGlobalInvoker.startInputOrWindowGainedFocus
10-02 14:58:29.532 19752 19752 D InsetsController: hide(ime())
10-02 14:58:29.532 19752 19752 I ImeTracker: com.negi.survey.local:1276e0fa: onCancelled at PHASE_CLIENT_ALREADY_HIDDEN
10-02 14:58:29.536 19752 19851 D InputTransport: Input channel constructed: 'ClientS', fd=117
10-02 14:58:29.692 19752 19852 I TextToSpeech: Connected to TTS engine
10-02 14:58:30.518 19752 19970 I TextToSpeech: Setting up the connection to TTS engine...
10-02 14:58:30.569 19752 19752 D TtsController: TextToSpeech ready: locale=en_US rate=1.0 pitch=1.0
10-02 14:58:43.635 19752 19752 I VRI[MainActivity]@ba2ccdd: ViewPostIme pointer 0
10-02 14:58:43.641 19752 19752 I VRI[MainActivity]@ba2ccdd: call setFrameRateCategory for touch hint category=high hint, reason=touch, vri=VRI[MainActivity]@ba2ccdd
10-02 14:58:43.646 19752 19752 I VRI[MainActivity]@ba2ccdd: ViewPostIme pointer 1
10-02 14:58:43.648 19752 19752 D WhisperSpeechController: stopRecording: not recording, ignoring
10-02 14:58:43.680 19752 19752 I View    : setRequestedFrameRate frameRate=-4.0, this=android.view.View{fcdbddb V.ED..... ........ 0,0-0,0}, caller=androidx.compose.ui.platform.Api35Impl.setRequestedFrameRate:4047 androidx.compose.ui.platform.AndroidComposeView.dispatchDraw:2282 android.view.View.draw:26758 android.view.View.updateDisplayListIfDirty:25577 android.view.ViewGroup.recreateChildDisplayList:4881 
10-02 14:58:43.681 19752 19752 I View    : setRequestedFrameRate frameRate=NaN, this=android.view.View{fcdbddb V.ED..... ........ 0,0-0,0}, caller=androidx.compose.ui.platform.Api35Impl.setRequestedFrameRate:4047 androidx.compose.ui.platform.AndroidComposeView.dispatchDraw:2282 android.view.View.draw:26758 android.view.View.updateDisplayListIfDirty:25577 android.view.ViewGroup.recreateChildDisplayList:4881 
10-02 14:58:43.683 19752 19752 D MainActivity: Home -> Start survey. session=survey_config10.yaml@1 freeTextDraftLen=0 (run-scoped)
10-02 14:58:43.687 19752 19752 D SurveyVM: resetAudioRefs -> cleared
10-02 14:58:43.688 19752 19752 D SurveyVM: resetNavToStart -> key=com.negi.survey.vm.FlowHome@753718a, navSize=1
10-02 14:58:43.688 19752 19752 D SurveyVM: resetToStart -> Start, session=1, uuid=e62d665e-992d-4f7a-833f-8c7e102fb2f6, preserveDraft=true, draftLen=0
10-02 14:58:43.688 19752 19752 D MainActivity: Home -> Start survey: runNoteLen=0 (restoredAfterReset)
10-02 14:58:43.688 19752 19752 D SurveyVM: activateRunIfNeeded(advanceToNext:Introduction) -> runNoteLen=0, draftCleared=true, uuid=e62d665e-992d-4f7a-833f-8c7e102fb2f6
10-02 14:58:43.689 19752 19752 D SurveyVM: push -> Introduction, navSize=2, stackSize=2
10-02 14:58:43.702 19752 19752 D WindowOnBackDispatcher: setTopOnBackInvokedCallback (unwrapped): androidx.navigationevent.OnBackInvokedInput$createOnBackAnimationCallback$1@d90ad5
10-02 14:58:43.708 19752 19752 I View    : setRequestedFrameRate frameRate=-4.0, this=android.view.View{fcdbddb V.ED..... ........ 0,0-0,0}, caller=androidx.compose.ui.platform.Api35Impl.setRequestedFrameRate:4047 androidx.compose.ui.platform.AndroidComposeView.dispatchDraw:2282 android.view.View.draw:26758 android.view.View.updateDisplayListIfDirty:25577 android.view.ViewGroup.recreateChildDisplayList:4881 
10-02 14:58:43.708 19752 19752 D WhisperSpeechController: updateContext: surveyId=e62d665e-992d-4f7a-833f-8c7e102fb2f6, questionId=Introduction
10-02 14:58:43.768 19752 19752 I View    : setRequestedFrameRate frameRate=NaN, this=android.view.View{fcdbddb V.ED..... ........ 0,0-0,0}, caller=androidx.compose.ui.platform.Api35Impl.setRequestedFrameRate:4047 androidx.compose.ui.platform.AndroidComposeView.dispatchDraw:2282 android.view.View.draw:26758 android.view.View.updateDisplayListIfDirty:25577 android.view.ViewGroup.recreateChildDisplayList:4881 
10-02 14:58:46.651 19752 19752 I VRI[MainActivity]@ba2ccdd: call setFrameRateCategory for touch hint category=no preference, reason=boost timeout, vri=VRI[MainActivity]@ba2ccdd
10-02 14:58:47.034 19752 19752 I VRI[MainActivity]@ba2ccdd: ViewPostIme pointer 0
10-02 14:58:47.039 19752 19752 I VRI[MainActivity]@ba2ccdd: call setFrameRateCategory for touch hint category=high hint, reason=touch, vri=VRI[MainActivity]@ba2ccdd
10-02 14:58:47.055 19752 19752 I View    : setRequestedFrameRate frameRate=-4.0, this=android.view.View{fcdbddb V.ED..... ........ 0,0-0,0}, caller=androidx.compose.ui.platform.Api35Impl.setRequestedFrameRate:4047 androidx.compose.ui.platform.AndroidComposeView.dispatchDraw:2282 android.view.View.draw:26758 android.view.View.updateDisplayListIfDirty:25577 android.view.ViewGroup.recreateChildDisplayList:4881 
10-02 14:58:47.083 19752 19752 I VRI[MainActivity]@ba2ccdd: ViewPostIme pointer 1
10-02 14:58:47.302 19752 19752 I View    : setRequestedFrameRate frameRate=NaN, this=android.view.View{fcdbddb V.ED..... ........ 0,0-0,0}, caller=androidx.compose.ui.platform.Api35Impl.setRequestedFrameRate:4047 androidx.compose.ui.platform.AndroidComposeView.dispatchDraw:2282 android.view.View.draw:26758 android.view.View.updateDisplayListIfDirty:25577 android.view.ViewGroup.recreateChildDisplayList:4881 
10-02 14:58:50.088 19752 19752 I VRI[MainActivity]@ba2ccdd: call setFrameRateCategory for touch hint category=no preference, reason=boost timeout, vri=VRI[MainActivity]@ba2ccdd
10-02 14:58:56.919 19752 19752 I VRI[MainActivity]@ba2ccdd: ViewPostIme pointer 0
10-02 14:58:56.923 19752 19752 I VRI[MainActivity]@ba2ccdd: call setFrameRateCategory for touch hint category=high hint, reason=touch, vri=VRI[MainActivity]@ba2ccdd
10-02 14:58:56.925 19752 19752 I VRI[MainActivity]@ba2ccdd: ViewPostIme pointer 1
10-02 14:58:56.927 19752 19752 D SurveyVM: push -> Consent, navSize=3, stackSize=3
10-02 14:58:56.947 19752 19752 I View    : setRequestedFrameRate frameRate=-4.0, this=android.view.View{fcdbddb V.ED..... ........ 0,0-0,0}, caller=androidx.compose.ui.platform.Api35Impl.setRequestedFrameRate:4047 androidx.compose.ui.platform.AndroidComposeView.dispatchDraw:2282 android.view.View.draw:26758 android.view.View.updateDisplayListIfDirty:25577 android.view.ViewGroup.recreateChildDisplayList:4881 
10-02 14:58:56.948 19752 19752 I View    : setRequestedFrameRate frameRate=NaN, this=android.view.View{fcdbddb V.ED..... ........ 0,0-0,0}, caller=androidx.compose.ui.platform.Api35Impl.setRequestedFrameRate:4047 androidx.compose.ui.platform.AndroidComposeView.dispatchDraw:2282 android.view.View.draw:26758 android.view.View.updateDisplayListIfDirty:25577 android.view.ViewGroup.recreateChildDisplayList:4881 
10-02 14:58:56.949 19752 19752 D WhisperSpeechController: updateContext: surveyId=e62d665e-992d-4f7a-833f-8c7e102fb2f6, questionId=Consent
10-02 14:58:56.983 19752 19752 I View    : setRequestedFrameRate frameRate=-4.0, this=android.view.View{fcdbddb V.ED..... ........ 0,0-0,0}, caller=androidx.compose.ui.platform.Api35Impl.setRequestedFrameRate:4047 androidx.compose.ui.platform.AndroidComposeView.dispatchDraw:2282 android.view.View.draw:26758 android.view.View.updateDisplayListIfDirty:25577 android.view.ViewGroup.recreateChildDisplayList:4881 
10-02 14:58:56.989 19752 19752 I View    : setRequestedFrameRate frameRate=NaN, this=android.view.View{fcdbddb V.ED..... ........ 0,0-0,0}, caller=androidx.compose.ui.platform.Api35Impl.setRequestedFrameRate:4047 androidx.compose.ui.platform.AndroidComposeView.dispatchDraw:2282 android.view.View.draw:26758 android.view.View.updateDisplayListIfDirty:25577 android.view.ViewGroup.recreateChildDisplayList:4881 
10-02 14:58:59.929 19752 19752 I VRI[MainActivity]@ba2ccdd: call setFrameRateCategory for touch hint category=no preference, reason=boost timeout, vri=VRI[MainActivity]@ba2ccdd
10-02 14:59:11.317 19752 19752 I VRI[MainActivity]@ba2ccdd: ViewPostIme pointer 0
10-02 14:59:11.324 19752 19752 I VRI[MainActivity]@ba2ccdd: call setFrameRateCategory for touch hint category=high hint, reason=touch, vri=VRI[MainActivity]@ba2ccdd
10-02 14:59:11.327 19752 19752 I VRI[MainActivity]@ba2ccdd: ViewPostIme pointer 1
10-02 14:59:11.351 19752 19752 I View    : setRequestedFrameRate frameRate=-4.0, this=android.view.View{fcdbddb V.ED..... ........ 0,0-0,0}, caller=androidx.compose.ui.platform.Api35Impl.setRequestedFrameRate:4047 androidx.compose.ui.platform.AndroidComposeView.dispatchDraw:2282 android.view.View.draw:26758 android.view.View.updateDisplayListIfDirty:25577 android.view.ViewGroup.recreateChildDisplayList:4881 
10-02 14:59:11.351 19752 19752 I View    : setRequestedFrameRate frameRate=NaN, this=android.view.View{fcdbddb V.ED..... ........ 0,0-0,0}, caller=androidx.compose.ui.platform.Api35Impl.setRequestedFrameRate:4047 androidx.compose.ui.platform.AndroidComposeView.dispatchDraw:2282 android.view.View.draw:26758 android.view.View.updateDisplayListIfDirty:25577 android.view.ViewGroup.recreateChildDisplayList:4881 
10-02 14:59:14.334 19752 19752 I VRI[MainActivity]@ba2ccdd: call setFrameRateCategory for touch hint category=no preference, reason=boost timeout, vri=VRI[MainActivity]@ba2ccdd
10-02 14:59:15.837 19752 19752 I VRI[MainActivity]@ba2ccdd: ViewPostIme pointer 0
10-02 14:59:15.843 19752 19752 I VRI[MainActivity]@ba2ccdd: call setFrameRateCategory for touch hint category=high hint, reason=touch, vri=VRI[MainActivity]@ba2ccdd
10-02 14:59:15.845 19752 19752 I VRI[MainActivity]@ba2ccdd: ViewPostIme pointer 1
10-02 14:59:15.848 19752 19752 D SurveyVM: push -> Q1, navSize=4, stackSize=4
10-02 14:59:15.877 19752 19752 I View    : setRequestedFrameRate frameRate=-4.0, this=android.view.View{fcdbddb V.ED..... ........ 0,0-0,0}, caller=androidx.compose.ui.platform.Api35Impl.setRequestedFrameRate:4047 androidx.compose.ui.platform.AndroidComposeView.dispatchDraw:2282 android.view.View.draw:26758 android.view.View.updateDisplayListIfDirty:25577 android.view.ViewGroup.recreateChildDisplayList:4881 
10-02 14:59:15.878 19752 19752 D WhisperSpeechController: updateContext: surveyId=e62d665e-992d-4f7a-833f-8c7e102fb2f6, questionId=Q1
10-02 14:59:15.881 19752 19752 I View    : setRequestedFrameRate frameRate=NaN, this=android.view.View{fcdbddb V.ED..... ........ 0,0-0,0}, caller=androidx.compose.ui.platform.Api35Impl.setRequestedFrameRate:4047 androidx.compose.ui.platform.AndroidComposeView.dispatchDraw:2282 android.view.View.draw:26758 android.view.View.updateDisplayListIfDirty:25577 android.view.ViewGroup.recreateChildDisplayList:4881 
10-02 14:59:18.853 19752 19752 I VRI[MainActivity]@ba2ccdd: call setFrameRateCategory for touch hint category=no preference, reason=boost timeout, vri=VRI[MainActivity]@ba2ccdd
10-02 14:59:29.553 19752 19752 I VRI[MainActivity]@ba2ccdd: ViewPostIme pointer 0
10-02 14:59:29.555 19752 19752 I VRI[MainActivity]@ba2ccdd: call setFrameRateCategory for touch hint category=high hint, reason=touch, vri=VRI[MainActivity]@ba2ccdd
10-02 14:59:29.556 19752 19752 I VRI[MainActivity]@ba2ccdd: ViewPostIme pointer 1
10-02 14:59:29.573 19752 19752 I View    : setRequestedFrameRate frameRate=-4.0, this=android.view.View{fcdbddb V.ED..... ........ 0,0-0,0}, caller=androidx.compose.ui.platform.Api35Impl.setRequestedFrameRate:4047 androidx.compose.ui.platform.AndroidComposeView.dispatchDraw:2282 android.view.View.draw:26758 android.view.View.updateDisplayListIfDirty:25577 android.view.ViewGroup.recreateChildDisplayList:4881 
10-02 14:59:29.573 19752 19752 I View    : setRequestedFrameRate frameRate=NaN, this=android.view.View{fcdbddb V.ED..... ........ 0,0-0,0}, caller=androidx.compose.ui.platform.Api35Impl.setRequestedFrameRate:4047 androidx.compose.ui.platform.AndroidComposeView.dispatchDraw:2282 android.view.View.draw:26758 android.view.View.updateDisplayListIfDirty:25577 android.view.ViewGroup.recreateChildDisplayList:4881 
10-02 14:59:32.563 19752 19752 I VRI[MainActivity]@ba2ccdd: call setFrameRateCategory for touch hint category=no preference, reason=boost timeout, vri=VRI[MainActivity]@ba2ccdd
10-02 14:59:34.149 19752 19752 I VRI[MainActivity]@ba2ccdd: ViewPostIme pointer 0
10-02 14:59:34.153 19752 19752 I VRI[MainActivity]@ba2ccdd: call setFrameRateCategory for touch hint category=high hint, reason=touch, vri=VRI[MainActivity]@ba2ccdd
10-02 14:59:34.156 19752 19752 I VRI[MainActivity]@ba2ccdd: ViewPostIme pointer 1
10-02 14:59:34.159 19752 19752 D SurveyVM: push -> Q2, navSize=5, stackSize=5
10-02 14:59:34.184 19752 19752 I View    : setRequestedFrameRate frameRate=-4.0, this=android.view.View{fcdbddb V.ED..... ........ 0,0-0,0}, caller=androidx.compose.ui.platform.Api35Impl.setRequestedFrameRate:4047 androidx.compose.ui.platform.AndroidComposeView.dispatchDraw:2282 android.view.View.draw:26758 android.view.View.updateDisplayListIfDirty:25577 android.view.ViewGroup.recreateChildDisplayList:4881 
10-02 14:59:34.185 19752 19752 D WhisperSpeechController: updateContext: surveyId=e62d665e-992d-4f7a-833f-8c7e102fb2f6, questionId=Q2
10-02 14:59:34.191 19752 19752 I View    : setRequestedFrameRate frameRate=NaN, this=android.view.View{fcdbddb V.ED..... ........ 0,0-0,0}, caller=androidx.compose.ui.platform.Api35Impl.setRequestedFrameRate:4047 androidx.compose.ui.platform.AndroidComposeView.dispatchDraw:2282 android.view.View.draw:26758 android.view.View.updateDisplayListIfDirty:25577 android.view.ViewGroup.recreateChildDisplayList:4881 
10-02 14:59:37.164 19752 19752 I VRI[MainActivity]@ba2ccdd: call setFrameRateCategory for touch hint category=no preference, reason=boost timeout, vri=VRI[MainActivity]@ba2ccdd
10-02 14:59:54.741 19752 19752 I VRI[MainActivity]@ba2ccdd: ViewPostIme pointer 0
10-02 14:59:54.746 19752 19752 I VRI[MainActivity]@ba2ccdd: call setFrameRateCategory for touch hint category=high hint, reason=touch, vri=VRI[MainActivity]@ba2ccdd
10-02 14:59:54.748 19752 19752 I VRI[MainActivity]@ba2ccdd: ViewPostIme pointer 1
10-02 14:59:54.775 19752 19752 I View    : setRequestedFrameRate frameRate=-4.0, this=android.view.View{fcdbddb V.ED..... ........ 0,0-0,0}, caller=androidx.compose.ui.platform.Api35Impl.setRequestedFrameRate:4047 androidx.compose.ui.platform.AndroidComposeView.dispatchDraw:2282 android.view.View.draw:26758 android.view.View.updateDisplayListIfDirty:25577 android.view.ViewGroup.recreateChildDisplayList:4881 
10-02 14:59:54.775 19752 19752 I View    : setRequestedFrameRate frameRate=NaN, this=android.view.View{fcdbddb V.ED..... ........ 0,0-0,0}, caller=androidx.compose.ui.platform.Api35Impl.setRequestedFrameRate:4047 androidx.compose.ui.platform.AndroidComposeView.dispatchDraw:2282 android.view.View.draw:26758 android.view.View.updateDisplayListIfDirty:25577 android.view.ViewGroup.recreateChildDisplayList:4881 
10-02 14:59:57.755 19752 19752 I VRI[MainActivity]@ba2ccdd: call setFrameRateCategory for touch hint category=no preference, reason=boost timeout, vri=VRI[MainActivity]@ba2ccdd
10-02 14:59:58.574 19752 19752 I VRI[MainActivity]@ba2ccdd: ViewPostIme pointer 0
10-02 14:59:58.580 19752 19752 I VRI[MainActivity]@ba2ccdd: call setFrameRateCategory for touch hint category=high hint, reason=touch, vri=VRI[MainActivity]@ba2ccdd
10-02 14:59:58.583 19752 19752 I VRI[MainActivity]@ba2ccdd: ViewPostIme pointer 1
10-02 14:59:58.587 19752 19752 D SurveyVM: push -> Q3, navSize=6, stackSize=6
10-02 14:59:58.609 19752 19752 I View    : setRequestedFrameRate frameRate=-4.0, this=android.view.View{fcdbddb V.ED..... ........ 0,0-0,0}, caller=androidx.compose.ui.platform.Api35Impl.setRequestedFrameRate:4047 androidx.compose.ui.platform.AndroidComposeView.dispatchDraw:2282 android.view.View.draw:26758 android.view.View.updateDisplayListIfDirty:25577 android.view.ViewGroup.recreateChildDisplayList:4881 
10-02 14:59:58.610 19752 19752 D WhisperSpeechController: updateContext: surveyId=e62d665e-992d-4f7a-833f-8c7e102fb2f6, questionId=Q3
10-02 14:59:58.663 19752 19752 I View    : setRequestedFrameRate frameRate=NaN, this=android.view.View{fcdbddb V.ED..... ........ 0,0-0,0}, caller=androidx.compose.ui.platform.Api35Impl.setRequestedFrameRate:4047 androidx.compose.ui.platform.AndroidComposeView.dispatchDraw:2282 android.view.View.draw:26758 android.view.View.updateDisplayListIfDirty:25577 android.view.ViewGroup.recreateChildDisplayList:4881 
10-02 15:00:01.590 19752 19752 I VRI[MainActivity]@ba2ccdd: call setFrameRateCategory for touch hint category=no preference, reason=boost timeout, vri=VRI[MainActivity]@ba2ccdd
10-02 15:00:10.465 19752 19752 I VRI[MainActivity]@ba2ccdd: ViewPostIme pointer 0
10-02 15:00:10.482 19752 19752 I VRI[MainActivity]@ba2ccdd: call setFrameRateCategory for touch hint category=high hint, reason=touch, vri=VRI[MainActivity]@ba2ccdd
10-02 15:00:10.485 19752 19752 I VRI[MainActivity]@ba2ccdd: ViewPostIme pointer 1
10-02 15:00:10.543 19752 19752 D InputMethodManagerUtils: startInputInner - Id : 0
10-02 15:00:10.544 19752 19752 I InputMethodManager: startInputInner - IInputMethodManagerGlobalInvoker.startInputOrWindowGainedFocus
10-02 15:00:10.546 19752 19752 D InputMethodManagerUtils: startInputInner - Id : 0
10-02 15:00:10.546 19752 19752 I InputMethodManager: startInputInner - IInputMethodManagerGlobalInvoker.startInputOrWindowGainedFocus
10-02 15:00:10.546 19752 19752 D InsetsController: show(ime())
10-02 15:00:10.547 19752 19752 I ImeTracker: com.negi.survey.local:bf3b1e: onRequestShow at ORIGIN_CLIENT reason SHOW_SOFT_INPUT_BY_INSETS_API fromUser false
10-02 15:00:10.550 19752 19752 D InsetsController: Setting requestedVisibleTypes to 511 (was 503)
10-02 15:00:10.550 19752 19752 I InsetsController: setRequestedVisibleTypes: visible=true, mask=ime, host=com.negi.survey.local/com.negi.survey.MainActivity, from=android.view.InsetsController.controlAnimationUnchecked:1646 android.view.InsetsController.applyAnimation:2278 android.view.InsetsController.applyAnimation:2207 android.view.InsetsController.show:1498 android.view.InsetsController.show:1435 androidx.core.view.SoftwareKeyboardControllerCompat$Impl30.show:189 androidx.core.view.SoftwareKeyboardControllerCompat.show:70 androidx.compose.ui.text.input.InputMethodManagerImpl.showSoftInput:81 androidx.compose.ui.text.input.TextInputServiceAndroid.setKeyboardVisibleImmediately:468 androidx.compose.ui.text.input.TextInputServiceAndroid.processInputCommands:352 
10-02 15:00:10.557 19752 19852 D InputTransport: Input channel constructed: 'ClientS', fd=190
10-02 15:00:10.582 19752 19852 D InputTransport: Input channel constructed: 'ClientS', fd=192
10-02 15:00:10.589 19752 19752 I AssistStructure: Flattened final assist data: 520 bytes, containing 1 windows, 3 views
10-02 15:00:10.592 19752 19752 I InputMethodManager_LC: showSoftInput(View,I)
10-02 15:00:10.592 19752 19752 I ImeTracker: com.negi.survey.local:79f3c630: onRequestShow at ORIGIN_CLIENT reason SHOW_SOFT_INPUT fromUser false
10-02 15:00:10.592 19752 19752 I InputMethodManager_LC: ssi(): flags=0 view=com.negi.survey.local reason=SHOW_SOFT_INPUT
10-02 15:00:10.592 19752 19752 I InputMethodManager_LC: ssi() view is not EditText
10-02 15:00:10.592 19752 19752 D InsetsController: show(ime())
10-02 15:00:10.592 19752 19752 I ImeTracker: com.negi.survey.local:79f3c630: onCancelled at PHASE_CLIENT_REPORT_REQUESTED_VISIBLE_TYPES
10-02 15:00:10.599 19752 19752 I VRI[MainActivity]@ba2ccdd: handleResized, frames=ClientWindowFrames{frame=[0,0][1080,2340] display=[0,0][1080,2340] parentFrame=[0,0][0,0]} displayId=0 dragResizing=false compatScale=1.0 frameChanged=false attachedFrameChanged=false configChanged=false displayChanged=false compatScaleChanged=false dragResizingChanged=false
10-02 15:00:10.608 19752 19752 I View    : setRequestedFrameRate frameRate=-4.0, this=android.view.View{fcdbddb V.ED..... ........ 0,0-0,0}, caller=androidx.compose.ui.platform.Api35Impl.setRequestedFrameRate:4047 androidx.compose.ui.platform.AndroidComposeView.dispatchDraw:2282 android.view.View.draw:26758 android.view.View.updateDisplayListIfDirty:25577 android.view.ViewGroup.recreateChildDisplayList:4881 
10-02 15:00:10.662 19752 19752 W RemoteInputConnectionImpl: getExtractedText on inactive InputConnection
10-02 15:00:10.739 19752 19752 I View    : setRequestedFrameRate frameRate=NaN, this=android.view.View{fcdbddb V.ED..... ........ 0,0-0,0}, caller=androidx.compose.ui.platform.Api35Impl.setRequestedFrameRate:4047 androidx.compose.ui.platform.AndroidComposeView.dispatchDraw:2282 android.view.View.draw:26758 android.view.View.updateDisplayListIfDirty:25577 android.view.ViewGroup.recreateChildDisplayList:4881 
10-02 15:00:10.747 19752 19752 I View    : setRequestedFrameRate frameRate=-4.0, this=android.view.View{fcdbddb V.ED..... ........ 0,0-0,0}, caller=androidx.compose.ui.platform.Api35Impl.setRequestedFrameRate:4047 androidx.compose.ui.platform.AndroidComposeView.dispatchDraw:2282 android.view.View.draw:26758 android.view.View.updateDisplayListIfDirty:25577 android.view.ViewGroup.recreateChildDisplayList:4881 
10-02 15:00:10.755 19752 19752 I View    : setRequestedFrameRate frameRate=NaN, this=android.view.View{fcdbddb V.ED..... ........ 0,0-0,0}, caller=androidx.compose.ui.platform.Api35Impl.setRequestedFrameRate:4047 androidx.compose.ui.platform.AndroidComposeView.dispatchDraw:2282 android.view.View.draw:26758 android.view.View.updateDisplayListIfDirty:25577 android.view.ViewGroup.recreateChildDisplayList:4881 
10-02 15:00:10.764 19752 19752 I View    : setRequestedFrameRate frameRate=-4.0, this=android.view.View{fcdbddb V.ED..... ........ 0,0-0,0}, caller=androidx.compose.ui.platform.Api35Impl.setRequestedFrameRate:4047 androidx.compose.ui.platform.AndroidComposeView.dispatchDraw:2282 android.view.View.draw:26758 android.view.View.updateDisplayListIfDirty:25577 android.view.ViewGroup.recreateChildDisplayList:4881 
10-02 15:00:10.770 19752 19752 I View    : setRequestedFrameRate frameRate=NaN, this=android.view.View{fcdbddb V.ED..... ........ 0,0-0,0}, caller=androidx.compose.ui.platform.Api35Impl.setRequestedFrameRate:4047 androidx.compose.ui.platform.AndroidComposeView.dispatchDraw:2282 android.view.View.draw:26758 android.view.View.updateDisplayListIfDirty:25577 android.view.ViewGroup.recreateChildDisplayList:4881 
10-02 15:00:10.871 19752 19752 D WindowOnBackDispatcher: setTopOnBackInvokedCallback (unwrapped): android.view.ImeBackAnimationController@d88cdb2
10-02 15:00:10.946 19752 19752 I InsetsController: onStateChanged: host=com.negi.survey.local/com.negi.survey.MainActivity, from=android.view.ViewRootImpl.onInsetsStateChanged:3038, state=InsetsState: {mDisplayFrame=Rect(0, 0 - 1080, 2340), mDisplayCutout=DisplayCutout{insets=Rect(0, 82 - 0, 0) waterfall=Insets{left=0, top=0, right=0, bottom=0} boundingRect={Bounds=[Rect(0, 0 - 0, 0), Rect(511, 24 - 569, 82), Rect(0, 0 - 0, 0), Rect(0, 0 - 0, 0)]} cutoutPathParserInfo={CutoutPathParserInfo{displayWidth=1080 displayHeight=2340 physicalDisplayWidth=1080 physicalDisplayHeight=2340 density={2.8125} cutoutSpec={M 0,0 M 0, 8.533333333333333 a 10.31111111111111,10.31111111111111 0 1,0 0,20.62222222222222 a 10.31111111111111,10.31111111111111 0 1,0 0,-20.62222222222222 Z @dp} rotation={0} scale={1.0} physicalPixelDisplaySizeRatio={1.0}}} sideOverrides={}}, mRoundedCorners=RoundedCorners{[RoundedCorner{position=TopLeft, radius=113, center=Point(113, 113)}, RoundedCorner{position=TopRight, radius=113, center=Point(967, 113)}, RoundedCorner{position=BottomRight, radius=113, center=Point(967, 2227)}, RoundedCorner{position=BottomLeft, radius=113, center=Point(113, 2227)}]}  mRoundedCornerFrame=Rect(0, 0 - 1080, 2340), mPrivacyIndicatorBounds=PrivacyIndicatorBounds {static bounds=Rect(956, 0 - 1080, 97) rotation=0}, mDisplayShape=DisplayShape{ spec=-311912193 displayWidth=1080 displayHeight=2340 physicalPixelDisplaySizeRatio=1.0 rotation=0 offsetX=0 offsetY=0 scale=1.0}, mSources= { InsetsSource: {d29a0000 mType=statusBars mFrame=[0,0][1080,97] mAttachedInsets=null mVisible=true mFlags= mSideHint=TOP mBoundingRects=null}, InsetsSource: {d29a0005 mType=mandatorySystemGestures mFrame=[0,0][1080,116] mAttachedInsets=null mVisible=true mFlags= mSideHint=TOP mBoundingRects=null}, InsetsSource: {d29a0006 mType=tappableElement mFrame=[0,0][1080,97] mAttachedInsets=null mVisible=true mFlags= mSideHint=TOP mBoundingRects=null}, InsetsSource: {3 mType=ime mFrame=[0,1332][1080,2340] mAttachedInsets=null mVisible=true mFlags= mSideHint=BOTTOM mBoundingRects=null}, InsetsSource: {27 mType=displayCutout mFrame=[0,0][1080,82] mAttachedInsets=null mVisible=true mFlags= mSideHint=TOP mBoundingRects=null}, InsetsSource: {4b5d0001 mType=navigationBars mFrame=[0,2205][1080,2340] mAttachedInsets=null mVisible=true mFlags= mSideHint=BOTTOM mBoundingRects=null}, InsetsSource: {4b5d0004 mType=systemGestures mFrame=[0,0][0,0] mAttachedInsets=null mVisible=true mFlags= mSideHint=NONE mBoundingRects=null}, InsetsSource: {4b5d0005 mType=mandatorySystemGestures mFrame=[0,2205][1080,2340] mAttachedInsets=null mVisible=true mFlags= mSideHint=BOTTOM mBoundingRects=null}, InsetsSource: {4b5d0006 mType=tappableElement mFrame=[0,2205][1080,2340] mAttachedInsets=null mVisible=true mFlags= mSideHint=BOTTOM mBoundingRects=null}, InsetsSource: {4b5d0024 mType=systemGestures mFrame=[0,0][0,0] mAttachedInsets=null mVisible=true mFlags= mSideHint=NONE mBoundingRects=null} }
10-02 15:00:10.946 19752 19752 I VRI[MainActivity]@ba2ccdd: handleResized, frames=ClientWindowFrames{frame=[0,0][1080,2340] display=[0,0][1080,2340] parentFrame=[0,0][0,0]} displayId=0 dragResizing=false compatScale=1.0 frameChanged=false attachedFrameChanged=false configChanged=false displayChanged=false compatScaleChanged=false dragResizingChanged=false
10-02 15:00:10.953 19752 19752 I InsetsController: onStateChanged: host=com.negi.survey.local/com.negi.survey.MainActivity, from=android.view.ViewRootImpl.onInsetsStateChanged:3038, state=InsetsState: {mDisplayFrame=Rect(0, 0 - 1080, 2340), mDisplayCutout=DisplayCutout{insets=Rect(0, 82 - 0, 0) waterfall=Insets{left=0, top=0, right=0, bottom=0} boundingRect={Bounds=[Rect(0, 0 - 0, 0), Rect(511, 24 - 569, 82), Rect(0, 0 - 0, 0), Rect(0, 0 - 0, 0)]} cutoutPathParserInfo={CutoutPathParserInfo{displayWidth=1080 displayHeight=2340 physicalDisplayWidth=1080 physicalDisplayHeight=2340 density={2.8125} cutoutSpec={M 0,0 M 0, 8.533333333333333 a 10.31111111111111,10.31111111111111 0 1,0 0,20.62222222222222 a 10.31111111111111,10.31111111111111 0 1,0 0,-20.62222222222222 Z @dp} rotation={0} scale={1.0} physicalPixelDisplaySizeRatio={1.0}}} sideOverrides={}}, mRoundedCorners=RoundedCorners{[RoundedCorner{position=TopLeft, radius=113, center=Point(113, 113)}, RoundedCorner{position=TopRight, radius=113, center=Point(967, 113)}, RoundedCorner{position=BottomRight, radius=113, center=Point(967, 2227)}, RoundedCorner{position=BottomLeft, radius=113, center=Point(113, 2227)}]}  mRoundedCornerFrame=Rect(0, 0 - 1080, 2340), mPrivacyIndicatorBounds=PrivacyIndicatorBounds {static bounds=Rect(956, 0 - 1080, 97) rotation=0}, mDisplayShape=DisplayShape{ spec=-311912193 displayWidth=1080 displayHeight=2340 physicalPixelDisplaySizeRatio=1.0 rotation=0 offsetX=0 offsetY=0 scale=1.0}, mSources= { InsetsSource: {d29a0000 mType=statusBars mFrame=[0,0][1080,97] mAttachedInsets=null mVisible=true mFlags= mSideHint=TOP mBoundingRects=null}, InsetsSource: {d29a0005 mType=mandatorySystemGestures mFrame=[0,0][1080,116] mAttachedInsets=null mVisible=true mFlags= mSideHint=TOP mBoundingRects=null}, InsetsSource: {d29a0006 mType=tappableElement mFrame=[0,0][1080,97] mAttachedInsets=null mVisible=true mFlags= mSideHint=TOP mBoundingRects=null}, InsetsSource: {3 mType=ime mFrame=[0,1332][1080,2340] mAttachedInsets=null mVisible=true mFlags= mSideHint=BOTTOM mBoundingRects=null}, InsetsSource: {27 mType=displayCutout mFrame=[0,0][1080,82] mAttachedInsets=null mVisible=true mFlags= mSideHint=TOP mBoundingRects=null}, InsetsSource: {4b5d0001 mType=navigationBars mFrame=[0,2205][1080,2340] mAttachedInsets=null mVisible=true mFlags= mSideHint=BOTTOM mBoundingRects=null}, InsetsSource: {4b5d0004 mType=systemGestures mFrame=[0,0][0,0] mAttachedInsets=null mVisible=true mFlags= mSideHint=NONE mBoundingRects=null}, InsetsSource: {4b5d0005 mType=mandatorySystemGestures mFrame=[0,2205][1080,2340] mAttachedInsets=null mVisible=true mFlags= mSideHint=BOTTOM mBoundingRects=null}, InsetsSource: {4b5d0006 mType=tappableElement mFrame=[0,2205][1080,2340] mAttachedInsets=null mVisible=true mFlags= mSideHint=BOTTOM mBoundingRects=null}, InsetsSource: {4b5d0024 mType=systemGestures mFrame=[0,0][0,0] mAttachedInsets=null mVisible=true mFlags= mSideHint=NONE mBoundingRects=null} }
10-02 15:00:10.959 19752 19752 D VRI[MainActivity]@ba2ccdd: WindowInsets changed: ime:[0,0,0,1008] 
10-02 15:00:10.961 19752 19752 I BLASTBufferQueue_Java: update, w= 1080 h= 2340 mName = VRI[MainActivity]@ba2ccdd mNativeObject= 0xb400007c57f142d0 sc.mNativeObject= 0xb400007ba7ee7d10 format= -1 caller= android.view.ViewRootImpl.updateBlastSurfaceIfNeeded:3592 android.view.ViewRootImpl.relayoutWindow:11813 android.view.ViewRootImpl.performTraversals:4840 android.view.ViewRootImpl.doTraversal:3959 android.view.ViewRootImpl$TraversalRunnable.run:13034 android.view.Choreographer$CallbackRecord.run:1961 
10-02 15:00:10.961 19752 19752 I VRI[MainActivity]@ba2ccdd: Relayout returned: old=(0,0,1080,2340) new=(0,0,1080,2340) relayoutAsync=true req=(1080,2340)0 dur=0 res=0x0 s={true 0xb400007b97f0de20} ch=false seqId=0
10-02 15:00:10.969 19752 19752 W InteractionJankMonitor: Initializing without READ_DEVICE_CONFIG permission. enabled=false, interval=1, missedFrameThreshold=3, frameTimeThreshold=64, package=com.negi.survey.local
10-02 15:00:10.972 19752 19752 I VRI[MainActivity]@ba2ccdd: registerCallbackForPendingTransactions
10-02 15:00:10.974 19752 19977 I VRI[MainActivity]@ba2ccdd: mWNT: t=0xb400007b78651b60 mBlastBufferQueue=0xb400007c57f142d0 fn= 6032 HdrRenderState mRenderHdrSdrRatio=1.0 caller= android.view.SyncRtSurfaceTransactionApplier.applyTransaction:102 android.view.SyncRtSurfaceTransactionApplier.lambda$scheduleApply$0:75 android.view.SyncRtSurfaceTransactionApplier.$r8$lambda$afI4fXg3U3-nBZQEDQMiNy-B06s:0 
10-02 15:00:10.974 19752 19977 I VRI[MainActivity]@ba2ccdd: mWNT: t=0xb400007b78658cb0 mBlastBufferQueue=0xb400007c57f142d0 fn= 6032 HdrRenderState mRenderHdrSdrRatio=1.0 caller= android.view.ViewRootImpl$10.onFrameDraw:6615 android.view.ViewRootImpl$4.onFrameDraw:2485 android.view.ThreadedRenderer$1.onFrameDraw:751 
10-02 15:00:10.975 19752 19978 I VRI[MainActivity]@ba2ccdd: mWNT: t=0xb400007b7866f0d0 mBlastBufferQueue=0xb400007c57f142d0 fn= 6033 HdrRenderState mRenderHdrSdrRatio=1.0 caller= android.view.SyncRtSurfaceTransactionApplier.applyTransaction:102 android.view.SyncRtSurfaceTransactionApplier.lambda$scheduleApply$0:75 android.view.SyncRtSurfaceTransactionApplier.$r8$lambda$afI4fXg3U3-nBZQEDQMiNy-B06s:0 
10-02 15:00:10.984 19752 19752 I View    : setRequestedFrameRate frameRate=-4.0, this=android.view.View{fcdbddb V.ED..... ........ 0,0-0,0}, caller=androidx.compose.ui.platform.Api35Impl.setRequestedFrameRate:4047 androidx.compose.ui.platform.AndroidComposeView.dispatchDraw:2282 android.view.View.draw:26758 android.view.View.updateDisplayListIfDirty:25577 android.view.View.draw:26477 
10-02 15:00:10.985 19752 19977 I VRI[MainActivity]@ba2ccdd: mWNT: t=0xb400007b7865af60 mBlastBufferQueue=0xb400007c57f142d0 fn= 6034 HdrRenderState mRenderHdrSdrRatio=1.0 caller= android.view.SyncRtSurfaceTransactionApplier.applyTransaction:102 android.view.SyncRtSurfaceTransactionApplier.lambda$scheduleApply$0:75 android.view.SyncRtSurfaceTransactionApplier.$r8$lambda$afI4fXg3U3-nBZQEDQMiNy-B06s:0 
10-02 15:00:10.991 19752 19978 I VRI[MainActivity]@ba2ccdd: mWNT: t=0xb400007b786698f0 mBlastBufferQueue=0xb400007c57f142d0 fn= 6035 HdrRenderState mRenderHdrSdrRatio=1.0 caller= android.view.SyncRtSurfaceTransactionApplier.applyTransaction:102 android.view.SyncRtSurfaceTransactionApplier.lambda$scheduleApply$0:75 android.view.SyncRtSurfaceTransactionApplier.$r8$lambda$afI4fXg3U3-nBZQEDQMiNy-B06s:0 
10-02 15:00:10.997 19752 19977 I VRI[MainActivity]@ba2ccdd: mWNT: t=0xb400007b786799a0 mBlastBufferQueue=0xb400007c57f142d0 fn= 6036 HdrRenderState mRenderHdrSdrRatio=1.0 caller= android.view.SyncRtSurfaceTransactionApplier.applyTransaction:102 android.view.SyncRtSurfaceTransactionApplier.lambda$scheduleApply$0:75 android.view.SyncRtSurfaceTransactionApplier.$r8$lambda$afI4fXg3U3-nBZQEDQMiNy-B06s:0 
10-02 15:00:11.006 19752 19978 I VRI[MainActivity]@ba2ccdd: mWNT: t=0xb400007b78678030 mBlastBufferQueue=0xb400007c57f142d0 fn= 6037 HdrRenderState mRenderHdrSdrRatio=1.0 caller= android.view.SyncRtSurfaceTransactionApplier.applyTransaction:102 android.view.SyncRtSurfaceTransactionApplier.lambda$scheduleApply$0:75 android.view.SyncRtSurfaceTransactionApplier.$r8$lambda$afI4fXg3U3-nBZQEDQMiNy-B06s:0 
10-02 15:00:11.014 19752 19977 I VRI[MainActivity]@ba2ccdd: mWNT: t=0xb400007b78668d60 mBlastBufferQueue=0xb400007c57f142d0 fn= 6038 HdrRenderState mRenderHdrSdrRatio=1.0 caller= android.view.SyncRtSurfaceTransactionApplier.applyTransaction:102 android.view.SyncRtSurfaceTransactionApplier.lambda$scheduleApply$0:75 android.view.SyncRtSurfaceTransactionApplier.$r8$lambda$afI4fXg3U3-nBZQEDQMiNy-B06s:0 
10-02 15:00:11.022 19752 19978 I VRI[MainActivity]@ba2ccdd: mWNT: t=0xb400007b7866e2f0 mBlastBufferQueue=0xb400007c57f142d0 fn= 6039 HdrRenderState mRenderHdrSdrRatio=1.0 caller= android.view.SyncRtSurfaceTransactionApplier.applyTransaction:102 android.view.SyncRtSurfaceTransactionApplier.lambda$scheduleApply$0:75 android.view.SyncRtSurfaceTransactionApplier.$r8$lambda$afI4fXg3U3-nBZQEDQMiNy-B06s:0 
10-02 15:00:11.031 19752 19977 I VRI[MainActivity]@ba2ccdd: mWNT: t=0xb400007b785883c0 mBlastBufferQueue=0xb400007c57f142d0 fn= 6040 HdrRenderState mRenderHdrSdrRatio=1.0 caller= android.view.SyncRtSurfaceTransactionApplier.applyTransaction:102 android.view.SyncRtSurfaceTransactionApplier.lambda$scheduleApply$0:75 android.view.SyncRtSurfaceTransactionApplier.$r8$lambda$afI4fXg3U3-nBZQEDQMiNy-B06s:0 
10-02 15:00:11.039 19752 19978 I VRI[MainActivity]@ba2ccdd: mWNT: t=0xb400007b78671cc0 mBlastBufferQueue=0xb400007c57f142d0 fn= 6041 HdrRenderState mRenderHdrSdrRatio=1.0 caller= android.view.SyncRtSurfaceTransactionApplier.applyTransaction:102 android.view.SyncRtSurfaceTransactionApplier.lambda$scheduleApply$0:75 android.view.SyncRtSurfaceTransactionApplier.$r8$lambda$afI4fXg3U3-nBZQEDQMiNy-B06s:0 
10-02 15:00:11.047 19752 19977 I VRI[MainActivity]@ba2ccdd: mWNT: t=0xb400007b77f32290 mBlastBufferQueue=0xb400007c57f142d0 fn= 6042 HdrRenderState mRenderHdrSdrRatio=1.0 caller= android.view.SyncRtSurfaceTransactionApplier.applyTransaction:102 android.view.SyncRtSurfaceTransactionApplier.lambda$scheduleApply$0:75 android.view.SyncRtSurfaceTransactionApplier.$r8$lambda$afI4fXg3U3-nBZQEDQMiNy-B06s:0 
10-02 15:00:11.056 19752 19978 I VRI[MainActivity]@ba2ccdd: mWNT: t=0xb400007b78676220 mBlastBufferQueue=0xb400007c57f142d0 fn= 6043 HdrRenderState mRenderHdrSdrRatio=1.0 caller= android.view.SyncRtSurfaceTransactionApplier.applyTransaction:102 android.view.SyncRtSurfaceTransactionApplier.lambda$scheduleApply$0:75 android.view.SyncRtSurfaceTransactionApplier.$r8$lambda$afI4fXg3U3-nBZQEDQMiNy-B06s:0 
10-02 15:00:11.064 19752 19977 I VRI[MainActivity]@ba2ccdd: mWNT: t=0xb400007b7865f270 mBlastBufferQueue=0xb400007c57f142d0 fn= 6044 HdrRenderState mRenderHdrSdrRatio=1.0 caller= android.view.SyncRtSurfaceTransactionApplier.applyTransaction:102 android.view.SyncRtSurfaceTransactionApplier.lambda$scheduleApply$0:75 android.view.SyncRtSurfaceTransactionApplier.$r8$lambda$afI4fXg3U3-nBZQEDQMiNy-B06s:0 
10-02 15:00:11.072 19752 19978 I VRI[MainActivity]@ba2ccdd: mWNT: t=0xb400007b78663580 mBlastBufferQueue=0xb400007c57f142d0 fn= 6045 HdrRenderState mRenderHdrSdrRatio=1.0 caller= android.view.SyncRtSurfaceTransactionApplier.applyTransaction:102 android.view.SyncRtSurfaceTransactionApplier.lambda$scheduleApply$0:75 android.view.SyncRtSurfaceTransactionApplier.$r8$lambda$afI4fXg3U3-nBZQEDQMiNy-B06s:0 
10-02 15:00:11.085 19752 19977 I VRI[MainActivity]@ba2ccdd: mWNT: t=0xb400007b7866adc0 mBlastBufferQueue=0xb400007c57f142d0 fn= 6046 HdrRenderState mRenderHdrSdrRatio=1.0 caller= android.view.SyncRtSurfaceTransactionApplier.applyTransaction:102 android.view.SyncRtSurfaceTransactionApplier.lambda$scheduleApply$0:75 android.view.SyncRtSurfaceTransactionApplier.$r8$lambda$afI4fXg3U3-nBZQEDQMiNy-B06s:0 
10-02 15:00:11.092 19752 19978 I VRI[MainActivity]@ba2ccdd: mWNT: t=0xb400007b78669b40 mBlastBufferQueue=0xb400007c57f142d0 fn= 6047 HdrRenderState mRenderHdrSdrRatio=1.0 caller= android.view.SyncRtSurfaceTransactionApplier.applyTransaction:102 android.view.SyncRtSurfaceTransactionApplier.lambda$scheduleApply$0:75 android.view.SyncRtSurfaceTransactionApplier.$r8$lambda$afI4fXg3U3-nBZQEDQMiNy-B06s:0 
10-02 15:00:11.097 19752 19977 I VRI[MainActivity]@ba2ccdd: mWNT: t=0xb400007b78672cf0 mBlastBufferQueue=0xb400007c57f142d0 fn= 6048 HdrRenderState mRenderHdrSdrRatio=1.0 caller= android.view.SyncRtSurfaceTransactionApplier.applyTransaction:102 android.view.SyncRtSurfaceTransactionApplier.lambda$scheduleApply$0:75 android.view.SyncRtSurfaceTransactionApplier.$r8$lambda$afI4fXg3U3-nBZQEDQMiNy-B06s:0 
10-02 15:00:11.106 19752 19978 I VRI[MainActivity]@ba2ccdd: mWNT: t=0xb400007b780251e0 mBlastBufferQueue=0xb400007c57f142d0 fn= 6049 HdrRenderState mRenderHdrSdrRatio=1.0 caller= android.view.SyncRtSurfaceTransactionApplier.applyTransaction:102 android.view.SyncRtSurfaceTransactionApplier.lambda$scheduleApply$0:75 android.view.SyncRtSurfaceTransactionApplier.$r8$lambda$afI4fXg3U3-nBZQEDQMiNy-B06s:0 
10-02 15:00:11.114 19752 19977 I VRI[MainActivity]@ba2ccdd: mWNT: t=0xb400007b78023620 mBlastBufferQueue=0xb400007c57f142d0 fn= 6050 HdrRenderState mRenderHdrSdrRatio=1.0 caller= android.view.SyncRtSurfaceTransactionApplier.applyTransaction:102 android.view.SyncRtSurfaceTransactionApplier.lambda$scheduleApply$0:75 android.view.SyncRtSurfaceTransactionApplier.$r8$lambda$afI4fXg3U3-nBZQEDQMiNy-B06s:0 
10-02 15:00:11.122 19752 19978 I VRI[MainActivity]@ba2ccdd: mWNT: t=0xb400007b7865c430 mBlastBufferQueue=0xb400007c57f142d0 fn= 6051 HdrRenderState mRenderHdrSdrRatio=1.0 caller= android.view.SyncRtSurfaceTransactionApplier.applyTransaction:102 android.view.SyncRtSurfaceTransactionApplier.lambda$scheduleApply$0:75 android.view.SyncRtSurfaceTransactionApplier.$r8$lambda$afI4fXg3U3-nBZQEDQMiNy-B06s:0 
10-02 15:00:11.130 19752 19977 I VRI[MainActivity]@ba2ccdd: mWNT: t=0xb400007b78662c40 mBlastBufferQueue=0xb400007c57f142d0 fn= 6052 HdrRenderState mRenderHdrSdrRatio=1.0 caller= android.view.SyncRtSurfaceTransactionApplier.applyTransaction:102 android.view.SyncRtSurfaceTransactionApplier.lambda$scheduleApply$0:75 android.view.SyncRtSurfaceTransactionApplier.$r8$lambda$afI4fXg3U3-nBZQEDQMiNy-B06s:0 
10-02 15:00:11.139 19752 19978 I VRI[MainActivity]@ba2ccdd: mWNT: t=0xb400007b78589640 mBlastBufferQueue=0xb400007c57f142d0 fn= 6053 HdrRenderState mRenderHdrSdrRatio=1.0 caller= android.view.SyncRtSurfaceTransactionApplier.applyTransaction:102 android.view.SyncRtSurfaceTransactionApplier.lambda$scheduleApply$0:75 android.view.SyncRtSurfaceTransactionApplier.$r8$lambda$afI4fXg3U3-nBZQEDQMiNy-B06s:0 
10-02 15:00:11.147 19752 19977 I VRI[MainActivity]@ba2ccdd: mWNT: t=0xb400007b7866e9e0 mBlastBufferQueue=0xb400007c57f142d0 fn= 6054 HdrRenderState mRenderHdrSdrRatio=1.0 caller= android.view.SyncRtSurfaceTransactionApplier.applyTransaction:102 android.view.SyncRtSurfaceTransactionApplier.lambda$scheduleApply$0:75 android.view.SyncRtSurfaceTransactionApplier.$r8$lambda$afI4fXg3U3-nBZQEDQMiNy-B06s:0 
10-02 15:00:11.155 19752 19978 I VRI[MainActivity]@ba2ccdd: mWNT: t=0xb400007b78026460 mBlastBufferQueue=0xb400007c57f142d0 fn= 6055 HdrRenderState mRenderHdrSdrRatio=1.0 caller= android.view.SyncRtSurfaceTransactionApplier.applyTransaction:102 android.view.SyncRtSurfaceTransactionApplier.lambda$scheduleApply$0:75 android.view.SyncRtSurfaceTransactionApplier.$r8$lambda$afI4fXg3U3-nBZQEDQMiNy-B06s:0 
10-02 15:00:11.163 19752 19977 I VRI[MainActivity]@ba2ccdd: mWNT: t=0xb400007b786758e0 mBlastBufferQueue=0xb400007c57f142d0 fn= 6056 HdrRenderState mRenderHdrSdrRatio=1.0 caller= android.view.SyncRtSurfaceTransactionApplier.applyTransaction:102 android.view.SyncRtSurfaceTransactionApplier.lambda$scheduleApply$0:75 android.view.SyncRtSurfaceTransactionApplier.$r8$lambda$afI4fXg3U3-nBZQEDQMiNy-B06s:0 
10-02 15:00:11.172 19752 19978 I VRI[MainActivity]@ba2ccdd: mWNT: t=0xb400007b7865dff0 mBlastBufferQueue=0xb400007c57f142d0 fn= 6057 HdrRenderState mRenderHdrSdrRatio=1.0 caller= android.view.SyncRtSurfaceTransactionApplier.applyTransaction:102 android.view.SyncRtSurfaceTransactionApplier.lambda$scheduleApply$0:75 android.view.SyncRtSurfaceTransactionApplier.$r8$lambda$afI4fXg3U3-nBZQEDQMiNy-B06s:0 
10-02 15:00:11.181 19752 19977 I VRI[MainActivity]@ba2ccdd: mWNT: t=0xb400007b78023870 mBlastBufferQueue=0xb400007c57f142d0 fn= 6058 HdrRenderState mRenderHdrSdrRatio=1.0 caller= android.view.SyncRtSurfaceTransactionApplier.applyTransaction:102 android.view.SyncRtSurfaceTransactionApplier.lambda$scheduleApply$0:75 android.view.SyncRtSurfaceTransactionApplier.$r8$lambda$afI4fXg3U3-nBZQEDQMiNy-B06s:0 
10-02 15:00:11.189 19752 19978 I VRI[MainActivity]@ba2ccdd: mWNT: t=0xb400007b7865a3d0 mBlastBufferQueue=0xb400007c57f142d0 fn= 6059 HdrRenderState mRenderHdrSdrRatio=1.0 caller= android.view.SyncRtSurfaceTransactionApplier.applyTransaction:102 android.view.SyncRtSurfaceTransactionApplier.lambda$scheduleApply$0:75 android.view.SyncRtSurfaceTransactionApplier.$r8$lambda$afI4fXg3U3-nBZQEDQMiNy-B06s:0 
10-02 15:00:11.197 19752 19977 I VRI[MainActivity]@ba2ccdd: mWNT: t=0xb400007b78666610 mBlastBufferQueue=0xb400007c57f142d0 fn= 6060 HdrRenderState mRenderHdrSdrRatio=1.0 caller= android.view.SyncRtSurfaceTransactionApplier.applyTransaction:102 android.view.SyncRtSurfaceTransactionApplier.lambda$scheduleApply$0:75 android.view.SyncRtSurfaceTransactionApplier.$r8$lambda$afI4fXg3U3-nBZQEDQMiNy-B06s:0 
10-02 15:00:11.205 19752 19978 I VRI[MainActivity]@ba2ccdd: mWNT: t=0xb400007b78670350 mBlastBufferQueue=0xb400007c57f142d0 fn= 6061 HdrRenderState mRenderHdrSdrRatio=1.0 caller= android.view.SyncRtSurfaceTransactionApplier.applyTransaction:102 android.view.SyncRtSurfaceTransactionApplier.lambda$scheduleApply$0:75 android.view.SyncRtSurfaceTransactionApplier.$r8$lambda$afI4fXg3U3-nBZQEDQMiNy-B06s:0 
10-02 15:00:11.213 19752 19977 I VRI[MainActivity]@ba2ccdd: mWNT: t=0xb400007b780241b0 mBlastBufferQueue=0xb400007c57f142d0 fn= 6062 HdrRenderState mRenderHdrSdrRatio=1.0 caller= android.view.SyncRtSurfaceTransactionApplier.applyTransaction:102 android.view.SyncRtSurfaceTransactionApplier.lambda$scheduleApply$0:75 android.view.SyncRtSurfaceTransactionApplier.$r8$lambda$afI4fXg3U3-nBZQEDQMiNy-B06s:0 
10-02 15:00:11.221 19752 19978 I VRI[MainActivity]@ba2ccdd: mWNT: t=0xb400007b78661770 mBlastBufferQueue=0xb400007c57f142d0 fn= 6063 HdrRenderState mRenderHdrSdrRatio=1.0 caller= android.view.SyncRtSurfaceTransactionApplier.applyTransaction:102 android.view.SyncRtSurfaceTransactionApplier.lambda$scheduleApply$0:75 android.view.SyncRtSurfaceTransactionApplier.$r8$lambda$afI4fXg3U3-nBZQEDQMiNy-B06s:0 
10-02 15:00:11.230 19752 19977 I VRI[MainActivity]@ba2ccdd: mWNT: t=0xb400007b7865b650 mBlastBufferQueue=0xb400007c57f142d0 fn= 6064 HdrRenderState mRenderHdrSdrRatio=1.0 caller= android.view.SyncRtSurfaceTransactionApplier.applyTransaction:102 android.view.SyncRtSurfaceTransactionApplier.lambda$scheduleApply$0:75 android.view.SyncRtSurfaceTransactionApplier.$r8$lambda$afI4fXg3U3-nBZQEDQMiNy-B06s:0 
10-02 15:00:11.239 19752 19978 I VRI[MainActivity]@ba2ccdd: mWNT: t=0xb400007b78679750 mBlastBufferQueue=0xb400007c57f142d0 fn= 6065 HdrRenderState mRenderHdrSdrRatio=1.0 caller= android.view.SyncRtSurfaceTransactionApplier.applyTransaction:102 android.view.SyncRtSurfaceTransactionApplier.lambda$scheduleApply$0:75 android.view.SyncRtSurfaceTransactionApplier.$r8$lambda$afI4fXg3U3-nBZQEDQMiNy-B06s:0 
10-02 15:00:11.247 19752 19977 I VRI[MainActivity]@ba2ccdd: mWNT: t=0xb400007b78025680 mBlastBufferQueue=0xb400007c57f142d0 fn= 6066 HdrRenderState mRenderHdrSdrRatio=1.0 caller= android.view.SyncRtSurfaceTransactionApplier.applyTransaction:102 android.view.SyncRtSurfaceTransactionApplier.lambda$scheduleApply$0:75 android.view.SyncRtSurfaceTransactionApplier.$r8$lambda$afI4fXg3U3-nBZQEDQMiNy-B06s:0 
10-02 15:00:11.256 19752 19978 I VRI[MainActivity]@ba2ccdd: mWNT: t=0xb400007b7867cc80 mBlastBufferQueue=0xb400007c57f142d0 fn= 6067 HdrRenderState mRenderHdrSdrRatio=1.0 caller= android.view.SyncRtSurfaceTransactionApplier.applyTransaction:102 android.view.SyncRtSurfaceTransactionApplier.lambda$scheduleApply$0:75 android.view.SyncRtSurfaceTransactionApplier.$r8$lambda$afI4fXg3U3-nBZQEDQMiNy-B06s:0 
10-02 15:00:11.263 19752 19977 I VRI[MainActivity]@ba2ccdd: mWNT: t=0xb400007b780266b0 mBlastBufferQueue=0xb400007c57f142d0 fn= 6068 HdrRenderState mRenderHdrSdrRatio=1.0 caller= android.view.SyncRtSurfaceTransactionApplier.applyTransaction:102 android.view.SyncRtSurfaceTransactionApplier.lambda$scheduleApply$0:75 android.view.SyncRtSurfaceTransactionApplier.$r8$lambda$afI4fXg3U3-nBZQEDQMiNy-B06s:0 
10-02 15:00:11.272 19752 19978 I VRI[MainActivity]@ba2ccdd: mWNT: t=0xb400007b78672850 mBlastBufferQueue=0xb400007c57f142d0 fn= 6069 HdrRenderState mRenderHdrSdrRatio=1.0 caller= android.view.SyncRtSurfaceTransactionApplier.applyTransaction:102 android.view.SyncRtSurfaceTransactionApplier.lambda$scheduleApply$0:75 android.view.SyncRtSurfaceTransactionApplier.$r8$lambda$afI4fXg3U3-nBZQEDQMiNy-B06s:0 
10-02 15:00:11.281 19752 19977 I VRI[MainActivity]@ba2ccdd: mWNT: t=0xb400007b7866e0a0 mBlastBufferQueue=0xb400007c57f142d0 fn= 6070 HdrRenderState mRenderHdrSdrRatio=1.0 caller= android.view.SyncRtSurfaceTransactionApplier.applyTransaction:102 android.view.SyncRtSurfaceTransactionApplier.lambda$scheduleApply$0:75 android.view.SyncRtSurfaceTransactionApplier.$r8$lambda$afI4fXg3U3-nBZQEDQMiNy-B06s:0 
10-02 15:00:11.289 19752 19978 I VRI[MainActivity]@ba2ccdd: mWNT: t=0xb400007b77f445f0 mBlastBufferQueue=0xb400007c57f142d0 fn= 6071 HdrRenderState mRenderHdrSdrRatio=1.0 caller= android.view.SyncRtSurfaceTransactionApplier.applyTransaction:102 android.view.SyncRtSurfaceTransactionApplier.lambda$scheduleApply$0:75 android.view.SyncRtSurfaceTransactionApplier.$r8$lambda$afI4fXg3U3-nBZQEDQMiNy-B06s:0 
10-02 15:00:11.297 19752 19977 I VRI[MainActivity]@ba2ccdd: mWNT: t=0xb400007b78023ac0 mBlastBufferQueue=0xb400007c57f142d0 fn= 6072 HdrRenderState mRenderHdrSdrRatio=1.0 caller= android.view.SyncRtSurfaceTransactionApplier.applyTransaction:102 android.view.SyncRtSurfaceTransactionApplier.lambda$scheduleApply$0:75 android.view.SyncRtSurfaceTransactionApplier.$r8$lambda$afI4fXg3U3-nBZQEDQMiNy-B06s:0 
10-02 15:00:11.301 19752 19978 I VRI[MainActivity]@ba2ccdd: mWNT: t=0xb400007b786673f0 mBlastBufferQueue=0xb400007c57f142d0 fn= 6073 HdrRenderState mRenderHdrSdrRatio=1.0 caller= android.view.SyncRtSurfaceTransactionApplier.applyTransaction:102 android.view.SyncRtSurfaceTransactionApplier.lambda$scheduleApply$0:75 android.view.SyncRtSurfaceTransactionApplier.$r8$lambda$afI4fXg3U3-nBZQEDQMiNy-B06s:0 
10-02 15:00:11.317 19752 19977 I VRI[MainActivity]@ba2ccdd: mWNT: t=0xb400007b78664ef0 mBlastBufferQueue=0xb400007c57f142d0 fn= 6074 HdrRenderState mRenderHdrSdrRatio=1.0 caller= android.view.SyncRtSurfaceTransactionApplier.applyTransaction:102 android.view.SyncRtSurfaceTransactionApplier.lambda$scheduleApply$0:75 android.view.SyncRtSurfaceTransactionApplier.$r8$lambda$afI4fXg3U3-nBZQEDQMiNy-B06s:0 
10-02 15:00:11.319 19752 19752 I ImeTracker: com.negi.survey.local:bf3b1e: onShown
10-02 15:00:11.323 19752 19978 I VRI[MainActivity]@ba2ccdd: mWNT: t=0xb400007b786698f0 mBlastBufferQueue=0xb400007c57f142d0 fn= 6075 HdrRenderState mRenderHdrSdrRatio=1.0 caller= android.view.SyncRtSurfaceTransactionApplier.applyTransaction:102 android.view.SyncRtSurfaceTransactionApplier.lambda$scheduleApply$0:75 android.view.SyncRtSurfaceTransactionApplier.$r8$lambda$afI4fXg3U3-nBZQEDQMiNy-B06s:0 
10-02 15:00:11.612 19752 19752 I View    : setRequestedFrameRate frameRate=NaN, this=android.view.View{fcdbddb V.ED..... ........ 0,0-0,0}, caller=androidx.compose.ui.platform.Api35Impl.setRequestedFrameRate:4047 androidx.compose.ui.platform.AndroidComposeView.dispatchDraw:2282 android.view.View.draw:26758 android.view.View.updateDisplayListIfDirty:25577 android.view.ViewGroup.recreateChildDisplayList:4881 
10-02 15:00:13.540 19752 19752 I VRI[MainActivity]@ba2ccdd: call setFrameRateCategory for touch hint category=no preference, reason=boost timeout, vri=VRI[MainActivity]@ba2ccdd
10-02 15:00:14.573 19752 19752 I VRI[MainActivity]@ba2ccdd: setInTouchMode(false), android.view.ViewRootImpl.checkForLeavingTouchModeAndConsume:11075 android.view.ViewRootImpl.-$$Nest$mcheckForLeavingTouchModeAndConsume:0 android.view.ViewRootImpl$EarlyPostImeInputStage.processKeyEvent:9536 android.view.ViewRootImpl$EarlyPostImeInputStage.onProcess:9520 android.view.ViewRootImpl$InputStage.deliver:8994 android.view.ViewRootImpl$InputStage.onDeliverToNext:9051 android.view.ViewRootImpl$InputStage.forward:9017 android.view.ViewRootImpl$AsyncInputStage.forward:9255 android.view.ViewRootImpl$ImeInputStage.onFinishedInputEvent:9505 android.view.inputmethod.InputMethodManager$PendingEvent.run:5454 
10-02 15:00:14.579 19752 19752 I VRI[MainActivity]@ba2ccdd: ViewPostIme key 0
10-02 15:00:14.642 19752 19752 I VRI[MainActivity]@ba2ccdd: ViewPostIme key 1
10-02 15:00:14.647 19752 19752 I VRI[MainActivity]@ba2ccdd: ViewPostIme key 0
10-02 15:00:14.650 19752 19752 I VRI[MainActivity]@ba2ccdd: ViewPostIme key 1
10-02 15:00:20.010 19752 19752 I VRI[MainActivity]@ba2ccdd: The input has been finished in ImeInputStage.
10-02 15:00:20.015 19752 19752 I ImeTracker: com.negi.survey.local:91213176: onRequestHide at ORIGIN_CLIENT reason HIDE_SOFT_INPUT_REQUEST_HIDE_WITH_CONTROL fromUser true
10-02 15:00:20.015 19752 19752 D InsetsController: hide(ime())
10-02 15:00:20.016 19752 19752 D WindowOnBackDispatcher: setTopOnBackInvokedCallback (unwrapped): androidx.navigationevent.OnBackInvokedInput$createOnBackAnimationCallback$1@d90ad5
10-02 15:00:20.016 19752 19752 D InsetsController: Setting requestedVisibleTypes to 503 (was 511)
10-02 15:00:20.018 19752 19752 I InsetsController: setRequestedVisibleTypes: visible=false, mask=ime, host=com.negi.survey.local/com.negi.survey.MainActivity, from=android.view.InsetsController.controlAnimationUnchecked:1646 android.view.InsetsController.applyAnimation:2278 android.view.InsetsController.applyAnimation:2207 android.view.InsetsController.hide:1581 android.view.ImeBackAnimationController.onBackInvoked:153 android.window.WindowOnBackInvokedDispatcher.onBackInvoked:495 android.view.ViewRootImpl$NativePreImeInputStage.doOnBackKeyEvent:9397 android.view.ViewRootImpl$NativePreImeInputStage.onProcess:9361 android.view.ViewRootImpl$InputStage.deliver:8994 android.view.ViewRootImpl.deliverInputEvent:12916 
10-02 15:00:20.021 19752 19752 I VRI[MainActivity]@ba2ccdd: ViewPostIme key 1
10-02 15:00:20.021 19752 19752 D Activity: onKeyUp(KEYCODE_BACK) isTracking()=false isCanceled()=true hasCallback=true
10-02 15:00:20.025 19752 19752 D VRI[MainActivity]@ba2ccdd: WindowInsets changed: ime:null 
10-02 15:00:20.026 19752 19752 I BLASTBufferQueue_Java: update, w= 1080 h= 2340 mName = VRI[MainActivity]@ba2ccdd mNativeObject= 0xb400007c57f142d0 sc.mNativeObject= 0xb400007ba7ee7d10 format= -1 caller= android.view.ViewRootImpl.updateBlastSurfaceIfNeeded:3592 android.view.ViewRootImpl.relayoutWindow:11813 android.view.ViewRootImpl.performTraversals:4840 android.view.ViewRootImpl.doTraversal:3959 android.view.ViewRootImpl$TraversalRunnable.run:13034 android.view.Choreographer$CallbackRecord.run:1961 
10-02 15:00:20.027 19752 19752 I VRI[MainActivity]@ba2ccdd: Relayout returned: old=(0,0,1080,2340) new=(0,0,1080,2340) relayoutAsync=true req=(1080,2340)0 dur=0 res=0x0 s={true 0xb400007b97f0de20} ch=false seqId=0
10-02 15:00:20.031 19752 19752 I VRI[MainActivity]@ba2ccdd: registerCallbackForPendingTransactions
10-02 15:00:20.032 19752 19977 I VRI[MainActivity]@ba2ccdd: mWNT: t=0xb400007b78023d10 mBlastBufferQueue=0xb400007c57f142d0 fn= 6098 HdrRenderState mRenderHdrSdrRatio=1.0 caller= android.view.SyncRtSurfaceTransactionApplier.applyTransaction:102 android.view.SyncRtSurfaceTransactionApplier.lambda$scheduleApply$0:75 android.view.SyncRtSurfaceTransactionApplier.$r8$lambda$afI4fXg3U3-nBZQEDQMiNy-B06s:0 
10-02 15:00:20.033 19752 19977 I VRI[MainActivity]@ba2ccdd: mWNT: t=0xb400007b78025b20 mBlastBufferQueue=0xb400007c57f142d0 fn= 6098 HdrRenderState mRenderHdrSdrRatio=1.0 caller= android.view.ViewRootImpl$10.onFrameDraw:6615 android.view.ViewRootImpl$4.onFrameDraw:2485 android.view.ThreadedRenderer$1.onFrameDraw:751 
10-02 15:00:20.038 19752 19752 I InsetsController: onStateChanged: host=com.negi.survey.local/com.negi.survey.MainActivity, from=android.view.ViewRootImpl.onInsetsStateChanged:3038, state=InsetsState: {mDisplayFrame=Rect(0, 0 - 1080, 2340), mDisplayCutout=DisplayCutout{insets=Rect(0, 82 - 0, 0) waterfall=Insets{left=0, top=0, right=0, bottom=0} boundingRect={Bounds=[Rect(0, 0 - 0, 0), Rect(511, 24 - 569, 82), Rect(0, 0 - 0, 0), Rect(0, 0 - 0, 0)]} cutoutPathParserInfo={CutoutPathParserInfo{displayWidth=1080 displayHeight=2340 physicalDisplayWidth=1080 physicalDisplayHeight=2340 density={2.8125} cutoutSpec={M 0,0 M 0, 8.533333333333333 a 10.31111111111111,10.31111111111111 0 1,0 0,20.62222222222222 a 10.31111111111111,10.31111111111111 0 1,0 0,-20.62222222222222 Z @dp} rotation={0} scale={1.0} physicalPixelDisplaySizeRatio={1.0}}} sideOverrides={}}, mRoundedCorners=RoundedCorners{[RoundedCorner{position=TopLeft, radius=113, center=Point(113, 113)}, RoundedCorner{position=TopRight, radius=113, center=Point(967, 113)}, RoundedCorner{position=BottomRight, radius=113, center=Point(967, 2227)}, RoundedCorner{position=BottomLeft, radius=113, center=Point(113, 2227)}]}  mRoundedCornerFrame=Rect(0, 0 - 1080, 2340), mPrivacyIndicatorBounds=PrivacyIndicatorBounds {static bounds=Rect(956, 0 - 1080, 97) rotation=0}, mDisplayShape=DisplayShape{ spec=-311912193 displayWidth=1080 displayHeight=2340 physicalPixelDisplaySizeRatio=1.0 rotation=0 offsetX=0 offsetY=0 scale=1.0}, mSources= { InsetsSource: {d29a0000 mType=statusBars mFrame=[0,0][1080,97] mAttachedInsets=null mVisible=true mFlags= mSideHint=TOP mBoundingRects=null}, InsetsSource: {d29a0005 mType=mandatorySystemGestures mFrame=[0,0][1080,116] mAttachedInsets=null mVisible=true mFlags= mSideHint=TOP mBoundingRects=null}, InsetsSource: {d29a0006 mType=tappableElement mFrame=[0,0][1080,97] mAttachedInsets=null mVisible=true mFlags= mSideHint=TOP mBoundingRects=null}, InsetsSource: {3 mType=ime mFrame=[0,1332][1080,2340] mAttachedInsets=null mVisible=false mFlags= mSideHint=BOTTOM mBoundingRects=null}, InsetsSource: {27 mType=displayCutout mFrame=[0,0][1080,82] mAttachedInsets=null mVisible=true mFlags= mSideHint=TOP mBoundingRects=null}, InsetsSource: {4b5d0001 mType=navigationBars mFrame=[0,2205][1080,2340] mAttachedInsets=null mVisible=true mFlags= mSideHint=BOTTOM mBoundingRects=null}, InsetsSource: {4b5d0004 mType=systemGestures mFrame=[0,0][0,0] mAttachedInsets=null mVisible=true mFlags= mSideHint=NONE mBoundingRects=null}, InsetsSource: {4b5d0005 mType=mandatorySystemGestures mFrame=[0,2205][1080,2340] mAttachedInsets=null mVisible=true mFlags= mSideHint=BOTTOM mBoundingRects=null}, InsetsSource: {4b5d0006 mType=tappableElement mFrame=[0,2205][1080,2340] mAttachedInsets=null mVisible=true mFlags= mSideHint=BOTTOM mBoundingRects=null}, InsetsSource: {4b5d0024 mType=systemGestures mFrame=[0,0][0,0] mAttachedInsets=null mVisible=true mFlags= mSideHint=NONE mBoundingRects=null} }
10-02 15:00:20.039 19752 19752 I VRI[MainActivity]@ba2ccdd: handleResized, frames=ClientWindowFrames{frame=[0,0][1080,2340] display=[0,0][1080,2340] parentFrame=[0,0][0,0]} displayId=0 dragResizing=false compatScale=1.0 frameChanged=false attachedFrameChanged=false configChanged=false displayChanged=false compatScaleChanged=false dragResizingChanged=false
10-02 15:00:20.057 19752 19978 I VRI[MainActivity]@ba2ccdd: mWNT: t=0xb400007b780258d0 mBlastBufferQueue=0xb400007c57f142d0 fn= 6099 HdrRenderState mRenderHdrSdrRatio=1.0 caller= android.view.SyncRtSurfaceTransactionApplier.applyTransaction:102 android.view.SyncRtSurfaceTransactionApplier.lambda$scheduleApply$0:75 android.view.SyncRtSurfaceTransactionApplier.$r8$lambda$afI4fXg3U3-nBZQEDQMiNy-B06s:0 
10-02 15:00:20.075 19752 19752 I View    : setRequestedFrameRate frameRate=-4.0, this=android.view.View{fcdbddb V.ED..... ........ 0,0-0,0}, caller=androidx.compose.ui.platform.Api35Impl.setRequestedFrameRate:4047 androidx.compose.ui.platform.AndroidComposeView.dispatchDraw:2282 android.view.View.draw:26758 android.view.View.updateDisplayListIfDirty:25577 android.view.View.draw:26477 
10-02 15:00:20.076 19752 19752 I InsetsSourceConsumer: applyRequestedVisibilityToControl: visible=true, type=navigationBars, host=com.negi.survey.local/com.negi.survey.MainActivity
10-02 15:00:20.076 19752 19977 I VRI[MainActivity]@ba2ccdd: mWNT: t=0xb400007b785883c0 mBlastBufferQueue=0xb400007c57f142d0 fn= 6100 HdrRenderState mRenderHdrSdrRatio=1.0 caller= android.view.SyncRtSurfaceTransactionApplier.applyTransaction:102 android.view.SyncRtSurfaceTransactionApplier.lambda$scheduleApply$0:75 android.view.SyncRtSurfaceTransactionApplier.$r8$lambda$afI4fXg3U3-nBZQEDQMiNy-B06s:0 
10-02 15:00:20.077 19752 19752 I ImeTracker: system_server:3894ec11: onCancelled at PHASE_CLIENT_ON_CONTROLS_CHANGED
10-02 15:00:20.082 19752 19978 I VRI[MainActivity]@ba2ccdd: mWNT: t=0xb400007b7867ac20 mBlastBufferQueue=0xb400007c57f142d0 fn= 6101 HdrRenderState mRenderHdrSdrRatio=1.0 caller= android.view.SyncRtSurfaceTransactionApplier.applyTransaction:102 android.view.SyncRtSurfaceTransactionApplier.lambda$scheduleApply$0:75 android.view.SyncRtSurfaceTransactionApplier.$r8$lambda$afI4fXg3U3-nBZQEDQMiNy-B06s:0 
10-02 15:00:20.108 19752 19977 I VRI[MainActivity]@ba2ccdd: mWNT: t=0xb400007b78668d60 mBlastBufferQueue=0xb400007c57f142d0 fn= 6102 HdrRenderState mRenderHdrSdrRatio=1.0 caller= android.view.SyncRtSurfaceTransactionApplier.applyTransaction:102 android.view.SyncRtSurfaceTransactionApplier.lambda$scheduleApply$0:75 android.view.SyncRtSurfaceTransactionApplier.$r8$lambda$afI4fXg3U3-nBZQEDQMiNy-B06s:0 
10-02 15:00:20.121 19752 19978 I VRI[MainActivity]@ba2ccdd: mWNT: t=0xb400007b77f42ed0 mBlastBufferQueue=0xb400007c57f142d0 fn= 6103 HdrRenderState mRenderHdrSdrRatio=1.0 caller= android.view.SyncRtSurfaceTransactionApplier.applyTransaction:102 android.view.SyncRtSurfaceTransactionApplier.lambda$scheduleApply$0:75 android.view.SyncRtSurfaceTransactionApplier.$r8$lambda$afI4fXg3U3-nBZQEDQMiNy-B06s:0 
10-02 15:00:20.136 19752 19977 I VRI[MainActivity]@ba2ccdd: mWNT: t=0xb400007b77f0a8f0 mBlastBufferQueue=0xb400007c57f142d0 fn= 6104 HdrRenderState mRenderHdrSdrRatio=1.0 caller= android.view.SyncRtSurfaceTransactionApplier.applyTransaction:102 android.view.SyncRtSurfaceTransactionApplier.lambda$scheduleApply$0:75 android.view.SyncRtSurfaceTransactionApplier.$r8$lambda$afI4fXg3U3-nBZQEDQMiNy-B06s:0 
10-02 15:00:20.150 19752 19978 I VRI[MainActivity]@ba2ccdd: mWNT: t=0xb400007b78026da0 mBlastBufferQueue=0xb400007c57f142d0 fn= 6105 HdrRenderState mRenderHdrSdrRatio=1.0 caller= android.view.SyncRtSurfaceTransactionApplier.applyTransaction:102 android.view.SyncRtSurfaceTransactionApplier.lambda$scheduleApply$0:75 android.view.SyncRtSurfaceTransactionApplier.$r8$lambda$afI4fXg3U3-nBZQEDQMiNy-B06s:0 
10-02 15:00:20.170 19752 19977 I VRI[MainActivity]@ba2ccdd: mWNT: t=0xb400007b78655090 mBlastBufferQueue=0xb400007c57f142d0 fn= 6106 HdrRenderState mRenderHdrSdrRatio=1.0 caller= android.view.SyncRtSurfaceTransactionApplier.applyTransaction:102 android.view.SyncRtSurfaceTransactionApplier.lambda$scheduleApply$0:75 android.view.SyncRtSurfaceTransactionApplier.$r8$lambda$afI4fXg3U3-nBZQEDQMiNy-B06s:0 
10-02 15:00:20.185 19752 19978 I VRI[MainActivity]@ba2ccdd: mWNT: t=0xb400007b78024af0 mBlastBufferQueue=0xb400007c57f142d0 fn= 6107 HdrRenderState mRenderHdrSdrRatio=1.0 caller= android.view.SyncRtSurfaceTransactionApplier.applyTransaction:102 android.view.SyncRtSurfaceTransactionApplier.lambda$scheduleApply$0:75 android.view.SyncRtSurfaceTransactionApplier.$r8$lambda$afI4fXg3U3-nBZQEDQMiNy-B06s:0 
10-02 15:00:20.203 19752 19977 I VRI[MainActivity]@ba2ccdd: mWNT: t=0xb400007b7867b7b0 mBlastBufferQueue=0xb400007c57f142d0 fn= 6108 HdrRenderState mRenderHdrSdrRatio=1.0 caller= android.view.SyncRtSurfaceTransactionApplier.applyTransaction:102 android.view.SyncRtSurfaceTransactionApplier.lambda$scheduleApply$0:75 android.view.SyncRtSurfaceTransactionApplier.$r8$lambda$afI4fXg3U3-nBZQEDQMiNy-B06s:0 
10-02 15:00:20.217 19752 19978 I VRI[MainActivity]@ba2ccdd: mWNT: t=0xb400007b78664110 mBlastBufferQueue=0xb400007c57f142d0 fn= 6109 HdrRenderState mRenderHdrSdrRatio=1.0 caller= android.view.SyncRtSurfaceTransactionApplier.applyTransaction:102 android.view.SyncRtSurfaceTransactionApplier.lambda$scheduleApply$0:75 android.view.SyncRtSurfaceTransactionApplier.$r8$lambda$afI4fXg3U3-nBZQEDQMiNy-B06s:0 
10-02 15:00:20.235 19752 19977 I VRI[MainActivity]@ba2ccdd: mWNT: t=0xb400007b77fe10b0 mBlastBufferQueue=0xb400007c57f142d0 fn= 6110 HdrRenderState mRenderHdrSdrRatio=1.0 caller= android.view.SyncRtSurfaceTransactionApplier.applyTransaction:102 android.view.SyncRtSurfaceTransactionApplier.lambda$scheduleApply$0:75 android.view.SyncRtSurfaceTransactionApplier.$r8$lambda$afI4fXg3U3-nBZQEDQMiNy-B06s:0 
10-02 15:00:20.251 19752 19978 I VRI[MainActivity]@ba2ccdd: mWNT: t=0xb400007b77f24240 mBlastBufferQueue=0xb400007c57f142d0 fn= 6111 HdrRenderState mRenderHdrSdrRatio=1.0 caller= android.view.SyncRtSurfaceTransactionApplier.applyTransaction:102 android.view.SyncRtSurfaceTransactionApplier.lambda$scheduleApply$0:75 android.view.SyncRtSurfaceTransactionApplier.$r8$lambda$afI4fXg3U3-nBZQEDQMiNy-B06s:0 
10-02 15:00:20.269 19752 19977 I VRI[MainActivity]@ba2ccdd: mWNT: t=0xb400007b78658f00 mBlastBufferQueue=0xb400007c57f142d0 fn= 6112 HdrRenderState mRenderHdrSdrRatio=1.0 caller= android.view.SyncRtSurfaceTransactionApplier.applyTransaction:102 android.view.SyncRtSurfaceTransactionApplier.lambda$scheduleApply$0:75 android.view.SyncRtSurfaceTransactionApplier.$r8$lambda$afI4fXg3U3-nBZQEDQMiNy-B06s:0 
10-02 15:00:20.287 19752 19978 I VRI[MainActivity]@ba2ccdd: mWNT: t=0xb400007b7867d5c0 mBlastBufferQueue=0xb400007c57f142d0 fn= 6113 HdrRenderState mRenderHdrSdrRatio=1.0 caller= android.view.SyncRtSurfaceTransactionApplier.applyTransaction:102 android.view.SyncRtSurfaceTransactionApplier.lambda$scheduleApply$0:75 android.view.SyncRtSurfaceTransactionApplier.$r8$lambda$afI4fXg3U3-nBZQEDQMiNy-B06s:0 
10-02 15:00:20.299 19752 19977 I VRI[MainActivity]@ba2ccdd: mWNT: t=0xb400007b784aad00 mBlastBufferQueue=0xb400007c57f142d0 fn= 6114 HdrRenderState mRenderHdrSdrRatio=1.0 caller= android.view.SyncRtSurfaceTransactionApplier.applyTransaction:102 android.view.SyncRtSurfaceTransactionApplier.lambda$scheduleApply$0:75 android.view.SyncRtSurfaceTransactionApplier.$r8$lambda$afI4fXg3U3-nBZQEDQMiNy-B06s:0 
10-02 15:00:20.319 19752 19978 I VRI[MainActivity]@ba2ccdd: mWNT: t=0xb400007b78654bf0 mBlastBufferQueue=0xb400007c57f142d0 fn= 6115 HdrRenderState mRenderHdrSdrRatio=1.0 caller= android.view.SyncRtSurfaceTransactionApplier.applyTransaction:102 android.view.SyncRtSurfaceTransactionApplier.lambda$scheduleApply$0:75 android.view.SyncRtSurfaceTransactionApplier.$r8$lambda$afI4fXg3U3-nBZQEDQMiNy-B06s:0 
10-02 15:00:20.333 19752 19977 I VRI[MainActivity]@ba2ccdd: mWNT: t=0xb400007b7865cd70 mBlastBufferQueue=0xb400007c57f142d0 fn= 6116 HdrRenderState mRenderHdrSdrRatio=1.0 caller= android.view.SyncRtSurfaceTransactionApplier.applyTransaction:102 android.view.SyncRtSurfaceTransactionApplier.lambda$scheduleApply$0:75 android.view.SyncRtSurfaceTransactionApplier.$r8$lambda$afI4fXg3U3-nBZQEDQMiNy-B06s:0 
10-02 15:00:20.350 19752 19978 I VRI[MainActivity]@ba2ccdd: mWNT: t=0xb400007b78674660 mBlastBufferQueue=0xb400007c57f142d0 fn= 6117 HdrRenderState mRenderHdrSdrRatio=1.0 caller= android.view.SyncRtSurfaceTransactionApplier.applyTransaction:102 android.view.SyncRtSurfaceTransactionApplier.lambda$scheduleApply$0:75 android.view.SyncRtSurfaceTransactionApplier.$r8$lambda$afI4fXg3U3-nBZQEDQMiNy-B06s:0 
10-02 15:00:20.365 19752 19977 I VRI[MainActivity]@ba2ccdd: mWNT: t=0xb400007b77f420f0 mBlastBufferQueue=0xb400007c57f142d0 fn= 6118 HdrRenderState mRenderHdrSdrRatio=1.0 caller= android.view.SyncRtSurfaceTransactionApplier.applyTransaction:102 android.view.SyncRtSurfaceTransactionApplier.lambda$scheduleApply$0:75 android.view.SyncRtSurfaceTransactionApplier.$r8$lambda$afI4fXg3U3-nBZQEDQMiNy-B06s:0 
10-02 15:00:20.386 19752 19752 I View    : setRequestedFrameRate frameRate=NaN, this=android.view.View{fcdbddb V.ED..... ........ 0,0-0,0}, caller=androidx.compose.ui.platform.Api35Impl.setRequestedFrameRate:4047 androidx.compose.ui.platform.AndroidComposeView.dispatchDraw:2282 android.view.View.draw:26758 android.view.View.updateDisplayListIfDirty:25577 android.view.ViewGroup.recreateChildDisplayList:4881 
10-02 15:00:20.807 19752 19752 I InsetsController: onStateChanged: host=com.negi.survey.local/com.negi.survey.MainActivity, from=android.view.ViewRootImpl.onInsetsStateChanged:3038, state=InsetsState: {mDisplayFrame=Rect(0, 0 - 1080, 2340), mDisplayCutout=DisplayCutout{insets=Rect(0, 82 - 0, 0) waterfall=Insets{left=0, top=0, right=0, bottom=0} boundingRect={Bounds=[Rect(0, 0 - 0, 0), Rect(511, 24 - 569, 82), Rect(0, 0 - 0, 0), Rect(0, 0 - 0, 0)]} cutoutPathParserInfo={CutoutPathParserInfo{displayWidth=1080 displayHeight=2340 physicalDisplayWidth=1080 physicalDisplayHeight=2340 density={2.8125} cutoutSpec={M 0,0 M 0, 8.533333333333333 a 10.31111111111111,10.31111111111111 0 1,0 0,20.62222222222222 a 10.31111111111111,10.31111111111111 0 1,0 0,-20.62222222222222 Z @dp} rotation={0} scale={1.0} physicalPixelDisplaySizeRatio={1.0}}} sideOverrides={}}, mRoundedCorners=RoundedCorners{[RoundedCorner{position=TopLeft, radius=113, center=Point(113, 113)}, RoundedCorner{position=TopRight, radius=113, center=Point(967, 113)}, RoundedCorner{position=BottomRight, radius=113, center=Point(967, 2227)}, RoundedCorner{position=BottomLeft, radius=113, center=Point(113, 2227)}]}  mRoundedCornerFrame=Rect(0, 0 - 1080, 2340), mPrivacyIndicatorBounds=PrivacyIndicatorBounds {static bounds=Rect(956, 0 - 1080, 97) rotation=0}, mDisplayShape=DisplayShape{ spec=-311912193 displayWidth=1080 displayHeight=2340 physicalPixelDisplaySizeRatio=1.0 rotation=0 offsetX=0 offsetY=0 scale=1.0}, mSources= { InsetsSource: {d29a0000 mType=statusBars mFrame=[0,0][1080,97] mAttachedInsets=null mVisible=true mFlags= mSideHint=TOP mBoundingRects=null}, InsetsSource: {d29a0005 mType=mandatorySystemGestures mFrame=[0,0][1080,116] mAttachedInsets=null mVisible=true mFlags= mSideHint=TOP mBoundingRects=null}, InsetsSource: {d29a0006 mType=tappableElement mFrame=[0,0][1080,97] mAttachedInsets=null mVisible=true mFlags= mSideHint=TOP mBoundingRects=null}, InsetsSource: {3 mType=ime mFrame=[0,0][0,0] mAttachedInsets=null mVisible=false mFlags=INVALID mSideHint=NONE mBoundingRects=null}, InsetsSource: {27 mType=displayCutout mFrame=[0,0][1080,82] mAttachedInsets=null mVisible=true mFlags= mSideHint=TOP mBoundingRects=null}, InsetsSource: {4b5d0001 mType=navigationBars mFrame=[0,2205][1080,2340] mAttachedInsets=null mVisible=true mFlags= mSideHint=BOTTOM mBoundingRects=null}, InsetsSource: {4b5d0004 mType=systemGestures mFrame=[0,0][0,0] mAttachedInsets=null mVisible=true mFlags= mSideHint=NONE mBoundingRects=null}, InsetsSource: {4b5d0005 mType=mandatorySystemGestures mFrame=[0,2205][1080,2340] mAttachedInsets=null mVisible=true mFlags= mSideHint=BOTTOM mBoundingRects=null}, InsetsSource: {4b5d0006 mType=tappableElement mFrame=[0,2205][1080,2340] mAttachedInsets=null mVisible=true mFlags= mSideHint=BOTTOM mBoundingRects=null}, InsetsSource: {4b5d0024 mType=systemGestures mFrame=[0,0][0,0] mAttachedInsets=null mVisible=true mFlags= mSideHint=NONE mBoundingRects=null} }
10-02 15:00:20.808 19752 19752 I VRI[MainActivity]@ba2ccdd: handleResized, frames=ClientWindowFrames{frame=[0,0][1080,2340] display=[0,0][1080,2340] parentFrame=[0,0][0,0]} displayId=0 dragResizing=false compatScale=1.0 frameChanged=false attachedFrameChanged=false configChanged=false displayChanged=false compatScaleChanged=false dragResizingChanged=false
10-02 15:00:24.160 19752 19752 I VRI[MainActivity]@ba2ccdd: ViewPostIme pointer 0
10-02 15:00:24.169 19752 19752 I VRI[MainActivity]@ba2ccdd: call setFrameRateCategory for touch hint category=high hint, reason=touch, vri=VRI[MainActivity]@ba2ccdd
10-02 15:00:24.172 19752 19752 I VRI[MainActivity]@ba2ccdd: ViewPostIme pointer 1
10-02 15:00:24.176 19752 19752 D SurveyVM: push -> Q4, navSize=7, stackSize=7
10-02 15:00:24.187 19752 19752 D InputMethodManagerUtils: startInputInner - Id : 0
10-02 15:00:24.187 19752 19752 I InputMethodManager: startInputInner - IInputMethodManagerGlobalInvoker.startInputOrWindowGainedFocus
10-02 15:00:24.193 19752 19852 D InputTransport: Input channel constructed: 'ClientS', fd=160
10-02 15:00:24.203 19752 19752 I View    : setRequestedFrameRate frameRate=-4.0, this=android.view.View{fcdbddb V.ED..... ........ 0,0-0,0}, caller=androidx.compose.ui.platform.Api35Impl.setRequestedFrameRate:4047 androidx.compose.ui.platform.AndroidComposeView.dispatchDraw:2282 android.view.View.draw:26758 android.view.View.updateDisplayListIfDirty:25577 android.view.ViewGroup.recreateChildDisplayList:4881 
10-02 15:00:24.205 19752 19752 D WhisperSpeechController: updateContext: surveyId=e62d665e-992d-4f7a-833f-8c7e102fb2f6, questionId=Q4
10-02 15:00:24.263 19752 19752 I View    : setRequestedFrameRate frameRate=NaN, this=android.view.View{fcdbddb V.ED..... ........ 0,0-0,0}, caller=androidx.compose.ui.platform.Api35Impl.setRequestedFrameRate:4047 androidx.compose.ui.platform.AndroidComposeView.dispatchDraw:2282 android.view.View.draw:26758 android.view.View.updateDisplayListIfDirty:25577 android.view.ViewGroup.recreateChildDisplayList:4881 
10-02 15:00:24.942 19752 19752 D InsetsController: hide(ime())
10-02 15:00:24.942 19752 19752 I ImeTracker: com.negi.survey.local:3c900fd3: onRequestHide at ORIGIN_CLIENT reason HIDE_SOFT_INPUT_BY_INSETS_API fromUser false
10-02 15:00:24.942 19752 19752 I ImeTracker: com.negi.survey.local:3c900fd3: onCancelled at PHASE_CLIENT_ALREADY_HIDDEN
10-02 15:00:24.942 19752 19752 D InputMethodManagerUtils: startInputInner - Id : 0
10-02 15:00:24.942 19752 19752 I InputMethodManager: startInputInner - IInputMethodManagerGlobalInvoker.startInputOrWindowGainedFocus
10-02 15:00:24.951 19752 19852 D InputTransport: Input channel constructed: 'ClientS', fd=155
10-02 15:00:27.180 19752 19752 I VRI[MainActivity]@ba2ccdd: call setFrameRateCategory for touch hint category=no preference, reason=boost timeout, vri=VRI[MainActivity]@ba2ccdd
10-02 15:00:54.844 19752 19752 I VRI[MainActivity]@ba2ccdd: ViewPostIme pointer 0
10-02 15:00:54.851 19752 19752 I VRI[MainActivity]@ba2ccdd: call setFrameRateCategory for touch hint category=high hint, reason=touch, vri=VRI[MainActivity]@ba2ccdd
10-02 15:00:54.853 19752 19752 I VRI[MainActivity]@ba2ccdd: ViewPostIme pointer 1
10-02 15:00:54.862 19752 19752 D InputMethodManagerUtils: startInputInner - Id : 0
10-02 15:00:54.862 19752 19752 I InputMethodManager: startInputInner - IInputMethodManagerGlobalInvoker.startInputOrWindowGainedFocus
10-02 15:00:54.862 19752 19752 D InsetsController: show(ime())
10-02 15:00:54.863 19752 19752 I ImeTracker: com.negi.survey.local:cb30c73f: onRequestShow at ORIGIN_CLIENT reason SHOW_SOFT_INPUT_BY_INSETS_API fromUser false
10-02 15:00:54.863 19752 19752 D InsetsController: Setting requestedVisibleTypes to 511 (was 503)
10-02 15:00:54.863 19752 19752 I InsetsController: setRequestedVisibleTypes: visible=true, mask=ime, host=com.negi.survey.local/com.negi.survey.MainActivity, from=android.view.InsetsController.controlAnimationUnchecked:1646 android.view.InsetsController.applyAnimation:2278 android.view.InsetsController.applyAnimation:2207 android.view.InsetsController.show:1498 android.view.InsetsController.show:1435 androidx.core.view.SoftwareKeyboardControllerCompat$Impl30.show:189 androidx.core.view.SoftwareKeyboardControllerCompat.show:70 androidx.compose.ui.text.input.InputMethodManagerImpl.showSoftInput:81 androidx.compose.ui.text.input.TextInputServiceAndroid.setKeyboardVisibleImmediately:468 androidx.compose.ui.text.input.TextInputServiceAndroid.processInputCommands:352 
10-02 15:00:54.870 19752 19936 D InputTransport: Input channel constructed: 'ClientS', fd=167
10-02 15:00:54.875 19752 19752 I AssistStructure: Flattened final assist data: 520 bytes, containing 1 windows, 3 views
10-02 15:00:54.876 19752 19752 I InputMethodManager_LC: showSoftInput(View,I)
10-02 15:00:54.877 19752 19752 I ImeTracker: com.negi.survey.local:93a7e7ec: onRequestShow at ORIGIN_CLIENT reason SHOW_SOFT_INPUT fromUser false
10-02 15:00:54.877 19752 19752 I InputMethodManager_LC: ssi(): flags=0 view=com.negi.survey.local reason=SHOW_SOFT_INPUT
10-02 15:00:54.877 19752 19752 I InputMethodManager_LC: ssi() view is not EditText
10-02 15:00:54.877 19752 19752 D InsetsController: show(ime())
10-02 15:00:54.877 19752 19752 I ImeTracker: com.negi.survey.local:93a7e7ec: onCancelled at PHASE_CLIENT_REPORT_REQUESTED_VISIBLE_TYPES
10-02 15:00:54.879 19752 19752 I VRI[MainActivity]@ba2ccdd: handleResized, frames=ClientWindowFrames{frame=[0,0][1080,2340] display=[0,0][1080,2340] parentFrame=[0,0][0,0]} displayId=0 dragResizing=false compatScale=1.0 frameChanged=false attachedFrameChanged=false configChanged=false displayChanged=false compatScaleChanged=false dragResizingChanged=false
10-02 15:00:54.910 19752 19752 D WindowOnBackDispatcher: setTopOnBackInvokedCallback (unwrapped): android.view.ImeBackAnimationController@d88cdb2
10-02 15:00:54.955 19752 19752 I InsetsController: onStateChanged: host=com.negi.survey.local/com.negi.survey.MainActivity, from=android.view.ViewRootImpl.onInsetsStateChanged:3038, state=InsetsState: {mDisplayFrame=Rect(0, 0 - 1080, 2340), mDisplayCutout=DisplayCutout{insets=Rect(0, 82 - 0, 0) waterfall=Insets{left=0, top=0, right=0, bottom=0} boundingRect={Bounds=[Rect(0, 0 - 0, 0), Rect(511, 24 - 569, 82), Rect(0, 0 - 0, 0), Rect(0, 0 - 0, 0)]} cutoutPathParserInfo={CutoutPathParserInfo{displayWidth=1080 displayHeight=2340 physicalDisplayWidth=1080 physicalDisplayHeight=2340 density={2.8125} cutoutSpec={M 0,0 M 0, 8.533333333333333 a 10.31111111111111,10.31111111111111 0 1,0 0,20.62222222222222 a 10.31111111111111,10.31111111111111 0 1,0 0,-20.62222222222222 Z @dp} rotation={0} scale={1.0} physicalPixelDisplaySizeRatio={1.0}}} sideOverrides={}}, mRoundedCorners=RoundedCorners{[RoundedCorner{position=TopLeft, radius=113, center=Point(113, 113)}, RoundedCorner{position=TopRight, radius=113, center=Point(967, 113)}, RoundedCorner{position=BottomRight, radius=113, center=Point(967, 2227)}, RoundedCorner{position=BottomLeft, radius=113, center=Point(113, 2227)}]}  mRoundedCornerFrame=Rect(0, 0 - 1080, 2340), mPrivacyIndicatorBounds=PrivacyIndicatorBounds {static bounds=Rect(956, 0 - 1080, 97) rotation=0}, mDisplayShape=DisplayShape{ spec=-311912193 displayWidth=1080 displayHeight=2340 physicalPixelDisplaySizeRatio=1.0 rotation=0 offsetX=0 offsetY=0 scale=1.0}, mSources= { InsetsSource: {d29a0000 mType=statusBars mFrame=[0,0][1080,97] mAttachedInsets=null mVisible=true mFlags= mSideHint=TOP mBoundingRects=null}, InsetsSource: {d29a0005 mType=mandatorySystemGestures mFrame=[0,0][1080,116] mAttachedInsets=null mVisible=true mFlags= mSideHint=TOP mBoundingRects=null}, InsetsSource: {d29a0006 mType=tappableElement mFrame=[0,0][1080,97] mAttachedInsets=null mVisible=true mFlags= mSideHint=TOP mBoundingRects=null}, InsetsSource: {3 mType=ime mFrame=[0,1332][1080,2340] mAttachedInsets=null mVisible=true mFlags= mSideHint=BOTTOM mBoundingRects=null}, InsetsSource: {27 mType=displayCutout mFrame=[0,0][1080,82] mAttachedInsets=null mVisible=true mFlags= mSideHint=TOP mBoundingRects=null}, InsetsSource: {4b5d0001 mType=navigationBars mFrame=[0,2205][1080,2340] mAttachedInsets=null mVisible=true mFlags= mSideHint=BOTTOM mBoundingRects=null}, InsetsSource: {4b5d0004 mType=systemGestures mFrame=[0,0][0,0] mAttachedInsets=null mVisible=true mFlags= mSideHint=NONE mBoundingRects=null}, InsetsSource: {4b5d0005 mType=mandatorySystemGestures mFrame=[0,2205][1080,2340] mAttachedInsets=null mVisible=true mFlags= mSideHint=BOTTOM mBoundingRects=null}, InsetsSource: {4b5d0006 mType=tappableElement mFrame=[0,2205][1080,2340] mAttachedInsets=null mVisible=true mFlags= mSideHint=BOTTOM mBoundingRects=null}, InsetsSource: {4b5d0024 mType=systemGestures mFrame=[0,0][0,0] mAttachedInsets=null mVisible=true mFlags= mSideHint=NONE mBoundingRects=null} }
10-02 15:00:54.955 19752 19752 I VRI[MainActivity]@ba2ccdd: handleResized, frames=ClientWindowFrames{frame=[0,0][1080,2340] display=[0,0][1080,2340] parentFrame=[0,0][0,0]} displayId=0 dragResizing=false compatScale=1.0 frameChanged=false attachedFrameChanged=false configChanged=false displayChanged=false compatScaleChanged=false dragResizingChanged=false
10-02 15:00:54.959 19752 19752 I InsetsController: onStateChanged: host=com.negi.survey.local/com.negi.survey.MainActivity, from=android.view.ViewRootImpl.onInsetsStateChanged:3038, state=InsetsState: {mDisplayFrame=Rect(0, 0 - 1080, 2340), mDisplayCutout=DisplayCutout{insets=Rect(0, 82 - 0, 0) waterfall=Insets{left=0, top=0, right=0, bottom=0} boundingRect={Bounds=[Rect(0, 0 - 0, 0), Rect(511, 24 - 569, 82), Rect(0, 0 - 0, 0), Rect(0, 0 - 0, 0)]} cutoutPathParserInfo={CutoutPathParserInfo{displayWidth=1080 displayHeight=2340 physicalDisplayWidth=1080 physicalDisplayHeight=2340 density={2.8125} cutoutSpec={M 0,0 M 0, 8.533333333333333 a 10.31111111111111,10.31111111111111 0 1,0 0,20.62222222222222 a 10.31111111111111,10.31111111111111 0 1,0 0,-20.62222222222222 Z @dp} rotation={0} scale={1.0} physicalPixelDisplaySizeRatio={1.0}}} sideOverrides={}}, mRoundedCorners=RoundedCorners{[RoundedCorner{position=TopLeft, radius=113, center=Point(113, 113)}, RoundedCorner{position=TopRight, radius=113, center=Point(967, 113)}, RoundedCorner{position=BottomRight, radius=113, center=Point(967, 2227)}, RoundedCorner{position=BottomLeft, radius=113, center=Point(113, 2227)}]}  mRoundedCornerFrame=Rect(0, 0 - 1080, 2340), mPrivacyIndicatorBounds=PrivacyIndicatorBounds {static bounds=Rect(956, 0 - 1080, 97) rotation=0}, mDisplayShape=DisplayShape{ spec=-311912193 displayWidth=1080 displayHeight=2340 physicalPixelDisplaySizeRatio=1.0 rotation=0 offsetX=0 offsetY=0 scale=1.0}, mSources= { InsetsSource: {d29a0000 mType=statusBars mFrame=[0,0][1080,97] mAttachedInsets=null mVisible=true mFlags= mSideHint=TOP mBoundingRects=null}, InsetsSource: {d29a0005 mType=mandatorySystemGestures mFrame=[0,0][1080,116] mAttachedInsets=null mVisible=true mFlags= mSideHint=TOP mBoundingRects=null}, InsetsSource: {d29a0006 mType=tappableElement mFrame=[0,0][1080,97] mAttachedInsets=null mVisible=true mFlags= mSideHint=TOP mBoundingRects=null}, InsetsSource: {3 mType=ime mFrame=[0,1332][1080,2340] mAttachedInsets=null mVisible=true mFlags= mSideHint=BOTTOM mBoundingRects=null}, InsetsSource: {27 mType=displayCutout mFrame=[0,0][1080,82] mAttachedInsets=null mVisible=true mFlags= mSideHint=TOP mBoundingRects=null}, InsetsSource: {4b5d0001 mType=navigationBars mFrame=[0,2205][1080,2340] mAttachedInsets=null mVisible=true mFlags= mSideHint=BOTTOM mBoundingRects=null}, InsetsSource: {4b5d0004 mType=systemGestures mFrame=[0,0][0,0] mAttachedInsets=null mVisible=true mFlags= mSideHint=NONE mBoundingRects=null}, InsetsSource: {4b5d0005 mType=mandatorySystemGestures mFrame=[0,2205][1080,2340] mAttachedInsets=null mVisible=true mFlags= mSideHint=BOTTOM mBoundingRects=null}, InsetsSource: {4b5d0006 mType=tappableElement mFrame=[0,2205][1080,2340] mAttachedInsets=null mVisible=true mFlags= mSideHint=BOTTOM mBoundingRects=null}, InsetsSource: {4b5d0024 mType=systemGestures mFrame=[0,0][0,0] mAttachedInsets=null mVisible=true mFlags= mSideHint=NONE mBoundingRects=null} }
10-02 15:00:54.966 19752 19752 D VRI[MainActivity]@ba2ccdd: WindowInsets changed: ime:[0,0,0,1008] 
10-02 15:00:54.966 19752 19752 I BLASTBufferQueue_Java: update, w= 1080 h= 2340 mName = VRI[MainActivity]@ba2ccdd mNativeObject= 0xb400007c57f142d0 sc.mNativeObject= 0xb400007ba7ee7d10 format= -1 caller= android.view.ViewRootImpl.updateBlastSurfaceIfNeeded:3592 android.view.ViewRootImpl.relayoutWindow:11813 android.view.ViewRootImpl.performTraversals:4840 android.view.ViewRootImpl.doTraversal:3959 android.view.ViewRootImpl$TraversalRunnable.run:13034 android.view.Choreographer$CallbackRecord.run:1961 
10-02 15:00:54.967 19752 19752 I VRI[MainActivity]@ba2ccdd: Relayout returned: old=(0,0,1080,2340) new=(0,0,1080,2340) relayoutAsync=true req=(1080,2340)0 dur=0 res=0x0 s={true 0xb400007b97f0de20} ch=false seqId=0
10-02 15:00:54.968 19752 19752 I VRI[MainActivity]@ba2ccdd: registerCallbackForPendingTransactions
10-02 15:00:54.969 19752 19978 I VRI[MainActivity]@ba2ccdd: mWNT: t=0xb400007b78026460 mBlastBufferQueue=0xb400007c57f142d0 fn= 6224 HdrRenderState mRenderHdrSdrRatio=1.0 caller= android.view.SyncRtSurfaceTransactionApplier.applyTransaction:102 android.view.SyncRtSurfaceTransactionApplier.lambda$scheduleApply$0:75 android.view.SyncRtSurfaceTransactionApplier.$r8$lambda$afI4fXg3U3-nBZQEDQMiNy-B06s:0 
10-02 15:00:54.969 19752 19978 I VRI[MainActivity]@ba2ccdd: mWNT: t=0xb400007b780251e0 mBlastBufferQueue=0xb400007c57f142d0 fn= 6224 HdrRenderState mRenderHdrSdrRatio=1.0 caller= android.view.ViewRootImpl$10.onFrameDraw:6615 android.view.ViewRootImpl$4.onFrameDraw:2485 android.view.ThreadedRenderer$1.onFrameDraw:751 
10-02 15:00:54.977 19752 19977 I VRI[MainActivity]@ba2ccdd: mWNT: t=0xb400007b78024400 mBlastBufferQueue=0xb400007c57f142d0 fn= 6225 HdrRenderState mRenderHdrSdrRatio=1.0 caller= android.view.SyncRtSurfaceTransactionApplier.applyTransaction:102 android.view.SyncRtSurfaceTransactionApplier.lambda$scheduleApply$0:75 android.view.SyncRtSurfaceTransactionApplier.$r8$lambda$afI4fXg3U3-nBZQEDQMiNy-B06s:0 
10-02 15:00:54.987 19752 19752 I View    : setRequestedFrameRate frameRate=-4.0, this=android.view.View{fcdbddb V.ED..... ........ 0,0-0,0}, caller=androidx.compose.ui.platform.Api35Impl.setRequestedFrameRate:4047 androidx.compose.ui.platform.AndroidComposeView.dispatchDraw:2282 android.view.View.draw:26758 android.view.View.updateDisplayListIfDirty:25577 android.view.View.draw:26477 
10-02 15:00:54.988 19752 19978 I VRI[MainActivity]@ba2ccdd: mWNT: t=0xb400007b78589640 mBlastBufferQueue=0xb400007c57f142d0 fn= 6226 HdrRenderState mRenderHdrSdrRatio=1.0 caller= android.view.SyncRtSurfaceTransactionApplier.applyTransaction:102 android.view.SyncRtSurfaceTransactionApplier.lambda$scheduleApply$0:75 android.view.SyncRtSurfaceTransactionApplier.$r8$lambda$afI4fXg3U3-nBZQEDQMiNy-B06s:0 
10-02 15:00:54.996 19752 19977 I VRI[MainActivity]@ba2ccdd: mWNT: t=0xb400007b78023620 mBlastBufferQueue=0xb400007c57f142d0 fn= 6227 HdrRenderState mRenderHdrSdrRatio=1.0 caller= android.view.SyncRtSurfaceTransactionApplier.applyTransaction:102 android.view.SyncRtSurfaceTransactionApplier.lambda$scheduleApply$0:75 android.view.SyncRtSurfaceTransactionApplier.$r8$lambda$afI4fXg3U3-nBZQEDQMiNy-B06s:0 
10-02 15:00:55.004 19752 19978 I VRI[MainActivity]@ba2ccdd: mWNT: t=0xb400007b78662c40 mBlastBufferQueue=0xb400007c57f142d0 fn= 6228 HdrRenderState mRenderHdrSdrRatio=1.0 caller= android.view.SyncRtSurfaceTransactionApplier.applyTransaction:102 android.view.SyncRtSurfaceTransactionApplier.lambda$scheduleApply$0:75 android.view.SyncRtSurfaceTransactionApplier.$r8$lambda$afI4fXg3U3-nBZQEDQMiNy-B06s:0 
10-02 15:00:55.013 19752 19977 I VRI[MainActivity]@ba2ccdd: mWNT: t=0xb400007b78651b60 mBlastBufferQueue=0xb400007c57f142d0 fn= 6229 HdrRenderState mRenderHdrSdrRatio=1.0 caller= android.view.SyncRtSurfaceTransactionApplier.applyTransaction:102 android.view.SyncRtSurfaceTransactionApplier.lambda$scheduleApply$0:75 android.view.SyncRtSurfaceTransactionApplier.$r8$lambda$afI4fXg3U3-nBZQEDQMiNy-B06s:0 
10-02 15:00:55.021 19752 19978 I VRI[MainActivity]@ba2ccdd: mWNT: t=0xb400007b7866a480 mBlastBufferQueue=0xb400007c57f142d0 fn= 6230 HdrRenderState mRenderHdrSdrRatio=1.0 caller= android.view.SyncRtSurfaceTransactionApplier.applyTransaction:102 android.view.SyncRtSurfaceTransactionApplier.lambda$scheduleApply$0:75 android.view.SyncRtSurfaceTransactionApplier.$r8$lambda$afI4fXg3U3-nBZQEDQMiNy-B06s:0 
10-02 15:00:55.029 19752 19977 I VRI[MainActivity]@ba2ccdd: mWNT: t=0xb400007b7865e930 mBlastBufferQueue=0xb400007c57f142d0 fn= 6231 HdrRenderState mRenderHdrSdrRatio=1.0 caller= android.view.SyncRtSurfaceTransactionApplier.applyTransaction:102 android.view.SyncRtSurfaceTransactionApplier.lambda$scheduleApply$0:75 android.view.SyncRtSurfaceTransactionApplier.$r8$lambda$afI4fXg3U3-nBZQEDQMiNy-B06s:0 
10-02 15:00:55.037 19752 19978 I VRI[MainActivity]@ba2ccdd: mWNT: t=0xb400007b7866fc60 mBlastBufferQueue=0xb400007c57f142d0 fn= 6232 HdrRenderState mRenderHdrSdrRatio=1.0 caller= android.view.SyncRtSurfaceTransactionApplier.applyTransaction:102 android.view.SyncRtSurfaceTransactionApplier.lambda$scheduleApply$0:75 android.view.SyncRtSurfaceTransactionApplier.$r8$lambda$afI4fXg3U3-nBZQEDQMiNy-B06s:0 
10-02 15:00:55.046 19752 19977 I VRI[MainActivity]@ba2ccdd: mWNT: t=0xb400007b78025680 mBlastBufferQueue=0xb400007c57f142d0 fn= 6233 HdrRenderState mRenderHdrSdrRatio=1.0 caller= android.view.SyncRtSurfaceTransactionApplier.applyTransaction:102 android.view.SyncRtSurfaceTransactionApplier.lambda$scheduleApply$0:75 android.view.SyncRtSurfaceTransactionApplier.$r8$lambda$afI4fXg3U3-nBZQEDQMiNy-B06s:0 
10-02 15:00:55.054 19752 19978 I VRI[MainActivity]@ba2ccdd: mWNT: t=0xb400007b78023870 mBlastBufferQueue=0xb400007c57f142d0 fn= 6234 HdrRenderState mRenderHdrSdrRatio=1.0 caller= android.view.SyncRtSurfaceTransactionApplier.applyTransaction:102 android.view.SyncRtSurfaceTransactionApplier.lambda$scheduleApply$0:75 android.view.SyncRtSurfaceTransactionApplier.$r8$lambda$afI4fXg3U3-nBZQEDQMiNy-B06s:0 
10-02 15:00:55.061 19752 19977 I VRI[MainActivity]@ba2ccdd: mWNT: t=0xb400007b78660e30 mBlastBufferQueue=0xb400007c57f142d0 fn= 6235 HdrRenderState mRenderHdrSdrRatio=1.0 caller= android.view.SyncRtSurfaceTransactionApplier.applyTransaction:102 android.view.SyncRtSurfaceTransactionApplier.lambda$scheduleApply$0:75 android.view.SyncRtSurfaceTransactionApplier.$r8$lambda$afI4fXg3U3-nBZQEDQMiNy-B06s:0 
10-02 15:00:55.070 19752 19978 I VRI[MainActivity]@ba2ccdd: mWNT: t=0xb400007b7866e0a0 mBlastBufferQueue=0xb400007c57f142d0 fn= 6236 HdrRenderState mRenderHdrSdrRatio=1.0 caller= android.view.SyncRtSurfaceTransactionApplier.applyTransaction:102 android.view.SyncRtSurfaceTransactionApplier.lambda$scheduleApply$0:75 android.view.SyncRtSurfaceTransactionApplier.$r8$lambda$afI4fXg3U3-nBZQEDQMiNy-B06s:0 
10-02 15:00:55.078 19752 19977 I VRI[MainActivity]@ba2ccdd: mWNT: t=0xb400007b77f3ee10 mBlastBufferQueue=0xb400007c57f142d0 fn= 6237 HdrRenderState mRenderHdrSdrRatio=1.0 caller= android.view.SyncRtSurfaceTransactionApplier.applyTransaction:102 android.view.SyncRtSurfaceTransactionApplier.lambda$scheduleApply$0:75 android.view.SyncRtSurfaceTransactionApplier.$r8$lambda$afI4fXg3U3-nBZQEDQMiNy-B06s:0 
10-02 15:00:55.087 19752 19978 I VRI[MainActivity]@ba2ccdd: mWNT: t=0xb400007b786629f0 mBlastBufferQueue=0xb400007c57f142d0 fn= 6238 HdrRenderState mRenderHdrSdrRatio=1.0 caller= android.view.SyncRtSurfaceTransactionApplier.applyTransaction:102 android.view.SyncRtSurfaceTransactionApplier.lambda$scheduleApply$0:75 android.view.SyncRtSurfaceTransactionApplier.$r8$lambda$afI4fXg3U3-nBZQEDQMiNy-B06s:0 
10-02 15:00:55.095 19752 19977 I VRI[MainActivity]@ba2ccdd: mWNT: t=0xb400007b77f3f750 mBlastBufferQueue=0xb400007c57f142d0 fn= 6239 HdrRenderState mRenderHdrSdrRatio=1.0 caller= android.view.SyncRtSurfaceTransactionApplier.applyTransaction:102 android.view.SyncRtSurfaceTransactionApplier.lambda$scheduleApply$0:75 android.view.SyncRtSurfaceTransactionApplier.$r8$lambda$afI4fXg3U3-nBZQEDQMiNy-B06s:0 
10-02 15:00:55.104 19752 19978 I VRI[MainActivity]@ba2ccdd: mWNT: t=0xb400007b780266b0 mBlastBufferQueue=0xb400007c57f142d0 fn= 6240 HdrRenderState mRenderHdrSdrRatio=1.0 caller= android.view.SyncRtSurfaceTransactionApplier.applyTransaction:102 android.view.SyncRtSurfaceTransactionApplier.lambda$scheduleApply$0:75 android.view.SyncRtSurfaceTransactionApplier.$r8$lambda$afI4fXg3U3-nBZQEDQMiNy-B06s:0 
10-02 15:00:55.111 19752 19977 I VRI[MainActivity]@ba2ccdd: mWNT: t=0xb400007b78665390 mBlastBufferQueue=0xb400007c57f142d0 fn= 6241 HdrRenderState mRenderHdrSdrRatio=1.0 caller= android.view.SyncRtSurfaceTransactionApplier.applyTransaction:102 android.view.SyncRtSurfaceTransactionApplier.lambda$scheduleApply$0:75 android.view.SyncRtSurfaceTransactionApplier.$r8$lambda$afI4fXg3U3-nBZQEDQMiNy-B06s:0 
10-02 15:00:55.120 19752 19978 I VRI[MainActivity]@ba2ccdd: mWNT: t=0xb400007b7865c430 mBlastBufferQueue=0xb400007c57f142d0 fn= 6242 HdrRenderState mRenderHdrSdrRatio=1.0 caller= android.view.SyncRtSurfaceTransactionApplier.applyTransaction:102 android.view.SyncRtSurfaceTransactionApplier.lambda$scheduleApply$0:75 android.view.SyncRtSurfaceTransactionApplier.$r8$lambda$afI4fXg3U3-nBZQEDQMiNy-B06s:0 
10-02 15:00:55.128 19752 19977 I VRI[MainActivity]@ba2ccdd: mWNT: t=0xb400007b78655780 mBlastBufferQueue=0xb400007c57f142d0 fn= 6243 HdrRenderState mRenderHdrSdrRatio=1.0 caller= android.view.SyncRtSurfaceTransactionApplier.applyTransaction:102 android.view.SyncRtSurfaceTransactionApplier.lambda$scheduleApply$0:75 android.view.SyncRtSurfaceTransactionApplier.$r8$lambda$afI4fXg3U3-nBZQEDQMiNy-B06s:0 
10-02 15:00:55.136 19752 19978 I VRI[MainActivity]@ba2ccdd: mWNT: t=0xb400007b7867c590 mBlastBufferQueue=0xb400007c57f142d0 fn= 6244 HdrRenderState mRenderHdrSdrRatio=1.0 caller= android.view.SyncRtSurfaceTransactionApplier.applyTransaction:102 android.view.SyncRtSurfaceTransactionApplier.lambda$scheduleApply$0:75 android.view.SyncRtSurfaceTransactionApplier.$r8$lambda$afI4fXg3U3-nBZQEDQMiNy-B06s:0 
10-02 15:00:55.145 19752 19977 I VRI[MainActivity]@ba2ccdd: mWNT: t=0xb400007b786758e0 mBlastBufferQueue=0xb400007c57f142d0 fn= 6245 HdrRenderState mRenderHdrSdrRatio=1.0 caller= android.view.SyncRtSurfaceTransactionApplier.applyTransaction:102 android.view.SyncRtSurfaceTransactionApplier.lambda$scheduleApply$0:75 android.view.SyncRtSurfaceTransactionApplier.$r8$lambda$afI4fXg3U3-nBZQEDQMiNy-B06s:0 
10-02 15:00:55.153 19752 19978 I VRI[MainActivity]@ba2ccdd: mWNT: t=0xb400007b780241b0 mBlastBufferQueue=0xb400007c57f142d0 fn= 6246 HdrRenderState mRenderHdrSdrRatio=1.0 caller= android.view.SyncRtSurfaceTransactionApplier.applyTransaction:102 android.view.SyncRtSurfaceTransactionApplier.lambda$scheduleApply$0:75 android.view.SyncRtSurfaceTransactionApplier.$r8$lambda$afI4fXg3U3-nBZQEDQMiNy-B06s:0 
10-02 15:00:55.161 19752 19977 I VRI[MainActivity]@ba2ccdd: mWNT: t=0xb400007b78678030 mBlastBufferQueue=0xb400007c57f142d0 fn= 6247 HdrRenderState mRenderHdrSdrRatio=1.0 caller= android.view.SyncRtSurfaceTransactionApplier.applyTransaction:102 android.view.SyncRtSurfaceTransactionApplier.lambda$scheduleApply$0:75 android.view.SyncRtSurfaceTransactionApplier.$r8$lambda$afI4fXg3U3-nBZQEDQMiNy-B06s:0 
10-02 15:00:55.170 19752 19978 I VRI[MainActivity]@ba2ccdd: mWNT: t=0xb400007b78663580 mBlastBufferQueue=0xb400007c57f142d0 fn= 6248 HdrRenderState mRenderHdrSdrRatio=1.0 caller= android.view.SyncRtSurfaceTransactionApplier.applyTransaction:102 android.view.SyncRtSurfaceTransactionApplier.lambda$scheduleApply$0:75 android.view.SyncRtSurfaceTransactionApplier.$r8$lambda$afI4fXg3U3-nBZQEDQMiNy-B06s:0 
10-02 15:00:55.178 19752 19977 I VRI[MainActivity]@ba2ccdd: mWNT: t=0xb400007b78679750 mBlastBufferQueue=0xb400007c57f142d0 fn= 6249 HdrRenderState mRenderHdrSdrRatio=1.0 caller= android.view.SyncRtSurfaceTransactionApplier.applyTransaction:102 android.view.SyncRtSurfaceTransactionApplier.lambda$scheduleApply$0:75 android.view.SyncRtSurfaceTransactionApplier.$r8$lambda$afI4fXg3U3-nBZQEDQMiNy-B06s:0 
10-02 15:00:55.186 19752 19978 I VRI[MainActivity]@ba2ccdd: mWNT: t=0xb400007b77f42ed0 mBlastBufferQueue=0xb400007c57f142d0 fn= 6250 HdrRenderState mRenderHdrSdrRatio=1.0 caller= android.view.SyncRtSurfaceTransactionApplier.applyTransaction:102 android.view.SyncRtSurfaceTransactionApplier.lambda$scheduleApply$0:75 android.view.SyncRtSurfaceTransactionApplier.$r8$lambda$afI4fXg3U3-nBZQEDQMiNy-B06s:0 
10-02 15:00:55.195 19752 19977 I VRI[MainActivity]@ba2ccdd: mWNT: t=0xb400007b7858b450 mBlastBufferQueue=0xb400007c57f142d0 fn= 6251 HdrRenderState mRenderHdrSdrRatio=1.0 caller= android.view.SyncRtSurfaceTransactionApplier.applyTransaction:102 android.view.SyncRtSurfaceTransactionApplier.lambda$scheduleApply$0:75 android.view.SyncRtSurfaceTransactionApplier.$r8$lambda$afI4fXg3U3-nBZQEDQMiNy-B06s:0 
10-02 15:00:55.203 19752 19978 I VRI[MainActivity]@ba2ccdd: mWNT: t=0xb400007b77f420f0 mBlastBufferQueue=0xb400007c57f142d0 fn= 6252 HdrRenderState mRenderHdrSdrRatio=1.0 caller= android.view.SyncRtSurfaceTransactionApplier.applyTransaction:102 android.view.SyncRtSurfaceTransactionApplier.lambda$scheduleApply$0:75 android.view.SyncRtSurfaceTransactionApplier.$r8$lambda$afI4fXg3U3-nBZQEDQMiNy-B06s:0 
10-02 15:00:55.212 19752 19977 I VRI[MainActivity]@ba2ccdd: mWNT: t=0xb400007b78023f60 mBlastBufferQueue=0xb400007c57f142d0 fn= 6253 HdrRenderState mRenderHdrSdrRatio=1.0 caller= android.view.SyncRtSurfaceTransactionApplier.applyTransaction:102 android.view.SyncRtSurfaceTransactionApplier.lambda$scheduleApply$0:75 android.view.SyncRtSurfaceTransactionApplier.$r8$lambda$afI4fXg3U3-nBZQEDQMiNy-B06s:0 
10-02 15:00:55.220 19752 19978 I VRI[MainActivity]@ba2ccdd: mWNT: t=0xb400007b7867b7b0 mBlastBufferQueue=0xb400007c57f142d0 fn= 6254 HdrRenderState mRenderHdrSdrRatio=1.0 caller= android.view.SyncRtSurfaceTransactionApplier.applyTransaction:102 android.view.SyncRtSurfaceTransactionApplier.lambda$scheduleApply$0:75 android.view.SyncRtSurfaceTransactionApplier.$r8$lambda$afI4fXg3U3-nBZQEDQMiNy-B06s:0 
10-02 15:00:55.229 19752 19977 I VRI[MainActivity]@ba2ccdd: mWNT: t=0xb400007b7866c730 mBlastBufferQueue=0xb400007c57f142d0 fn= 6255 HdrRenderState mRenderHdrSdrRatio=1.0 caller= android.view.SyncRtSurfaceTransactionApplier.applyTransaction:102 android.view.SyncRtSurfaceTransactionApplier.lambda$scheduleApply$0:75 android.view.SyncRtSurfaceTransactionApplier.$r8$lambda$afI4fXg3U3-nBZQEDQMiNy-B06s:0 
10-02 15:00:55.236 19752 19978 I VRI[MainActivity]@ba2ccdd: mWNT: t=0xb400007b78666610 mBlastBufferQueue=0xb400007c57f142d0 fn= 6256 HdrRenderState mRenderHdrSdrRatio=1.0 caller= android.view.SyncRtSurfaceTransactionApplier.applyTransaction:102 android.view.SyncRtSurfaceTransactionApplier.lambda$scheduleApply$0:75 android.view.SyncRtSurfaceTransactionApplier.$r8$lambda$afI4fXg3U3-nBZQEDQMiNy-B06s:0 
10-02 15:00:55.245 19752 19977 I VRI[MainActivity]@ba2ccdd: mWNT: t=0xb400007b7866e9e0 mBlastBufferQueue=0xb400007c57f142d0 fn= 6257 HdrRenderState mRenderHdrSdrRatio=1.0 caller= android.view.SyncRtSurfaceTransactionApplier.applyTransaction:102 android.view.SyncRtSurfaceTransactionApplier.lambda$scheduleApply$0:75 android.view.SyncRtSurfaceTransactionApplier.$r8$lambda$afI4fXg3U3-nBZQEDQMiNy-B06s:0 
10-02 15:00:55.253 19752 19978 I VRI[MainActivity]@ba2ccdd: mWNT: t=0xb400007b7865a3d0 mBlastBufferQueue=0xb400007c57f142d0 fn= 6258 HdrRenderState mRenderHdrSdrRatio=1.0 caller= android.view.SyncRtSurfaceTransactionApplier.applyTransaction:102 android.view.SyncRtSurfaceTransactionApplier.lambda$scheduleApply$0:75 android.view.SyncRtSurfaceTransactionApplier.$r8$lambda$afI4fXg3U3-nBZQEDQMiNy-B06s:0 
10-02 15:00:55.262 19752 19977 I VRI[MainActivity]@ba2ccdd: mWNT: t=0xb400007b77f32290 mBlastBufferQueue=0xb400007c57f142d0 fn= 6259 HdrRenderState mRenderHdrSdrRatio=1.0 caller= android.view.SyncRtSurfaceTransactionApplier.applyTransaction:102 android.view.SyncRtSurfaceTransactionApplier.lambda$scheduleApply$0:75 android.view.SyncRtSurfaceTransactionApplier.$r8$lambda$afI4fXg3U3-nBZQEDQMiNy-B06s:0 
10-02 15:00:55.270 19752 19978 I VRI[MainActivity]@ba2ccdd: mWNT: t=0xb400007b7867ac20 mBlastBufferQueue=0xb400007c57f142d0 fn= 6260 HdrRenderState mRenderHdrSdrRatio=1.0 caller= android.view.SyncRtSurfaceTransactionApplier.applyTransaction:102 android.view.SyncRtSurfaceTransactionApplier.lambda$scheduleApply$0:75 android.view.SyncRtSurfaceTransactionApplier.$r8$lambda$afI4fXg3U3-nBZQEDQMiNy-B06s:0 
10-02 15:00:55.278 19752 19977 I VRI[MainActivity]@ba2ccdd: mWNT: t=0xb400007b784aad00 mBlastBufferQueue=0xb400007c57f142d0 fn= 6261 HdrRenderState mRenderHdrSdrRatio=1.0 caller= android.view.SyncRtSurfaceTransactionApplier.applyTransaction:102 android.view.SyncRtSurfaceTransactionApplier.lambda$scheduleApply$0:75 android.view.SyncRtSurfaceTransactionApplier.$r8$lambda$afI4fXg3U3-nBZQEDQMiNy-B06s:0 
10-02 15:00:55.286 19752 19978 I VRI[MainActivity]@ba2ccdd: mWNT: t=0xb400007b78658120 mBlastBufferQueue=0xb400007c57f142d0 fn= 6262 HdrRenderState mRenderHdrSdrRatio=1.0 caller= android.view.SyncRtSurfaceTransactionApplier.applyTransaction:102 android.view.SyncRtSurfaceTransactionApplier.lambda$scheduleApply$0:75 android.view.SyncRtSurfaceTransactionApplier.$r8$lambda$afI4fXg3U3-nBZQEDQMiNy-B06s:0 
10-02 15:00:55.295 19752 19977 I VRI[MainActivity]@ba2ccdd: mWNT: t=0xb400007b77f445f0 mBlastBufferQueue=0xb400007c57f142d0 fn= 6263 HdrRenderState mRenderHdrSdrRatio=1.0 caller= android.view.SyncRtSurfaceTransactionApplier.applyTransaction:102 android.view.SyncRtSurfaceTransactionApplier.lambda$scheduleApply$0:75 android.view.SyncRtSurfaceTransactionApplier.$r8$lambda$afI4fXg3U3-nBZQEDQMiNy-B06s:0 
10-02 15:00:55.304 19752 19978 I VRI[MainActivity]@ba2ccdd: mWNT: t=0xb400007b7865f270 mBlastBufferQueue=0xb400007c57f142d0 fn= 6264 HdrRenderState mRenderHdrSdrRatio=1.0 caller= android.view.SyncRtSurfaceTransactionApplier.applyTransaction:102 android.view.SyncRtSurfaceTransactionApplier.lambda$scheduleApply$0:75 android.view.SyncRtSurfaceTransactionApplier.$r8$lambda$afI4fXg3U3-nBZQEDQMiNy-B06s:0 
10-02 15:00:55.308 19752 19977 I VRI[MainActivity]@ba2ccdd: mWNT: t=0xb400007b77fe10b0 mBlastBufferQueue=0xb400007c57f142d0 fn= 6265 HdrRenderState mRenderHdrSdrRatio=1.0 caller= android.view.SyncRtSurfaceTransactionApplier.applyTransaction:102 android.view.SyncRtSurfaceTransactionApplier.lambda$scheduleApply$0:75 android.view.SyncRtSurfaceTransactionApplier.$r8$lambda$afI4fXg3U3-nBZQEDQMiNy-B06s:0 
10-02 15:00:55.324 19752 19978 I VRI[MainActivity]@ba2ccdd: mWNT: t=0xb400007b77fe1550 mBlastBufferQueue=0xb400007c57f142d0 fn= 6266 HdrRenderState mRenderHdrSdrRatio=1.0 caller= android.view.SyncRtSurfaceTransactionApplier.applyTransaction:102 android.view.SyncRtSurfaceTransactionApplier.lambda$scheduleApply$0:75 android.view.SyncRtSurfaceTransactionApplier.$r8$lambda$afI4fXg3U3-nBZQEDQMiNy-B06s:0 
10-02 15:00:55.325 19752 19752 I ImeTracker: com.negi.survey.local:cb30c73f: onShown
10-02 15:00:55.330 19752 19977 I VRI[MainActivity]@ba2ccdd: mWNT: t=0xb400007b78654bf0 mBlastBufferQueue=0xb400007c57f142d0 fn= 6267 HdrRenderState mRenderHdrSdrRatio=1.0 caller= android.view.SyncRtSurfaceTransactionApplier.applyTransaction:102 android.view.SyncRtSurfaceTransactionApplier.lambda$scheduleApply$0:75 android.view.SyncRtSurfaceTransactionApplier.$r8$lambda$afI4fXg3U3-nBZQEDQMiNy-B06s:0 
10-02 15:00:55.384 19752 19752 I View    : setRequestedFrameRate frameRate=NaN, this=android.view.View{fcdbddb V.ED..... ........ 0,0-0,0}, caller=androidx.compose.ui.platform.Api35Impl.setRequestedFrameRate:4047 androidx.compose.ui.platform.AndroidComposeView.dispatchDraw:2282 android.view.View.draw:26758 android.view.View.updateDisplayListIfDirty:25577 android.view.ViewGroup.recreateChildDisplayList:4881 
10-02 15:00:57.864 19752 19752 I VRI[MainActivity]@ba2ccdd: call setFrameRateCategory for touch hint category=no preference, reason=boost timeout, vri=VRI[MainActivity]@ba2ccdd
10-02 15:00:59.012 19752 19752 I VRI[MainActivity]@ba2ccdd: setInTouchMode(false), android.view.ViewRootImpl.checkForLeavingTouchModeAndConsume:11075 android.view.ViewRootImpl.-$$Nest$mcheckForLeavingTouchModeAndConsume:0 android.view.ViewRootImpl$EarlyPostImeInputStage.processKeyEvent:9536 android.view.ViewRootImpl$EarlyPostImeInputStage.onProcess:9520 android.view.ViewRootImpl$InputStage.deliver:8994 android.view.ViewRootImpl$InputStage.onDeliverToNext:9051 android.view.ViewRootImpl$InputStage.forward:9017 android.view.ViewRootImpl$AsyncInputStage.forward:9255 android.view.ViewRootImpl$ImeInputStage.onFinishedInputEvent:9505 android.view.inputmethod.InputMethodManager$PendingEvent.run:5454 
10-02 15:00:59.014 19752 19752 I VRI[MainActivity]@ba2ccdd: ViewPostIme key 0
10-02 15:00:59.022 19752 19752 I VRI[MainActivity]@ba2ccdd: ViewPostIme key 1
10-02 15:00:59.041 19752 19752 I VRI[MainActivity]@ba2ccdd: ViewPostIme key 0
10-02 15:00:59.077 19752 19752 I VRI[MainActivity]@ba2ccdd: ViewPostIme key 1
10-02 15:00:59.084 19752 19752 I VRI[MainActivity]@ba2ccdd: ViewPostIme key 0
10-02 15:00:59.087 19752 19752 I VRI[MainActivity]@ba2ccdd: ViewPostIme key 1
10-02 15:00:59.099 19752 19752 I VRI[MainActivity]@ba2ccdd: ViewPostIme key 0
10-02 15:00:59.115 19752 19752 I VRI[MainActivity]@ba2ccdd: ViewPostIme key 1
10-02 15:00:59.128 19752 19752 I VRI[MainActivity]@ba2ccdd: ViewPostIme key 0
10-02 15:00:59.136 19752 19752 I VRI[MainActivity]@ba2ccdd: ViewPostIme key 1
10-02 15:01:09.617 19752 19752 I VRI[MainActivity]@ba2ccdd: The input has been finished in ImeInputStage.
10-02 15:01:09.621 19752 19752 I ImeTracker: com.negi.survey.local:6256d822: onRequestHide at ORIGIN_CLIENT reason HIDE_SOFT_INPUT_REQUEST_HIDE_WITH_CONTROL fromUser true
10-02 15:01:09.622 19752 19752 D InsetsController: hide(ime())
10-02 15:01:09.623 19752 19752 D WindowOnBackDispatcher: setTopOnBackInvokedCallback (unwrapped): androidx.navigationevent.OnBackInvokedInput$createOnBackAnimationCallback$1@d90ad5
10-02 15:01:09.623 19752 19752 D InsetsController: Setting requestedVisibleTypes to 503 (was 511)
10-02 15:01:09.624 19752 19752 I InsetsController: setRequestedVisibleTypes: visible=false, mask=ime, host=com.negi.survey.local/com.negi.survey.MainActivity, from=android.view.InsetsController.controlAnimationUnchecked:1646 android.view.InsetsController.applyAnimation:2278 android.view.InsetsController.applyAnimation:2207 android.view.InsetsController.hide:1581 android.view.ImeBackAnimationController.onBackInvoked:153 android.window.WindowOnBackInvokedDispatcher.onBackInvoked:495 android.view.ViewRootImpl$NativePreImeInputStage.doOnBackKeyEvent:9397 android.view.ViewRootImpl$NativePreImeInputStage.onProcess:9361 android.view.ViewRootImpl$InputStage.deliver:8994 android.view.ViewRootImpl.deliverInputEvent:12916 
10-02 15:01:09.627 19752 19752 I VRI[MainActivity]@ba2ccdd: ViewPostIme key 1
10-02 15:01:09.627 19752 19752 D Activity: onKeyUp(KEYCODE_BACK) isTracking()=false isCanceled()=true hasCallback=true
10-02 15:01:09.639 19752 19752 D VRI[MainActivity]@ba2ccdd: WindowInsets changed: ime:null 
10-02 15:01:09.641 19752 19752 I BLASTBufferQueue_Java: update, w= 1080 h= 2340 mName = VRI[MainActivity]@ba2ccdd mNativeObject= 0xb400007c57f142d0 sc.mNativeObject= 0xb400007ba7ee7d10 format= -1 caller= android.view.ViewRootImpl.updateBlastSurfaceIfNeeded:3592 android.view.ViewRootImpl.relayoutWindow:11813 android.view.ViewRootImpl.performTraversals:4840 android.view.ViewRootImpl.doTraversal:3959 android.view.ViewRootImpl$TraversalRunnable.run:13034 android.view.Choreographer$CallbackRecord.run:1961 
10-02 15:01:09.641 19752 19752 I VRI[MainActivity]@ba2ccdd: Relayout returned: old=(0,0,1080,2340) new=(0,0,1080,2340) relayoutAsync=true req=(1080,2340)0 dur=1 res=0x0 s={true 0xb400007b97f0de20} ch=false seqId=0
10-02 15:01:09.647 19752 19752 I VRI[MainActivity]@ba2ccdd: registerCallbackForPendingTransactions
10-02 15:01:09.648 19752 19978 I VRI[MainActivity]@ba2ccdd: mWNT: t=0xb400007b78672850 mBlastBufferQueue=0xb400007c57f142d0 fn= 6304 HdrRenderState mRenderHdrSdrRatio=1.0 caller= android.view.SyncRtSurfaceTransactionApplier.applyTransaction:102 android.view.SyncRtSurfaceTransactionApplier.lambda$scheduleApply$0:75 android.view.SyncRtSurfaceTransactionApplier.$r8$lambda$afI4fXg3U3-nBZQEDQMiNy-B06s:0 
10-02 15:01:09.649 19752 19978 I VRI[MainActivity]@ba2ccdd: mWNT: t=0xb400007b78672cf0 mBlastBufferQueue=0xb400007c57f142d0 fn= 6304 HdrRenderState mRenderHdrSdrRatio=1.0 caller= android.view.ViewRootImpl$10.onFrameDraw:6615 android.view.ViewRootImpl$4.onFrameDraw:2485 android.view.ThreadedRenderer$1.onFrameDraw:751 
10-02 15:01:09.649 19752 19752 I InsetsController: onStateChanged: host=com.negi.survey.local/com.negi.survey.MainActivity, from=android.view.ViewRootImpl.onInsetsStateChanged:3038, state=InsetsState: {mDisplayFrame=Rect(0, 0 - 1080, 2340), mDisplayCutout=DisplayCutout{insets=Rect(0, 82 - 0, 0) waterfall=Insets{left=0, top=0, right=0, bottom=0} boundingRect={Bounds=[Rect(0, 0 - 0, 0), Rect(511, 24 - 569, 82), Rect(0, 0 - 0, 0), Rect(0, 0 - 0, 0)]} cutoutPathParserInfo={CutoutPathParserInfo{displayWidth=1080 displayHeight=2340 physicalDisplayWidth=1080 physicalDisplayHeight=2340 density={2.8125} cutoutSpec={M 0,0 M 0, 8.533333333333333 a 10.31111111111111,10.31111111111111 0 1,0 0,20.62222222222222 a 10.31111111111111,10.31111111111111 0 1,0 0,-20.62222222222222 Z @dp} rotation={0} scale={1.0} physicalPixelDisplaySizeRatio={1.0}}} sideOverrides={}}, mRoundedCorners=RoundedCorners{[RoundedCorner{position=TopLeft, radius=113, center=Point(113, 113)}, RoundedCorner{position=TopRight, radius=113, center=Point(967, 113)}, RoundedCorner{position=BottomRight, radius=113, center=Point(967, 2227)}, RoundedCorner{position=BottomLeft, radius=113, center=Point(113, 2227)}]}  mRoundedCornerFrame=Rect(0, 0 - 1080, 2340), mPrivacyIndicatorBounds=PrivacyIndicatorBounds {static bounds=Rect(956, 0 - 1080, 97) rotation=0}, mDisplayShape=DisplayShape{ spec=-311912193 displayWidth=1080 displayHeight=2340 physicalPixelDisplaySizeRatio=1.0 rotation=0 offsetX=0 offsetY=0 scale=1.0}, mSources= { InsetsSource: {d29a0000 mType=statusBars mFrame=[0,0][1080,97] mAttachedInsets=null mVisible=true mFlags= mSideHint=TOP mBoundingRects=null}, InsetsSource: {d29a0005 mType=mandatorySystemGestures mFrame=[0,0][1080,116] mAttachedInsets=null mVisible=true mFlags= mSideHint=TOP mBoundingRects=null}, InsetsSource: {d29a0006 mType=tappableElement mFrame=[0,0][1080,97] mAttachedInsets=null mVisible=true mFlags= mSideHint=TOP mBoundingRects=null}, InsetsSource: {3 mType=ime mFrame=[0,1332][1080,2340] mAttachedInsets=null mVisible=false mFlags= mSideHint=BOTTOM mBoundingRects=null}, InsetsSource: {27 mType=displayCutout mFrame=[0,0][1080,82] mAttachedInsets=null mVisible=true mFlags= mSideHint=TOP mBoundingRects=null}, InsetsSource: {4b5d0001 mType=navigationBars mFrame=[0,2205][1080,2340] mAttachedInsets=null mVisible=true mFlags= mSideHint=BOTTOM mBoundingRects=null}, InsetsSource: {4b5d0004 mType=systemGestures mFrame=[0,0][0,0] mAttachedInsets=null mVisible=true mFlags= mSideHint=NONE mBoundingRects=null}, InsetsSource: {4b5d0005 mType=mandatorySystemGestures mFrame=[0,2205][1080,2340] mAttachedInsets=null mVisible=true mFlags= mSideHint=BOTTOM mBoundingRects=null}, InsetsSource: {4b5d0006 mType=tappableElement mFrame=[0,2205][1080,2340] mAttachedInsets=null mVisible=true mFlags= mSideHint=BOTTOM mBoundingRects=null}, InsetsSource: {4b5d0024 mType=systemGestures mFrame=[0,0][0,0] mAttachedInsets=null mVisible=true mFlags= mSideHint=NONE mBoundingRects=null} }
10-02 15:01:09.649 19752 19752 I VRI[MainActivity]@ba2ccdd: handleResized, frames=ClientWindowFrames{frame=[0,0][1080,2340] display=[0,0][1080,2340] parentFrame=[0,0][0,0]} displayId=0 dragResizing=false compatScale=1.0 frameChanged=false attachedFrameChanged=false configChanged=false displayChanged=false compatScaleChanged=false dragResizingChanged=false
10-02 15:01:09.660 19752 19977 I VRI[MainActivity]@ba2ccdd: mWNT: t=0xb400007b78669fe0 mBlastBufferQueue=0xb400007c57f142d0 fn= 6305 HdrRenderState mRenderHdrSdrRatio=1.0 caller= android.view.SyncRtSurfaceTransactionApplier.applyTransaction:102 android.view.SyncRtSurfaceTransactionApplier.lambda$scheduleApply$0:75 android.view.SyncRtSurfaceTransactionApplier.$r8$lambda$afI4fXg3U3-nBZQEDQMiNy-B06s:0 
10-02 15:01:09.685 19752 19752 I View    : setRequestedFrameRate frameRate=-4.0, this=android.view.View{fcdbddb V.ED..... ........ 0,0-0,0}, caller=androidx.compose.ui.platform.Api35Impl.setRequestedFrameRate:4047 androidx.compose.ui.platform.AndroidComposeView.dispatchDraw:2282 android.view.View.draw:26758 android.view.View.updateDisplayListIfDirty:25577 android.view.View.draw:26477 
10-02 15:01:09.687 19752 19978 I VRI[MainActivity]@ba2ccdd: mWNT: t=0xb400007b78662e90 mBlastBufferQueue=0xb400007c57f142d0 fn= 6306 HdrRenderState mRenderHdrSdrRatio=1.0 caller= android.view.SyncRtSurfaceTransactionApplier.applyTransaction:102 android.view.SyncRtSurfaceTransactionApplier.lambda$scheduleApply$0:75 android.view.SyncRtSurfaceTransactionApplier.$r8$lambda$afI4fXg3U3-nBZQEDQMiNy-B06s:0 
10-02 15:01:09.700 19752 19977 I VRI[MainActivity]@ba2ccdd: mWNT: t=0xb400007b78679500 mBlastBufferQueue=0xb400007c57f142d0 fn= 6307 HdrRenderState mRenderHdrSdrRatio=1.0 caller= android.view.SyncRtSurfaceTransactionApplier.applyTransaction:102 android.view.SyncRtSurfaceTransactionApplier.lambda$scheduleApply$0:75 android.view.SyncRtSurfaceTransactionApplier.$r8$lambda$afI4fXg3U3-nBZQEDQMiNy-B06s:0 
10-02 15:01:09.700 19752 19752 I InsetsSourceConsumer: applyRequestedVisibilityToControl: visible=true, type=navigationBars, host=com.negi.survey.local/com.negi.survey.MainActivity
10-02 15:01:09.701 19752 19752 I ImeTracker: system_server:f311f302: onCancelled at PHASE_CLIENT_ON_CONTROLS_CHANGED
10-02 15:01:09.711 19752 19978 I VRI[MainActivity]@ba2ccdd: mWNT: t=0xb400007b7865cd70 mBlastBufferQueue=0xb400007c57f142d0 fn= 6308 HdrRenderState mRenderHdrSdrRatio=1.0 caller= android.view.SyncRtSurfaceTransactionApplier.applyTransaction:102 android.view.SyncRtSurfaceTransactionApplier.lambda$scheduleApply$0:75 android.view.SyncRtSurfaceTransactionApplier.$r8$lambda$afI4fXg3U3-nBZQEDQMiNy-B06s:0 
10-02 15:01:09.732 19752 19977 I VRI[MainActivity]@ba2ccdd: mWNT: t=0xb400007b7866e2f0 mBlastBufferQueue=0xb400007c57f142d0 fn= 6309 HdrRenderState mRenderHdrSdrRatio=1.0 caller= android.view.SyncRtSurfaceTransactionApplier.applyTransaction:102 android.view.SyncRtSurfaceTransactionApplier.lambda$scheduleApply$0:75 android.view.SyncRtSurfaceTransactionApplier.$r8$lambda$afI4fXg3U3-nBZQEDQMiNy-B06s:0 
10-02 15:01:09.746 19752 19978 I VRI[MainActivity]@ba2ccdd: mWNT: t=0xb400007b78023d10 mBlastBufferQueue=0xb400007c57f142d0 fn= 6310 HdrRenderState mRenderHdrSdrRatio=1.0 caller= android.view.SyncRtSurfaceTransactionApplier.applyTransaction:102 android.view.SyncRtSurfaceTransactionApplier.lambda$scheduleApply$0:75 android.view.SyncRtSurfaceTransactionApplier.$r8$lambda$afI4fXg3U3-nBZQEDQMiNy-B06s:0 
10-02 15:01:09.766 19752 19977 I VRI[MainActivity]@ba2ccdd: mWNT: t=0xb400007b7867ca30 mBlastBufferQueue=0xb400007c57f142d0 fn= 6311 HdrRenderState mRenderHdrSdrRatio=1.0 caller= android.view.SyncRtSurfaceTransactionApplier.applyTransaction:102 android.view.SyncRtSurfaceTransactionApplier.lambda$scheduleApply$0:75 android.view.SyncRtSurfaceTransactionApplier.$r8$lambda$afI4fXg3U3-nBZQEDQMiNy-B06s:0 
10-02 15:01:09.781 19752 19978 I VRI[MainActivity]@ba2ccdd: mWNT: t=0xb400007b78026460 mBlastBufferQueue=0xb400007c57f142d0 fn= 6312 HdrRenderState mRenderHdrSdrRatio=1.0 caller= android.view.SyncRtSurfaceTransactionApplier.applyTransaction:102 android.view.SyncRtSurfaceTransactionApplier.lambda$scheduleApply$0:75 android.view.SyncRtSurfaceTransactionApplier.$r8$lambda$afI4fXg3U3-nBZQEDQMiNy-B06s:0 
10-02 15:01:09.797 19752 19977 I VRI[MainActivity]@ba2ccdd: mWNT: t=0xb400007b78025430 mBlastBufferQueue=0xb400007c57f142d0 fn= 6313 HdrRenderState mRenderHdrSdrRatio=1.0 caller= android.view.SyncRtSurfaceTransactionApplier.applyTransaction:102 android.view.SyncRtSurfaceTransactionApplier.lambda$scheduleApply$0:75 android.view.SyncRtSurfaceTransactionApplier.$r8$lambda$afI4fXg3U3-nBZQEDQMiNy-B06s:0 
10-02 15:01:09.814 19752 19978 I VRI[MainActivity]@ba2ccdd: mWNT: t=0xb400007b78674d50 mBlastBufferQueue=0xb400007c57f142d0 fn= 6314 HdrRenderState mRenderHdrSdrRatio=1.0 caller= android.view.SyncRtSurfaceTransactionApplier.applyTransaction:102 android.view.SyncRtSurfaceTransactionApplier.lambda$scheduleApply$0:75 android.view.SyncRtSurfaceTransactionApplier.$r8$lambda$afI4fXg3U3-nBZQEDQMiNy-B06s:0 
10-02 15:01:09.831 19752 19977 I VRI[MainActivity]@ba2ccdd: mWNT: t=0xb400007b786799a0 mBlastBufferQueue=0xb400007c57f142d0 fn= 6315 HdrRenderState mRenderHdrSdrRatio=1.0 caller= android.view.SyncRtSurfaceTransactionApplier.applyTransaction:102 android.view.SyncRtSurfaceTransactionApplier.lambda$scheduleApply$0:75 android.view.SyncRtSurfaceTransactionApplier.$r8$lambda$afI4fXg3U3-nBZQEDQMiNy-B06s:0 
10-02 15:01:09.848 19752 19978 I VRI[MainActivity]@ba2ccdd: mWNT: t=0xb400007b77f264f0 mBlastBufferQueue=0xb400007c57f142d0 fn= 6316 HdrRenderState mRenderHdrSdrRatio=1.0 caller= android.view.SyncRtSurfaceTransactionApplier.applyTransaction:102 android.view.SyncRtSurfaceTransactionApplier.lambda$scheduleApply$0:75 android.view.SyncRtSurfaceTransactionApplier.$r8$lambda$afI4fXg3U3-nBZQEDQMiNy-B06s:0 
10-02 15:01:09.862 19752 19977 I VRI[MainActivity]@ba2ccdd: mWNT: t=0xb400007b780258d0 mBlastBufferQueue=0xb400007c57f142d0 fn= 6317 HdrRenderState mRenderHdrSdrRatio=1.0 caller= android.view.SyncRtSurfaceTransactionApplier.applyTransaction:102 android.view.SyncRtSurfaceTransactionApplier.lambda$scheduleApply$0:75 android.view.SyncRtSurfaceTransactionApplier.$r8$lambda$afI4fXg3U3-nBZQEDQMiNy-B06s:0 
10-02 15:01:09.882 19752 19978 I VRI[MainActivity]@ba2ccdd: mWNT: t=0xb400007b77f3ee10 mBlastBufferQueue=0xb400007c57f142d0 fn= 6318 HdrRenderState mRenderHdrSdrRatio=1.0 caller= android.view.SyncRtSurfaceTransactionApplier.applyTransaction:102 android.view.SyncRtSurfaceTransactionApplier.lambda$scheduleApply$0:75 android.view.SyncRtSurfaceTransactionApplier.$r8$lambda$afI4fXg3U3-nBZQEDQMiNy-B06s:0 
10-02 15:01:09.898 19752 19977 I VRI[MainActivity]@ba2ccdd: mWNT: t=0xb400007b780241b0 mBlastBufferQueue=0xb400007c57f142d0 fn= 6319 HdrRenderState mRenderHdrSdrRatio=1.0 caller= android.view.SyncRtSurfaceTransactionApplier.applyTransaction:102 android.view.SyncRtSurfaceTransactionApplier.lambda$scheduleApply$0:75 android.view.SyncRtSurfaceTransactionApplier.$r8$lambda$afI4fXg3U3-nBZQEDQMiNy-B06s:0 
10-02 15:01:09.913 19752 19978 I VRI[MainActivity]@ba2ccdd: mWNT: t=0xb400007b7865b650 mBlastBufferQueue=0xb400007c57f142d0 fn= 6320 HdrRenderState mRenderHdrSdrRatio=1.0 caller= android.view.SyncRtSurfaceTransactionApplier.applyTransaction:102 android.view.SyncRtSurfaceTransactionApplier.lambda$scheduleApply$0:75 android.view.SyncRtSurfaceTransactionApplier.$r8$lambda$afI4fXg3U3-nBZQEDQMiNy-B06s:0 
10-02 15:01:09.930 19752 19977 I VRI[MainActivity]@ba2ccdd: mWNT: t=0xb400007b7867c590 mBlastBufferQueue=0xb400007c57f142d0 fn= 6321 HdrRenderState mRenderHdrSdrRatio=1.0 caller= android.view.SyncRtSurfaceTransactionApplier.applyTransaction:102 android.view.SyncRtSurfaceTransactionApplier.lambda$scheduleApply$0:75 android.view.SyncRtSurfaceTransactionApplier.$r8$lambda$afI4fXg3U3-nBZQEDQMiNy-B06s:0 
10-02 15:01:09.947 19752 19978 I VRI[MainActivity]@ba2ccdd: mWNT: t=0xb400007b78662c40 mBlastBufferQueue=0xb400007c57f142d0 fn= 6322 HdrRenderState mRenderHdrSdrRatio=1.0 caller= android.view.SyncRtSurfaceTransactionApplier.applyTransaction:102 android.view.SyncRtSurfaceTransactionApplier.lambda$scheduleApply$0:75 android.view.SyncRtSurfaceTransactionApplier.$r8$lambda$afI4fXg3U3-nBZQEDQMiNy-B06s:0 
10-02 15:01:09.967 19752 19977 I VRI[MainActivity]@ba2ccdd: mWNT: t=0xb400007b786758e0 mBlastBufferQueue=0xb400007c57f142d0 fn= 6323 HdrRenderState mRenderHdrSdrRatio=1.0 caller= android.view.SyncRtSurfaceTransactionApplier.applyTransaction:102 android.view.SyncRtSurfaceTransactionApplier.lambda$scheduleApply$0:75 android.view.SyncRtSurfaceTransactionApplier.$r8$lambda$afI4fXg3U3-nBZQEDQMiNy-B06s:0 
10-02 15:01:09.978 19752 19752 I View    : setRequestedFrameRate frameRate=NaN, this=android.view.View{fcdbddb V.ED..... ........ 0,0-0,0}, caller=androidx.compose.ui.platform.Api35Impl.setRequestedFrameRate:4047 androidx.compose.ui.platform.AndroidComposeView.dispatchDraw:2282 android.view.View.draw:26758 android.view.View.updateDisplayListIfDirty:25577 android.view.ViewGroup.recreateChildDisplayList:4881 
10-02 15:01:10.385 19752 19752 I InsetsController: onStateChanged: host=com.negi.survey.local/com.negi.survey.MainActivity, from=android.view.ViewRootImpl.onInsetsStateChanged:3038, state=InsetsState: {mDisplayFrame=Rect(0, 0 - 1080, 2340), mDisplayCutout=DisplayCutout{insets=Rect(0, 82 - 0, 0) waterfall=Insets{left=0, top=0, right=0, bottom=0} boundingRect={Bounds=[Rect(0, 0 - 0, 0), Rect(511, 24 - 569, 82), Rect(0, 0 - 0, 0), Rect(0, 0 - 0, 0)]} cutoutPathParserInfo={CutoutPathParserInfo{displayWidth=1080 displayHeight=2340 physicalDisplayWidth=1080 physicalDisplayHeight=2340 density={2.8125} cutoutSpec={M 0,0 M 0, 8.533333333333333 a 10.31111111111111,10.31111111111111 0 1,0 0,20.62222222222222 a 10.31111111111111,10.31111111111111 0 1,0 0,-20.62222222222222 Z @dp} rotation={0} scale={1.0} physicalPixelDisplaySizeRatio={1.0}}} sideOverrides={}}, mRoundedCorners=RoundedCorners{[RoundedCorner{position=TopLeft, radius=113, center=Point(113, 113)}, RoundedCorner{position=TopRight, radius=113, center=Point(967, 113)}, RoundedCorner{position=BottomRight, radius=113, center=Point(967, 2227)}, RoundedCorner{position=BottomLeft, radius=113, center=Point(113, 2227)}]}  mRoundedCornerFrame=Rect(0, 0 - 1080, 2340), mPrivacyIndicatorBounds=PrivacyIndicatorBounds {static bounds=Rect(956, 0 - 1080, 97) rotation=0}, mDisplayShape=DisplayShape{ spec=-311912193 displayWidth=1080 displayHeight=2340 physicalPixelDisplaySizeRatio=1.0 rotation=0 offsetX=0 offsetY=0 scale=1.0}, mSources= { InsetsSource: {d29a0000 mType=statusBars mFrame=[0,0][1080,97] mAttachedInsets=null mVisible=true mFlags= mSideHint=TOP mBoundingRects=null}, InsetsSource: {d29a0005 mType=mandatorySystemGestures mFrame=[0,0][1080,116] mAttachedInsets=null mVisible=true mFlags= mSideHint=TOP mBoundingRects=null}, InsetsSource: {d29a0006 mType=tappableElement mFrame=[0,0][1080,97] mAttachedInsets=null mVisible=true mFlags= mSideHint=TOP mBoundingRects=null}, InsetsSource: {3 mType=ime mFrame=[0,0][0,0] mAttachedInsets=null mVisible=false mFlags=INVALID mSideHint=NONE mBoundingRects=null}, InsetsSource: {27 mType=displayCutout mFrame=[0,0][1080,82] mAttachedInsets=null mVisible=true mFlags= mSideHint=TOP mBoundingRects=null}, InsetsSource: {4b5d0001 mType=navigationBars mFrame=[0,2205][1080,2340] mAttachedInsets=null mVisible=true mFlags= mSideHint=BOTTOM mBoundingRects=null}, InsetsSource: {4b5d0004 mType=systemGestures mFrame=[0,0][0,0] mAttachedInsets=null mVisible=true mFlags= mSideHint=NONE mBoundingRects=null}, InsetsSource: {4b5d0005 mType=mandatorySystemGestures mFrame=[0,2205][1080,2340] mAttachedInsets=null mVisible=true mFlags= mSideHint=BOTTOM mBoundingRects=null}, InsetsSource: {4b5d0006 mType=tappableElement mFrame=[0,2205][1080,2340] mAttachedInsets=null mVisible=true mFlags= mSideHint=BOTTOM mBoundingRects=null}, InsetsSource: {4b5d0024 mType=systemGestures mFrame=[0,0][0,0] mAttachedInsets=null mVisible=true mFlags= mSideHint=NONE mBoundingRects=null} }
10-02 15:01:10.386 19752 19752 I VRI[MainActivity]@ba2ccdd: handleResized, frames=ClientWindowFrames{frame=[0,0][1080,2340] display=[0,0][1080,2340] parentFrame=[0,0][0,0]} displayId=0 dragResizing=false compatScale=1.0 frameChanged=false attachedFrameChanged=false configChanged=false displayChanged=false compatScaleChanged=false dragResizingChanged=false
10-02 15:01:13.624 19752 19752 I VRI[MainActivity]@ba2ccdd: ViewPostIme pointer 0
10-02 15:01:13.630 19752 19752 I VRI[MainActivity]@ba2ccdd: call setFrameRateCategory for touch hint category=high hint, reason=touch, vri=VRI[MainActivity]@ba2ccdd
10-02 15:01:13.631 19752 19752 I VRI[MainActivity]@ba2ccdd: ViewPostIme pointer 1
10-02 15:01:13.634 19752 19752 D SurveyVM: push -> Q5, navSize=8, stackSize=8
10-02 15:01:13.642 19752 19752 D InputMethodManagerUtils: startInputInner - Id : 0
10-02 15:01:13.642 19752 19752 I InputMethodManager: startInputInner - IInputMethodManagerGlobalInvoker.startInputOrWindowGainedFocus
10-02 15:01:13.649 19752 19936 D InputTransport: Input channel constructed: 'ClientS', fd=116
10-02 15:01:13.652 19752 19752 D WhisperSpeechController: updateContext: surveyId=e62d665e-992d-4f7a-833f-8c7e102fb2f6, questionId=Q5
10-02 15:01:16.638 19752 19752 I VRI[MainActivity]@ba2ccdd: call setFrameRateCategory for touch hint category=no preference, reason=boost timeout, vri=VRI[MainActivity]@ba2ccdd
10-02 15:01:18.694 19752 19752 I VRI[MainActivity]@ba2ccdd: ViewPostIme pointer 0
10-02 15:01:18.707 19752 19752 I VRI[MainActivity]@ba2ccdd: call setFrameRateCategory for touch hint category=high hint, reason=touch, vri=VRI[MainActivity]@ba2ccdd
10-02 15:01:18.708 19752 19752 I VRI[MainActivity]@ba2ccdd: ViewPostIme pointer 1
10-02 15:01:18.711 19752 19752 D InsetsController: show(ime())
10-02 15:01:18.711 19752 19752 I ImeTracker: com.negi.survey.local:8aab9f88: onRequestShow at ORIGIN_CLIENT reason SHOW_SOFT_INPUT_BY_INSETS_API fromUser false
10-02 15:01:18.711 19752 19752 D InsetsController: Setting requestedVisibleTypes to 511 (was 503)
10-02 15:01:18.711 19752 19752 I InsetsController: setRequestedVisibleTypes: visible=true, mask=ime, host=com.negi.survey.local/com.negi.survey.MainActivity, from=android.view.InsetsController.controlAnimationUnchecked:1646 android.view.InsetsController.applyAnimation:2278 android.view.InsetsController.applyAnimation:2207 android.view.InsetsController.show:1498 android.view.InsetsController.show:1435 androidx.core.view.SoftwareKeyboardControllerCompat$Impl30.show:189 androidx.core.view.SoftwareKeyboardControllerCompat.show:70 androidx.compose.ui.text.input.InputMethodManagerImpl.showSoftInput:81 androidx.compose.ui.text.input.TextInputServiceAndroid.setKeyboardVisibleImmediately:468 androidx.compose.ui.text.input.TextInputServiceAndroid.processInputCommands:352 
10-02 15:01:18.727 19752 19752 I InputMethodManager_LC: showSoftInput(View,I)
10-02 15:01:18.728 19752 19752 I ImeTracker: com.negi.survey.local:5b0728cd: onRequestShow at ORIGIN_CLIENT reason SHOW_SOFT_INPUT fromUser false
10-02 15:01:18.728 19752 19752 I InputMethodManager_LC: ssi(): flags=0 view=com.negi.survey.local reason=SHOW_SOFT_INPUT
10-02 15:01:18.728 19752 19752 I InputMethodManager_LC: ssi() view is not EditText
10-02 15:01:18.728 19752 19752 D InsetsController: show(ime())
10-02 15:01:18.729 19752 19752 I ImeTracker: com.negi.survey.local:5b0728cd: onCancelled at PHASE_CLIENT_REPORT_REQUESTED_VISIBLE_TYPES
10-02 15:01:18.729 19752 19752 I VRI[MainActivity]@ba2ccdd: handleResized, frames=ClientWindowFrames{frame=[0,0][1080,2340] display=[0,0][1080,2340] parentFrame=[0,0][0,0]} displayId=0 dragResizing=false compatScale=1.0 frameChanged=false attachedFrameChanged=false configChanged=false displayChanged=false compatScaleChanged=false dragResizingChanged=false
10-02 15:01:18.753 19752 19752 D WindowOnBackDispatcher: setTopOnBackInvokedCallback (unwrapped): android.view.ImeBackAnimationController@d88cdb2
10-02 15:01:18.775 19752 19752 I InsetsController: onStateChanged: host=com.negi.survey.local/com.negi.survey.MainActivity, from=android.view.ViewRootImpl.onInsetsStateChanged:3038, state=InsetsState: {mDisplayFrame=Rect(0, 0 - 1080, 2340), mDisplayCutout=DisplayCutout{insets=Rect(0, 82 - 0, 0) waterfall=Insets{left=0, top=0, right=0, bottom=0} boundingRect={Bounds=[Rect(0, 0 - 0, 0), Rect(511, 24 - 569, 82), Rect(0, 0 - 0, 0), Rect(0, 0 - 0, 0)]} cutoutPathParserInfo={CutoutPathParserInfo{displayWidth=1080 displayHeight=2340 physicalDisplayWidth=1080 physicalDisplayHeight=2340 density={2.8125} cutoutSpec={M 0,0 M 0, 8.533333333333333 a 10.31111111111111,10.31111111111111 0 1,0 0,20.62222222222222 a 10.31111111111111,10.31111111111111 0 1,0 0,-20.62222222222222 Z @dp} rotation={0} scale={1.0} physicalPixelDisplaySizeRatio={1.0}}} sideOverrides={}}, mRoundedCorners=RoundedCorners{[RoundedCorner{position=TopLeft, radius=113, center=Point(113, 113)}, RoundedCorner{position=TopRight, radius=113, center=Point(967, 113)}, RoundedCorner{position=BottomRight, radius=113, center=Point(967, 2227)}, RoundedCorner{position=BottomLeft, radius=113, center=Point(113, 2227)}]}  mRoundedCornerFrame=Rect(0, 0 - 1080, 2340), mPrivacyIndicatorBounds=PrivacyIndicatorBounds {static bounds=Rect(956, 0 - 1080, 97) rotation=0}, mDisplayShape=DisplayShape{ spec=-311912193 displayWidth=1080 displayHeight=2340 physicalPixelDisplaySizeRatio=1.0 rotation=0 offsetX=0 offsetY=0 scale=1.0}, mSources= { InsetsSource: {d29a0000 mType=statusBars mFrame=[0,0][1080,97] mAttachedInsets=null mVisible=true mFlags= mSideHint=TOP mBoundingRects=null}, InsetsSource: {d29a0005 mType=mandatorySystemGestures mFrame=[0,0][1080,116] mAttachedInsets=null mVisible=true mFlags= mSideHint=TOP mBoundingRects=null}, InsetsSource: {d29a0006 mType=tappableElement mFrame=[0,0][1080,97] mAttachedInsets=null mVisible=true mFlags= mSideHint=TOP mBoundingRects=null}, InsetsSource: {3 mType=ime mFrame=[0,1332][1080,2340] mAttachedInsets=null mVisible=true mFlags= mSideHint=BOTTOM mBoundingRects=null}, InsetsSource: {27 mType=displayCutout mFrame=[0,0][1080,82] mAttachedInsets=null mVisible=true mFlags= mSideHint=TOP mBoundingRects=null}, InsetsSource: {4b5d0001 mType=navigationBars mFrame=[0,2205][1080,2340] mAttachedInsets=null mVisible=true mFlags= mSideHint=BOTTOM mBoundingRects=null}, InsetsSource: {4b5d0004 mType=systemGestures mFrame=[0,0][0,0] mAttachedInsets=null mVisible=true mFlags= mSideHint=NONE mBoundingRects=null}, InsetsSource: {4b5d0005 mType=mandatorySystemGestures mFrame=[0,2205][1080,2340] mAttachedInsets=null mVisible=true mFlags= mSideHint=BOTTOM mBoundingRects=null}, InsetsSource: {4b5d0006 mType=tappableElement mFrame=[0,2205][1080,2340] mAttachedInsets=null mVisible=true mFlags= mSideHint=BOTTOM mBoundingRects=null}, InsetsSource: {4b5d0024 mType=systemGestures mFrame=[0,0][0,0] mAttachedInsets=null mVisible=true mFlags= mSideHint=NONE mBoundingRects=null} }
10-02 15:01:18.775 19752 19752 I VRI[MainActivity]@ba2ccdd: handleResized, frames=ClientWindowFrames{frame=[0,0][1080,2340] display=[0,0][1080,2340] parentFrame=[0,0][0,0]} displayId=0 dragResizing=false compatScale=1.0 frameChanged=false attachedFrameChanged=false configChanged=false displayChanged=false compatScaleChanged=false dragResizingChanged=false
10-02 15:01:18.783 19752 19752 I InsetsController: onStateChanged: host=com.negi.survey.local/com.negi.survey.MainActivity, from=android.view.ViewRootImpl.onInsetsStateChanged:3038, state=InsetsState: {mDisplayFrame=Rect(0, 0 - 1080, 2340), mDisplayCutout=DisplayCutout{insets=Rect(0, 82 - 0, 0) waterfall=Insets{left=0, top=0, right=0, bottom=0} boundingRect={Bounds=[Rect(0, 0 - 0, 0), Rect(511, 24 - 569, 82), Rect(0, 0 - 0, 0), Rect(0, 0 - 0, 0)]} cutoutPathParserInfo={CutoutPathParserInfo{displayWidth=1080 displayHeight=2340 physicalDisplayWidth=1080 physicalDisplayHeight=2340 density={2.8125} cutoutSpec={M 0,0 M 0, 8.533333333333333 a 10.31111111111111,10.31111111111111 0 1,0 0,20.62222222222222 a 10.31111111111111,10.31111111111111 0 1,0 0,-20.62222222222222 Z @dp} rotation={0} scale={1.0} physicalPixelDisplaySizeRatio={1.0}}} sideOverrides={}}, mRoundedCorners=RoundedCorners{[RoundedCorner{position=TopLeft, radius=113, center=Point(113, 113)}, RoundedCorner{position=TopRight, radius=113, center=Point(967, 113)}, RoundedCorner{position=BottomRight, radius=113, center=Point(967, 2227)}, RoundedCorner{position=BottomLeft, radius=113, center=Point(113, 2227)}]}  mRoundedCornerFrame=Rect(0, 0 - 1080, 2340), mPrivacyIndicatorBounds=PrivacyIndicatorBounds {static bounds=Rect(956, 0 - 1080, 97) rotation=0}, mDisplayShape=DisplayShape{ spec=-311912193 displayWidth=1080 displayHeight=2340 physicalPixelDisplaySizeRatio=1.0 rotation=0 offsetX=0 offsetY=0 scale=1.0}, mSources= { InsetsSource: {d29a0000 mType=statusBars mFrame=[0,0][1080,97] mAttachedInsets=null mVisible=true mFlags= mSideHint=TOP mBoundingRects=null}, InsetsSource: {d29a0005 mType=mandatorySystemGestures mFrame=[0,0][1080,116] mAttachedInsets=null mVisible=true mFlags= mSideHint=TOP mBoundingRects=null}, InsetsSource: {d29a0006 mType=tappableElement mFrame=[0,0][1080,97] mAttachedInsets=null mVisible=true mFlags= mSideHint=TOP mBoundingRects=null}, InsetsSource: {3 mType=ime mFrame=[0,1332][1080,2340] mAttachedInsets=null mVisible=true mFlags= mSideHint=BOTTOM mBoundingRects=null}, InsetsSource: {27 mType=displayCutout mFrame=[0,0][1080,82] mAttachedInsets=null mVisible=true mFlags= mSideHint=TOP mBoundingRects=null}, InsetsSource: {4b5d0001 mType=navigationBars mFrame=[0,2205][1080,2340] mAttachedInsets=null mVisible=true mFlags= mSideHint=BOTTOM mBoundingRects=null}, InsetsSource: {4b5d0004 mType=systemGestures mFrame=[0,0][0,0] mAttachedInsets=null mVisible=true mFlags= mSideHint=NONE mBoundingRects=null}, InsetsSource: {4b5d0005 mType=mandatorySystemGestures mFrame=[0,2205][1080,2340] mAttachedInsets=null mVisible=true mFlags= mSideHint=BOTTOM mBoundingRects=null}, InsetsSource: {4b5d0006 mType=tappableElement mFrame=[0,2205][1080,2340] mAttachedInsets=null mVisible=true mFlags= mSideHint=BOTTOM mBoundingRects=null}, InsetsSource: {4b5d0024 mType=systemGestures mFrame=[0,0][0,0] mAttachedInsets=null mVisible=true mFlags= mSideHint=NONE mBoundingRects=null} }
10-02 15:01:18.787 19752 19752 D VRI[MainActivity]@ba2ccdd: WindowInsets changed: ime:[0,0,0,1008] 
10-02 15:01:18.788 19752 19752 I BLASTBufferQueue_Java: update, w= 1080 h= 2340 mName = VRI[MainActivity]@ba2ccdd mNativeObject= 0xb400007c57f142d0 sc.mNativeObject= 0xb400007ba7ee7d10 format= -1 caller= android.view.ViewRootImpl.updateBlastSurfaceIfNeeded:3592 android.view.ViewRootImpl.relayoutWindow:11813 android.view.ViewRootImpl.performTraversals:4840 android.view.ViewRootImpl.doTraversal:3959 android.view.ViewRootImpl$TraversalRunnable.run:13034 android.view.Choreographer$CallbackRecord.run:1961 
10-02 15:01:18.788 19752 19752 I VRI[MainActivity]@ba2ccdd: Relayout returned: old=(0,0,1080,2340) new=(0,0,1080,2340) relayoutAsync=true req=(1080,2340)0 dur=0 res=0x0 s={true 0xb400007b97f0de20} ch=false seqId=0
10-02 15:01:18.789 19752 19752 I VRI[MainActivity]@ba2ccdd: registerCallbackForPendingTransactions
10-02 15:01:18.790 19752 19978 I VRI[MainActivity]@ba2ccdd: mWNT: t=0xb400007b78678bc0 mBlastBufferQueue=0xb400007c57f142d0 fn= 6388 HdrRenderState mRenderHdrSdrRatio=1.0 caller= android.view.SyncRtSurfaceTransactionApplier.applyTransaction:102 android.view.SyncRtSurfaceTransactionApplier.lambda$scheduleApply$0:75 android.view.SyncRtSurfaceTransactionApplier.$r8$lambda$afI4fXg3U3-nBZQEDQMiNy-B06s:0 
10-02 15:01:18.790 19752 19978 I VRI[MainActivity]@ba2ccdd: mWNT: t=0xb400007b77f3f750 mBlastBufferQueue=0xb400007c57f142d0 fn= 6388 HdrRenderState mRenderHdrSdrRatio=1.0 caller= android.view.ViewRootImpl$10.onFrameDraw:6615 android.view.ViewRootImpl$4.onFrameDraw:2485 android.view.ThreadedRenderer$1.onFrameDraw:751 
10-02 15:01:18.796 19752 19977 I VRI[MainActivity]@ba2ccdd: mWNT: t=0xb400007b78025680 mBlastBufferQueue=0xb400007c57f142d0 fn= 6389 HdrRenderState mRenderHdrSdrRatio=1.0 caller= android.view.SyncRtSurfaceTransactionApplier.applyTransaction:102 android.view.SyncRtSurfaceTransactionApplier.lambda$scheduleApply$0:75 android.view.SyncRtSurfaceTransactionApplier.$r8$lambda$afI4fXg3U3-nBZQEDQMiNy-B06s:0 
10-02 15:01:18.809 19752 19752 I View    : setRequestedFrameRate frameRate=-4.0, this=android.view.View{fcdbddb V.ED..... ........ 0,0-0,0}, caller=androidx.compose.ui.platform.Api35Impl.setRequestedFrameRate:4047 androidx.compose.ui.platform.AndroidComposeView.dispatchDraw:2282 android.view.View.draw:26758 android.view.View.updateDisplayListIfDirty:25577 android.view.View.draw:26477 
10-02 15:01:18.809 19752 19978 I VRI[MainActivity]@ba2ccdd: mWNT: t=0xb400007b78024650 mBlastBufferQueue=0xb400007c57f142d0 fn= 6390 HdrRenderState mRenderHdrSdrRatio=1.0 caller= android.view.SyncRtSurfaceTransactionApplier.applyTransaction:102 android.view.SyncRtSurfaceTransactionApplier.lambda$scheduleApply$0:75 android.view.SyncRtSurfaceTransactionApplier.$r8$lambda$afI4fXg3U3-nBZQEDQMiNy-B06s:0 
10-02 15:01:18.817 19752 19977 I VRI[MainActivity]@ba2ccdd: mWNT: t=0xb400007b786698f0 mBlastBufferQueue=0xb400007c57f142d0 fn= 6391 HdrRenderState mRenderHdrSdrRatio=1.0 caller= android.view.SyncRtSurfaceTransactionApplier.applyTransaction:102 android.view.SyncRtSurfaceTransactionApplier.lambda$scheduleApply$0:75 android.view.SyncRtSurfaceTransactionApplier.$r8$lambda$afI4fXg3U3-nBZQEDQMiNy-B06s:0 
10-02 15:01:18.826 19752 19978 I VRI[MainActivity]@ba2ccdd: mWNT: t=0xb400007b7866e0a0 mBlastBufferQueue=0xb400007c57f142d0 fn= 6392 HdrRenderState mRenderHdrSdrRatio=1.0 caller= android.view.SyncRtSurfaceTransactionApplier.applyTransaction:102 android.view.SyncRtSurfaceTransactionApplier.lambda$scheduleApply$0:75 android.view.SyncRtSurfaceTransactionApplier.$r8$lambda$afI4fXg3U3-nBZQEDQMiNy-B06s:0 
10-02 15:01:18.834 19752 19977 I VRI[MainActivity]@ba2ccdd: mWNT: t=0xb400007b78665390 mBlastBufferQueue=0xb400007c57f142d0 fn= 6393 HdrRenderState mRenderHdrSdrRatio=1.0 caller= android.view.SyncRtSurfaceTransactionApplier.applyTransaction:102 android.view.SyncRtSurfaceTransactionApplier.lambda$scheduleApply$0:75 android.view.SyncRtSurfaceTransactionApplier.$r8$lambda$afI4fXg3U3-nBZQEDQMiNy-B06s:0 
10-02 15:01:18.842 19752 19978 I VRI[MainActivity]@ba2ccdd: mWNT: t=0xb400007b78670350 mBlastBufferQueue=0xb400007c57f142d0 fn= 6394 HdrRenderState mRenderHdrSdrRatio=1.0 caller= android.view.SyncRtSurfaceTransactionApplier.applyTransaction:102 android.view.SyncRtSurfaceTransactionApplier.lambda$scheduleApply$0:75 android.view.SyncRtSurfaceTransactionApplier.$r8$lambda$afI4fXg3U3-nBZQEDQMiNy-B06s:0 
10-02 15:01:18.850 19752 19977 I VRI[MainActivity]@ba2ccdd: mWNT: t=0xb400007b7866adc0 mBlastBufferQueue=0xb400007c57f142d0 fn= 6395 HdrRenderState mRenderHdrSdrRatio=1.0 caller= android.view.SyncRtSurfaceTransactionApplier.applyTransaction:102 android.view.SyncRtSurfaceTransactionApplier.lambda$scheduleApply$0:75 android.view.SyncRtSurfaceTransactionApplier.$r8$lambda$afI4fXg3U3-nBZQEDQMiNy-B06s:0 
10-02 15:01:18.858 19752 19978 I VRI[MainActivity]@ba2ccdd: mWNT: t=0xb400007b77fdfe30 mBlastBufferQueue=0xb400007c57f142d0 fn= 6396 HdrRenderState mRenderHdrSdrRatio=1.0 caller= android.view.SyncRtSurfaceTransactionApplier.applyTransaction:102 android.view.SyncRtSurfaceTransactionApplier.lambda$scheduleApply$0:75 android.view.SyncRtSurfaceTransactionApplier.$r8$lambda$afI4fXg3U3-nBZQEDQMiNy-B06s:0 
10-02 15:01:18.867 19752 19977 I VRI[MainActivity]@ba2ccdd: mWNT: t=0xb400007b78026da0 mBlastBufferQueue=0xb400007c57f142d0 fn= 6397 HdrRenderState mRenderHdrSdrRatio=1.0 caller= android.view.SyncRtSurfaceTransactionApplier.applyTransaction:102 android.view.SyncRtSurfaceTransactionApplier.lambda$scheduleApply$0:75 android.view.SyncRtSurfaceTransactionApplier.$r8$lambda$afI4fXg3U3-nBZQEDQMiNy-B06s:0 
10-02 15:01:18.876 19752 19978 I VRI[MainActivity]@ba2ccdd: mWNT: t=0xb400007b78667890 mBlastBufferQueue=0xb400007c57f142d0 fn= 6398 HdrRenderState mRenderHdrSdrRatio=1.0 caller= android.view.SyncRtSurfaceTransactionApplier.applyTransaction:102 android.view.SyncRtSurfaceTransactionApplier.lambda$scheduleApply$0:75 android.view.SyncRtSurfaceTransactionApplier.$r8$lambda$afI4fXg3U3-nBZQEDQMiNy-B06s:0 
10-02 15:01:18.884 19752 19977 I VRI[MainActivity]@ba2ccdd: mWNT: t=0xb400007b78679750 mBlastBufferQueue=0xb400007c57f142d0 fn= 6399 HdrRenderState mRenderHdrSdrRatio=1.0 caller= android.view.SyncRtSurfaceTransactionApplier.applyTransaction:102 android.view.SyncRtSurfaceTransactionApplier.lambda$scheduleApply$0:75 android.view.SyncRtSurfaceTransactionApplier.$r8$lambda$afI4fXg3U3-nBZQEDQMiNy-B06s:0 
10-02 15:01:18.893 19752 19978 I VRI[MainActivity]@ba2ccdd: mWNT: t=0xb400007b7866fc60 mBlastBufferQueue=0xb400007c57f142d0 fn= 6400 HdrRenderState mRenderHdrSdrRatio=1.0 caller= android.view.SyncRtSurfaceTransactionApplier.applyTransaction:102 android.view.SyncRtSurfaceTransactionApplier.lambda$scheduleApply$0:75 android.view.SyncRtSurfaceTransactionApplier.$r8$lambda$afI4fXg3U3-nBZQEDQMiNy-B06s:0 
10-02 15:01:18.901 19752 19977 I VRI[MainActivity]@ba2ccdd: mWNT: t=0xb400007b78668d60 mBlastBufferQueue=0xb400007c57f142d0 fn= 6401 HdrRenderState mRenderHdrSdrRatio=1.0 caller= android.view.SyncRtSurfaceTransactionApplier.applyTransaction:102 android.view.SyncRtSurfaceTransactionApplier.lambda$scheduleApply$0:75 android.view.SyncRtSurfaceTransactionApplier.$r8$lambda$afI4fXg3U3-nBZQEDQMiNy-B06s:0 
10-02 15:01:18.909 19752 19978 I VRI[MainActivity]@ba2ccdd: mWNT: t=0xb400007b7865c430 mBlastBufferQueue=0xb400007c57f142d0 fn= 6402 HdrRenderState mRenderHdrSdrRatio=1.0 caller= android.view.SyncRtSurfaceTransactionApplier.applyTransaction:102 android.view.SyncRtSurfaceTransactionApplier.lambda$scheduleApply$0:75 android.view.SyncRtSurfaceTransactionApplier.$r8$lambda$afI4fXg3U3-nBZQEDQMiNy-B06s:0 
10-02 15:01:18.917 19752 19977 I VRI[MainActivity]@ba2ccdd: mWNT: t=0xb400007b77fe1550 mBlastBufferQueue=0xb400007c57f142d0 fn= 6403 HdrRenderState mRenderHdrSdrRatio=1.0 caller= android.view.SyncRtSurfaceTransactionApplier.applyTransaction:102 android.view.SyncRtSurfaceTransactionApplier.lambda$scheduleApply$0:75 android.view.SyncRtSurfaceTransactionApplier.$r8$lambda$afI4fXg3U3-nBZQEDQMiNy-B06s:0 
10-02 15:01:18.926 19752 19978 I VRI[MainActivity]@ba2ccdd: mWNT: t=0xb400007b78024af0 mBlastBufferQueue=0xb400007c57f142d0 fn= 6404 HdrRenderState mRenderHdrSdrRatio=1.0 caller= android.view.SyncRtSurfaceTransactionApplier.applyTransaction:102 android.view.SyncRtSurfaceTransactionApplier.lambda$scheduleApply$0:75 android.view.SyncRtSurfaceTransactionApplier.$r8$lambda$afI4fXg3U3-nBZQEDQMiNy-B06s:0 
10-02 15:01:18.933 19752 19977 I VRI[MainActivity]@ba2ccdd: mWNT: t=0xb400007b780266b0 mBlastBufferQueue=0xb400007c57f142d0 fn= 6405 HdrRenderState mRenderHdrSdrRatio=1.0 caller= android.view.SyncRtSurfaceTransactionApplier.applyTransaction:102 android.view.SyncRtSurfaceTransactionApplier.lambda$scheduleApply$0:75 android.view.SyncRtSurfaceTransactionApplier.$r8$lambda$afI4fXg3U3-nBZQEDQMiNy-B06s:0 
10-02 15:01:18.942 19752 19978 I VRI[MainActivity]@ba2ccdd: mWNT: t=0xb400007b7865dff0 mBlastBufferQueue=0xb400007c57f142d0 fn= 6406 HdrRenderState mRenderHdrSdrRatio=1.0 caller= android.view.SyncRtSurfaceTransactionApplier.applyTransaction:102 android.view.SyncRtSurfaceTransactionApplier.lambda$scheduleApply$0:75 android.view.SyncRtSurfaceTransactionApplier.$r8$lambda$afI4fXg3U3-nBZQEDQMiNy-B06s:0 
10-02 15:01:18.949 19752 19977 I VRI[MainActivity]@ba2ccdd: mWNT: t=0xb400007b78676b60 mBlastBufferQueue=0xb400007c57f142d0 fn= 6407 HdrRenderState mRenderHdrSdrRatio=1.0 caller= android.view.SyncRtSurfaceTransactionApplier.applyTransaction:102 android.view.SyncRtSurfaceTransactionApplier.lambda$scheduleApply$0:75 android.view.SyncRtSurfaceTransactionApplier.$r8$lambda$afI4fXg3U3-nBZQEDQMiNy-B06s:0 
10-02 15:01:18.957 19752 19978 I VRI[MainActivity]@ba2ccdd: mWNT: t=0xb400007b7866c730 mBlastBufferQueue=0xb400007c57f142d0 fn= 6408 HdrRenderState mRenderHdrSdrRatio=1.0 caller= android.view.SyncRtSurfaceTransactionApplier.applyTransaction:102 android.view.SyncRtSurfaceTransactionApplier.lambda$scheduleApply$0:75 android.view.SyncRtSurfaceTransactionApplier.$r8$lambda$afI4fXg3U3-nBZQEDQMiNy-B06s:0 
10-02 15:01:18.966 19752 19977 I VRI[MainActivity]@ba2ccdd: mWNT: t=0xb400007b77f0a8f0 mBlastBufferQueue=0xb400007c57f142d0 fn= 6409 HdrRenderState mRenderHdrSdrRatio=1.0 caller= android.view.SyncRtSurfaceTransactionApplier.applyTransaction:102 android.view.SyncRtSurfaceTransactionApplier.lambda$scheduleApply$0:75 android.view.SyncRtSurfaceTransactionApplier.$r8$lambda$afI4fXg3U3-nBZQEDQMiNy-B06s:0 
10-02 15:01:18.974 19752 19978 I VRI[MainActivity]@ba2ccdd: mWNT: t=0xb400007b77f445f0 mBlastBufferQueue=0xb400007c57f142d0 fn= 6410 HdrRenderState mRenderHdrSdrRatio=1.0 caller= android.view.SyncRtSurfaceTransactionApplier.applyTransaction:102 android.view.SyncRtSurfaceTransactionApplier.lambda$scheduleApply$0:75 android.view.SyncRtSurfaceTransactionApplier.$r8$lambda$afI4fXg3U3-nBZQEDQMiNy-B06s:0 
10-02 15:01:18.982 19752 19977 I VRI[MainActivity]@ba2ccdd: mWNT: t=0xb400007b78589640 mBlastBufferQueue=0xb400007c57f142d0 fn= 6411 HdrRenderState mRenderHdrSdrRatio=1.0 caller= android.view.SyncRtSurfaceTransactionApplier.applyTransaction:102 android.view.SyncRtSurfaceTransactionApplier.lambda$scheduleApply$0:75 android.view.SyncRtSurfaceTransactionApplier.$r8$lambda$afI4fXg3U3-nBZQEDQMiNy-B06s:0 
10-02 15:01:18.991 19752 19978 I VRI[MainActivity]@ba2ccdd: mWNT: t=0xb400007b78655780 mBlastBufferQueue=0xb400007c57f142d0 fn= 6412 HdrRenderState mRenderHdrSdrRatio=1.0 caller= android.view.SyncRtSurfaceTransactionApplier.applyTransaction:102 android.view.SyncRtSurfaceTransactionApplier.lambda$scheduleApply$0:75 android.view.SyncRtSurfaceTransactionApplier.$r8$lambda$afI4fXg3U3-nBZQEDQMiNy-B06s:0 
10-02 15:01:18.999 19752 19977 I VRI[MainActivity]@ba2ccdd: mWNT: t=0xb400007b786673f0 mBlastBufferQueue=0xb400007c57f142d0 fn= 6413 HdrRenderState mRenderHdrSdrRatio=1.0 caller= android.view.SyncRtSurfaceTransactionApplier.applyTransaction:102 android.view.SyncRtSurfaceTransactionApplier.lambda$scheduleApply$0:75 android.view.SyncRtSurfaceTransactionApplier.$r8$lambda$afI4fXg3U3-nBZQEDQMiNy-B06s:0 
10-02 15:01:19.008 19752 19978 I VRI[MainActivity]@ba2ccdd: mWNT: t=0xb400007b78679500 mBlastBufferQueue=0xb400007c57f142d0 fn= 6414 HdrRenderState mRenderHdrSdrRatio=1.0 caller= android.view.SyncRtSurfaceTransactionApplier.applyTransaction:102 android.view.SyncRtSurfaceTransactionApplier.lambda$scheduleApply$0:75 android.view.SyncRtSurfaceTransactionApplier.$r8$lambda$afI4fXg3U3-nBZQEDQMiNy-B06s:0 
10-02 15:01:19.016 19752 19977 I VRI[MainActivity]@ba2ccdd: mWNT: t=0xb400007b78678030 mBlastBufferQueue=0xb400007c57f142d0 fn= 6415 HdrRenderState mRenderHdrSdrRatio=1.0 caller= android.view.SyncRtSurfaceTransactionApplier.applyTransaction:102 android.view.SyncRtSurfaceTransactionApplier.lambda$scheduleApply$0:75 android.view.SyncRtSurfaceTransactionApplier.$r8$lambda$afI4fXg3U3-nBZQEDQMiNy-B06s:0 
10-02 15:01:19.024 19752 19978 I VRI[MainActivity]@ba2ccdd: mWNT: t=0xb400007b77f17470 mBlastBufferQueue=0xb400007c57f142d0 fn= 6416 HdrRenderState mRenderHdrSdrRatio=1.0 caller= android.view.SyncRtSurfaceTransactionApplier.applyTransaction:102 android.view.SyncRtSurfaceTransactionApplier.lambda$scheduleApply$0:75 android.view.SyncRtSurfaceTransactionApplier.$r8$lambda$afI4fXg3U3-nBZQEDQMiNy-B06s:0 
10-02 15:01:19.032 19752 19977 I VRI[MainActivity]@ba2ccdd: mWNT: t=0xb400007b7865cd70 mBlastBufferQueue=0xb400007c57f142d0 fn= 6417 HdrRenderState mRenderHdrSdrRatio=1.0 caller= android.view.SyncRtSurfaceTransactionApplier.applyTransaction:102 android.view.SyncRtSurfaceTransactionApplier.lambda$scheduleApply$0:75 android.view.SyncRtSurfaceTransactionApplier.$r8$lambda$afI4fXg3U3-nBZQEDQMiNy-B06s:0 
10-02 15:01:19.041 19752 19978 I VRI[MainActivity]@ba2ccdd: mWNT: t=0xb400007b78023f60 mBlastBufferQueue=0xb400007c57f142d0 fn= 6418 HdrRenderState mRenderHdrSdrRatio=1.0 caller= android.view.SyncRtSurfaceTransactionApplier.applyTransaction:102 android.view.SyncRtSurfaceTransactionApplier.lambda$scheduleApply$0:75 android.view.SyncRtSurfaceTransactionApplier.$r8$lambda$afI4fXg3U3-nBZQEDQMiNy-B06s:0 
10-02 15:01:19.049 19752 19977 I VRI[MainActivity]@ba2ccdd: mWNT: t=0xb400007b7865e930 mBlastBufferQueue=0xb400007c57f142d0 fn= 6419 HdrRenderState mRenderHdrSdrRatio=1.0 caller= android.view.SyncRtSurfaceTransactionApplier.applyTransaction:102 android.view.SyncRtSurfaceTransactionApplier.lambda$scheduleApply$0:75 android.view.SyncRtSurfaceTransactionApplier.$r8$lambda$afI4fXg3U3-nBZQEDQMiNy-B06s:0 
10-02 15:01:19.057 19752 19978 I VRI[MainActivity]@ba2ccdd: mWNT: t=0xb400007b7865a3d0 mBlastBufferQueue=0xb400007c57f142d0 fn= 6420 HdrRenderState mRenderHdrSdrRatio=1.0 caller= android.view.SyncRtSurfaceTransactionApplier.applyTransaction:102 android.view.SyncRtSurfaceTransactionApplier.lambda$scheduleApply$0:75 android.view.SyncRtSurfaceTransactionApplier.$r8$lambda$afI4fXg3U3-nBZQEDQMiNy-B06s:0 
10-02 15:01:19.067 19752 19977 I VRI[MainActivity]@ba2ccdd: mWNT: t=0xb400007b78664360 mBlastBufferQueue=0xb400007c57f142d0 fn= 6421 HdrRenderState mRenderHdrSdrRatio=1.0 caller= android.view.SyncRtSurfaceTransactionApplier.applyTransaction:102 android.view.SyncRtSurfaceTransactionApplier.lambda$scheduleApply$0:75 android.view.SyncRtSurfaceTransactionApplier.$r8$lambda$afI4fXg3U3-nBZQEDQMiNy-B06s:0 
10-02 15:01:19.075 19752 19978 I VRI[MainActivity]@ba2ccdd: mWNT: t=0xb400007b77fe10b0 mBlastBufferQueue=0xb400007c57f142d0 fn= 6422 HdrRenderState mRenderHdrSdrRatio=1.0 caller= android.view.SyncRtSurfaceTransactionApplier.applyTransaction:102 android.view.SyncRtSurfaceTransactionApplier.lambda$scheduleApply$0:75 android.view.SyncRtSurfaceTransactionApplier.$r8$lambda$afI4fXg3U3-nBZQEDQMiNy-B06s:0 
10-02 15:01:19.082 19752 19977 I VRI[MainActivity]@ba2ccdd: mWNT: t=0xb400007b78023ac0 mBlastBufferQueue=0xb400007c57f142d0 fn= 6423 HdrRenderState mRenderHdrSdrRatio=1.0 caller= android.view.SyncRtSurfaceTransactionApplier.applyTransaction:102 android.view.SyncRtSurfaceTransactionApplier.lambda$scheduleApply$0:75 android.view.SyncRtSurfaceTransactionApplier.$r8$lambda$afI4fXg3U3-nBZQEDQMiNy-B06s:0 
10-02 15:01:19.091 19752 19978 I VRI[MainActivity]@ba2ccdd: mWNT: t=0xb400007b78658f00 mBlastBufferQueue=0xb400007c57f142d0 fn= 6424 HdrRenderState mRenderHdrSdrRatio=1.0 caller= android.view.SyncRtSurfaceTransactionApplier.applyTransaction:102 android.view.SyncRtSurfaceTransactionApplier.lambda$scheduleApply$0:75 android.view.SyncRtSurfaceTransactionApplier.$r8$lambda$afI4fXg3U3-nBZQEDQMiNy-B06s:0 
10-02 15:01:19.100 19752 19977 I VRI[MainActivity]@ba2ccdd: mWNT: t=0xb400007b78669fe0 mBlastBufferQueue=0xb400007c57f142d0 fn= 6425 HdrRenderState mRenderHdrSdrRatio=1.0 caller= android.view.SyncRtSurfaceTransactionApplier.applyTransaction:102 android.view.SyncRtSurfaceTransactionApplier.lambda$scheduleApply$0:75 android.view.SyncRtSurfaceTransactionApplier.$r8$lambda$afI4fXg3U3-nBZQEDQMiNy-B06s:0 
10-02 15:01:19.108 19752 19978 I VRI[MainActivity]@ba2ccdd: mWNT: t=0xb400007b78660e30 mBlastBufferQueue=0xb400007c57f142d0 fn= 6426 HdrRenderState mRenderHdrSdrRatio=1.0 caller= android.view.SyncRtSurfaceTransactionApplier.applyTransaction:102 android.view.SyncRtSurfaceTransactionApplier.lambda$scheduleApply$0:75 android.view.SyncRtSurfaceTransactionApplier.$r8$lambda$afI4fXg3U3-nBZQEDQMiNy-B06s:0 
10-02 15:01:19.117 19752 19977 I VRI[MainActivity]@ba2ccdd: mWNT: t=0xb400007b7865af60 mBlastBufferQueue=0xb400007c57f142d0 fn= 6427 HdrRenderState mRenderHdrSdrRatio=1.0 caller= android.view.SyncRtSurfaceTransactionApplier.applyTransaction:102 android.view.SyncRtSurfaceTransactionApplier.lambda$scheduleApply$0:75 android.view.SyncRtSurfaceTransactionApplier.$r8$lambda$afI4fXg3U3-nBZQEDQMiNy-B06s:0 
10-02 15:01:19.126 19752 19978 I VRI[MainActivity]@ba2ccdd: mWNT: t=0xb400007b78664110 mBlastBufferQueue=0xb400007c57f142d0 fn= 6428 HdrRenderState mRenderHdrSdrRatio=1.0 caller= android.view.SyncRtSurfaceTransactionApplier.applyTransaction:102 android.view.SyncRtSurfaceTransactionApplier.lambda$scheduleApply$0:75 android.view.SyncRtSurfaceTransactionApplier.$r8$lambda$afI4fXg3U3-nBZQEDQMiNy-B06s:0 
10-02 15:01:19.130 19752 19977 I VRI[MainActivity]@ba2ccdd: mWNT: t=0xb400007b77efe900 mBlastBufferQueue=0xb400007c57f142d0 fn= 6429 HdrRenderState mRenderHdrSdrRatio=1.0 caller= android.view.SyncRtSurfaceTransactionApplier.applyTransaction:102 android.view.SyncRtSurfaceTransactionApplier.lambda$scheduleApply$0:75 android.view.SyncRtSurfaceTransactionApplier.$r8$lambda$afI4fXg3U3-nBZQEDQMiNy-B06s:0 
10-02 15:01:19.143 19752 19978 I VRI[MainActivity]@ba2ccdd: mWNT: t=0xb400007b77f24240 mBlastBufferQueue=0xb400007c57f142d0 fn= 6430 HdrRenderState mRenderHdrSdrRatio=1.0 caller= android.view.SyncRtSurfaceTransactionApplier.applyTransaction:102 android.view.SyncRtSurfaceTransactionApplier.lambda$scheduleApply$0:75 android.view.SyncRtSurfaceTransactionApplier.$r8$lambda$afI4fXg3U3-nBZQEDQMiNy-B06s:0 
10-02 15:01:19.146 19752 19977 I VRI[MainActivity]@ba2ccdd: mWNT: t=0xb400007b78025430 mBlastBufferQueue=0xb400007c57f142d0 fn= 6431 HdrRenderState mRenderHdrSdrRatio=1.0 caller= android.view.SyncRtSurfaceTransactionApplier.applyTransaction:102 android.view.SyncRtSurfaceTransactionApplier.lambda$scheduleApply$0:75 android.view.SyncRtSurfaceTransactionApplier.$r8$lambda$afI4fXg3U3-nBZQEDQMiNy-B06s:0 
10-02 15:01:19.154 19752 19752 I ImeTracker: com.negi.survey.local:8aab9f88: onShown
10-02 15:01:19.163 19752 19978 I VRI[MainActivity]@ba2ccdd: mWNT: t=0xb400007b78026460 mBlastBufferQueue=0xb400007c57f142d0 fn= 6432 HdrRenderState mRenderHdrSdrRatio=1.0 caller= android.view.SyncRtSurfaceTransactionApplier.applyTransaction:102 android.view.SyncRtSurfaceTransactionApplier.lambda$scheduleApply$0:75 android.view.SyncRtSurfaceTransactionApplier.$r8$lambda$afI4fXg3U3-nBZQEDQMiNy-B06s:0 
10-02 15:01:19.213 19752 19752 I View    : setRequestedFrameRate frameRate=NaN, this=android.view.View{fcdbddb V.ED..... ........ 0,0-0,0}, caller=androidx.compose.ui.platform.Api35Impl.setRequestedFrameRate:4047 androidx.compose.ui.platform.AndroidComposeView.dispatchDraw:2282 android.view.View.draw:26758 android.view.View.updateDisplayListIfDirty:25577 android.view.ViewGroup.recreateChildDisplayList:4881 
10-02 15:01:21.715 19752 19752 I VRI[MainActivity]@ba2ccdd: call setFrameRateCategory for touch hint category=no preference, reason=boost timeout, vri=VRI[MainActivity]@ba2ccdd
10-02 15:01:22.955 19752 19752 I VRI[MainActivity]@ba2ccdd: setInTouchMode(false), android.view.ViewRootImpl.checkForLeavingTouchModeAndConsume:11075 android.view.ViewRootImpl.-$$Nest$mcheckForLeavingTouchModeAndConsume:0 android.view.ViewRootImpl$EarlyPostImeInputStage.processKeyEvent:9536 android.view.ViewRootImpl$EarlyPostImeInputStage.onProcess:9520 android.view.ViewRootImpl$InputStage.deliver:8994 android.view.ViewRootImpl$InputStage.onDeliverToNext:9051 android.view.ViewRootImpl$InputStage.forward:9017 android.view.ViewRootImpl$AsyncInputStage.forward:9255 android.view.ViewRootImpl$ImeInputStage.onFinishedInputEvent:9505 android.view.inputmethod.InputMethodManager$PendingEvent.run:5454 
10-02 15:01:22.958 19752 19752 I VRI[MainActivity]@ba2ccdd: ViewPostIme key 0
10-02 15:01:23.008 19752 19752 I VRI[MainActivity]@ba2ccdd: ViewPostIme key 1
10-02 15:01:23.013 19752 19752 I VRI[MainActivity]@ba2ccdd: ViewPostIme key 0
10-02 15:01:23.017 19752 19752 I VRI[MainActivity]@ba2ccdd: ViewPostIme key 1
10-02 15:01:23.022 19752 19752 I VRI[MainActivity]@ba2ccdd: ViewPostIme key 0
10-02 15:01:23.049 19752 19752 I VRI[MainActivity]@ba2ccdd: ViewPostIme key 1
10-02 15:01:23.053 19752 19752 I VRI[MainActivity]@ba2ccdd: ViewPostIme key 0
10-02 15:01:23.078 19752 19752 I VRI[MainActivity]@ba2ccdd: ViewPostIme key 1
10-02 15:01:23.082 19752 19752 I VRI[MainActivity]@ba2ccdd: ViewPostIme key 0
10-02 15:01:23.085 19752 19752 I VRI[MainActivity]@ba2ccdd: ViewPostIme key 1
10-02 15:01:23.109 19752 19752 I VRI[MainActivity]@ba2ccdd: ViewPostIme key 0
10-02 15:01:23.114 19752 19752 I VRI[MainActivity]@ba2ccdd: ViewPostIme key 1
10-02 15:01:23.118 19752 19752 I VRI[MainActivity]@ba2ccdd: ViewPostIme key 0
10-02 15:01:23.141 19752 19752 I VRI[MainActivity]@ba2ccdd: ViewPostIme key 1
10-02 15:01:23.145 19752 19752 I VRI[MainActivity]@ba2ccdd: ViewPostIme key 0
10-02 15:01:23.148 19752 19752 I VRI[MainActivity]@ba2ccdd: ViewPostIme key 1
10-02 15:01:27.560 19752 19752 I VRI[MainActivity]@ba2ccdd: The input has been finished in ImeInputStage.
10-02 15:01:27.564 19752 19752 I ImeTracker: com.negi.survey.local:5552e841: onRequestHide at ORIGIN_CLIENT reason HIDE_SOFT_INPUT_REQUEST_HIDE_WITH_CONTROL fromUser true
10-02 15:01:27.564 19752 19752 D InsetsController: hide(ime())
10-02 15:01:27.565 19752 19752 D WindowOnBackDispatcher: setTopOnBackInvokedCallback (unwrapped): androidx.navigationevent.OnBackInvokedInput$createOnBackAnimationCallback$1@d90ad5
10-02 15:01:27.565 19752 19752 D InsetsController: Setting requestedVisibleTypes to 503 (was 511)
10-02 15:01:27.566 19752 19752 I InsetsController: setRequestedVisibleTypes: visible=false, mask=ime, host=com.negi.survey.local/com.negi.survey.MainActivity, from=android.view.InsetsController.controlAnimationUnchecked:1646 android.view.InsetsController.applyAnimation:2278 android.view.InsetsController.applyAnimation:2207 android.view.InsetsController.hide:1581 android.view.ImeBackAnimationController.onBackInvoked:153 android.window.WindowOnBackInvokedDispatcher.onBackInvoked:495 android.view.ViewRootImpl$NativePreImeInputStage.doOnBackKeyEvent:9397 android.view.ViewRootImpl$NativePreImeInputStage.onProcess:9361 android.view.ViewRootImpl$InputStage.deliver:8994 android.view.ViewRootImpl.deliverInputEvent:12916 
10-02 15:01:27.568 19752 19752 I VRI[MainActivity]@ba2ccdd: ViewPostIme key 1
10-02 15:01:27.569 19752 19752 D Activity: onKeyUp(KEYCODE_BACK) isTracking()=false isCanceled()=true hasCallback=true
10-02 15:01:27.570 19752 19752 D VRI[MainActivity]@ba2ccdd: WindowInsets changed: ime:null 
10-02 15:01:27.571 19752 19752 I BLASTBufferQueue_Java: update, w= 1080 h= 2340 mName = VRI[MainActivity]@ba2ccdd mNativeObject= 0xb400007c57f142d0 sc.mNativeObject= 0xb400007ba7ee7d10 format= -1 caller= android.view.ViewRootImpl.updateBlastSurfaceIfNeeded:3592 android.view.ViewRootImpl.relayoutWindow:11813 android.view.ViewRootImpl.performTraversals:4840 android.view.ViewRootImpl.doTraversal:3959 android.view.ViewRootImpl$TraversalRunnable.run:13034 android.view.Choreographer$CallbackRecord.run:1961 
10-02 15:01:27.571 19752 19752 I VRI[MainActivity]@ba2ccdd: Relayout returned: old=(0,0,1080,2340) new=(0,0,1080,2340) relayoutAsync=true req=(1080,2340)0 dur=0 res=0x0 s={true 0xb400007b97f0de20} ch=false seqId=0
10-02 15:01:27.574 19752 19752 I VRI[MainActivity]@ba2ccdd: registerCallbackForPendingTransactions
10-02 15:01:27.575 19752 19977 I VRI[MainActivity]@ba2ccdd: mWNT: t=0xb400007b7866e2f0 mBlastBufferQueue=0xb400007c57f142d0 fn= 6463 HdrRenderState mRenderHdrSdrRatio=1.0 caller= android.view.SyncRtSurfaceTransactionApplier.applyTransaction:102 android.view.SyncRtSurfaceTransactionApplier.lambda$scheduleApply$0:75 android.view.SyncRtSurfaceTransactionApplier.$r8$lambda$afI4fXg3U3-nBZQEDQMiNy-B06s:0 
10-02 15:01:27.576 19752 19977 I VRI[MainActivity]@ba2ccdd: mWNT: t=0xb400007b7866a480 mBlastBufferQueue=0xb400007c57f142d0 fn= 6463 HdrRenderState mRenderHdrSdrRatio=1.0 caller= android.view.ViewRootImpl$10.onFrameDraw:6615 android.view.ViewRootImpl$4.onFrameDraw:2485 android.view.ThreadedRenderer$1.onFrameDraw:751 
10-02 15:01:27.585 19752 19752 I InsetsController: onStateChanged: host=com.negi.survey.local/com.negi.survey.MainActivity, from=android.view.ViewRootImpl.onInsetsStateChanged:3038, state=InsetsState: {mDisplayFrame=Rect(0, 0 - 1080, 2340), mDisplayCutout=DisplayCutout{insets=Rect(0, 82 - 0, 0) waterfall=Insets{left=0, top=0, right=0, bottom=0} boundingRect={Bounds=[Rect(0, 0 - 0, 0), Rect(511, 24 - 569, 82), Rect(0, 0 - 0, 0), Rect(0, 0 - 0, 0)]} cutoutPathParserInfo={CutoutPathParserInfo{displayWidth=1080 displayHeight=2340 physicalDisplayWidth=1080 physicalDisplayHeight=2340 density={2.8125} cutoutSpec={M 0,0 M 0, 8.533333333333333 a 10.31111111111111,10.31111111111111 0 1,0 0,20.62222222222222 a 10.31111111111111,10.31111111111111 0 1,0 0,-20.62222222222222 Z @dp} rotation={0} scale={1.0} physicalPixelDisplaySizeRatio={1.0}}} sideOverrides={}}, mRoundedCorners=RoundedCorners{[RoundedCorner{position=TopLeft, radius=113, center=Point(113, 113)}, RoundedCorner{position=TopRight, radius=113, center=Point(967, 113)}, RoundedCorner{position=BottomRight, radius=113, center=Point(967, 2227)}, RoundedCorner{position=BottomLeft, radius=113, center=Point(113, 2227)}]}  mRoundedCornerFrame=Rect(0, 0 - 1080, 2340), mPrivacyIndicatorBounds=PrivacyIndicatorBounds {static bounds=Rect(956, 0 - 1080, 97) rotation=0}, mDisplayShape=DisplayShape{ spec=-311912193 displayWidth=1080 displayHeight=2340 physicalPixelDisplaySizeRatio=1.0 rotation=0 offsetX=0 offsetY=0 scale=1.0}, mSources= { InsetsSource: {d29a0000 mType=statusBars mFrame=[0,0][1080,97] mAttachedInsets=null mVisible=true mFlags= mSideHint=TOP mBoundingRects=null}, InsetsSource: {d29a0005 mType=mandatorySystemGestures mFrame=[0,0][1080,116] mAttachedInsets=null mVisible=true mFlags= mSideHint=TOP mBoundingRects=null}, InsetsSource: {d29a0006 mType=tappableElement mFrame=[0,0][1080,97] mAttachedInsets=null mVisible=true mFlags= mSideHint=TOP mBoundingRects=null}, InsetsSource: {3 mType=ime mFrame=[0,1332][1080,2340] mAttachedInsets=null mVisible=false mFlags= mSideHint=BOTTOM mBoundingRects=null}, InsetsSource: {27 mType=displayCutout mFrame=[0,0][1080,82] mAttachedInsets=null mVisible=true mFlags= mSideHint=TOP mBoundingRects=null}, InsetsSource: {4b5d0001 mType=navigationBars mFrame=[0,2205][1080,2340] mAttachedInsets=null mVisible=true mFlags= mSideHint=BOTTOM mBoundingRects=null}, InsetsSource: {4b5d0004 mType=systemGestures mFrame=[0,0][0,0] mAttachedInsets=null mVisible=true mFlags= mSideHint=NONE mBoundingRects=null}, InsetsSource: {4b5d0005 mType=mandatorySystemGestures mFrame=[0,2205][1080,2340] mAttachedInsets=null mVisible=true mFlags= mSideHint=BOTTOM mBoundingRects=null}, InsetsSource: {4b5d0006 mType=tappableElement mFrame=[0,2205][1080,2340] mAttachedInsets=null mVisible=true mFlags= mSideHint=BOTTOM mBoundingRects=null}, InsetsSource: {4b5d0024 mType=systemGestures mFrame=[0,0][0,0] mAttachedInsets=null mVisible=true mFlags= mSideHint=NONE mBoundingRects=null} }
10-02 15:01:27.585 19752 19752 I VRI[MainActivity]@ba2ccdd: handleResized, frames=ClientWindowFrames{frame=[0,0][1080,2340] display=[0,0][1080,2340] parentFrame=[0,0][0,0]} displayId=0 dragResizing=false compatScale=1.0 frameChanged=false attachedFrameChanged=false configChanged=false displayChanged=false compatScaleChanged=false dragResizingChanged=false
10-02 15:01:27.590 19752 19978 I VRI[MainActivity]@ba2ccdd: mWNT: t=0xb400007b78655090 mBlastBufferQueue=0xb400007c57f142d0 fn= 6464 HdrRenderState mRenderHdrSdrRatio=1.0 caller= android.view.SyncRtSurfaceTransactionApplier.applyTransaction:102 android.view.SyncRtSurfaceTransactionApplier.lambda$scheduleApply$0:75 android.view.SyncRtSurfaceTransactionApplier.$r8$lambda$afI4fXg3U3-nBZQEDQMiNy-B06s:0 
10-02 15:01:27.618 19752 19752 I View    : setRequestedFrameRate frameRate=-4.0, this=android.view.View{fcdbddb V.ED..... ........ 0,0-0,0}, caller=androidx.compose.ui.platform.Api35Impl.setRequestedFrameRate:4047 androidx.compose.ui.platform.AndroidComposeView.dispatchDraw:2282 android.view.View.draw:26758 android.view.View.updateDisplayListIfDirty:25577 android.view.View.draw:26477 
10-02 15:01:27.619 19752 19752 I InsetsSourceConsumer: applyRequestedVisibilityToControl: visible=true, type=navigationBars, host=com.negi.survey.local/com.negi.survey.MainActivity
10-02 15:01:27.619 19752 19977 I VRI[MainActivity]@ba2ccdd: mWNT: t=0xb400007b7867cc80 mBlastBufferQueue=0xb400007c57f142d0 fn= 6465 HdrRenderState mRenderHdrSdrRatio=1.0 caller= android.view.SyncRtSurfaceTransactionApplier.applyTransaction:102 android.view.SyncRtSurfaceTransactionApplier.lambda$scheduleApply$0:75 android.view.SyncRtSurfaceTransactionApplier.$r8$lambda$afI4fXg3U3-nBZQEDQMiNy-B06s:0 
10-02 15:01:27.620 19752 19752 I ImeTracker: system_server:72c5e03d: onCancelled at PHASE_CLIENT_ON_CONTROLS_CHANGED
10-02 15:01:27.626 19752 19978 I VRI[MainActivity]@ba2ccdd: mWNT: t=0xb400007b7866adc0 mBlastBufferQueue=0xb400007c57f142d0 fn= 6466 HdrRenderState mRenderHdrSdrRatio=1.0 caller= android.view.SyncRtSurfaceTransactionApplier.applyTransaction:102 android.view.SyncRtSurfaceTransactionApplier.lambda$scheduleApply$0:75 android.view.SyncRtSurfaceTransactionApplier.$r8$lambda$afI4fXg3U3-nBZQEDQMiNy-B06s:0 
10-02 15:01:27.647 19752 19977 I VRI[MainActivity]@ba2ccdd: mWNT: t=0xb400007b7867ca30 mBlastBufferQueue=0xb400007c57f142d0 fn= 6467 HdrRenderState mRenderHdrSdrRatio=1.0 caller= android.view.SyncRtSurfaceTransactionApplier.applyTransaction:102 android.view.SyncRtSurfaceTransactionApplier.lambda$scheduleApply$0:75 android.view.SyncRtSurfaceTransactionApplier.$r8$lambda$afI4fXg3U3-nBZQEDQMiNy-B06s:0 
10-02 15:01:27.662 19752 19978 I VRI[MainActivity]@ba2ccdd: mWNT: t=0xb400007b78666610 mBlastBufferQueue=0xb400007c57f142d0 fn= 6468 HdrRenderState mRenderHdrSdrRatio=1.0 caller= android.view.SyncRtSurfaceTransactionApplier.applyTransaction:102 android.view.SyncRtSurfaceTransactionApplier.lambda$scheduleApply$0:75 android.view.SyncRtSurfaceTransactionApplier.$r8$lambda$afI4fXg3U3-nBZQEDQMiNy-B06s:0 
10-02 15:01:27.678 19752 19977 I VRI[MainActivity]@ba2ccdd: mWNT: t=0xb400007b78663580 mBlastBufferQueue=0xb400007c57f142d0 fn= 6469 HdrRenderState mRenderHdrSdrRatio=1.0 caller= android.view.SyncRtSurfaceTransactionApplier.applyTransaction:102 android.view.SyncRtSurfaceTransactionApplier.lambda$scheduleApply$0:75 android.view.SyncRtSurfaceTransactionApplier.$r8$lambda$afI4fXg3U3-nBZQEDQMiNy-B06s:0 
10-02 15:01:27.698 19752 19978 I VRI[MainActivity]@ba2ccdd: mWNT: t=0xb400007b77f3ee10 mBlastBufferQueue=0xb400007c57f142d0 fn= 6470 HdrRenderState mRenderHdrSdrRatio=1.0 caller= android.view.SyncRtSurfaceTransactionApplier.applyTransaction:102 android.view.SyncRtSurfaceTransactionApplier.lambda$scheduleApply$0:75 android.view.SyncRtSurfaceTransactionApplier.$r8$lambda$afI4fXg3U3-nBZQEDQMiNy-B06s:0 
10-02 15:01:27.713 19752 19977 I VRI[MainActivity]@ba2ccdd: mWNT: t=0xb400007b78026da0 mBlastBufferQueue=0xb400007c57f142d0 fn= 6471 HdrRenderState mRenderHdrSdrRatio=1.0 caller= android.view.SyncRtSurfaceTransactionApplier.applyTransaction:102 android.view.SyncRtSurfaceTransactionApplier.lambda$scheduleApply$0:75 android.view.SyncRtSurfaceTransactionApplier.$r8$lambda$afI4fXg3U3-nBZQEDQMiNy-B06s:0 
10-02 15:01:27.730 19752 19978 I VRI[MainActivity]@ba2ccdd: mWNT: t=0xb400007b7867c590 mBlastBufferQueue=0xb400007c57f142d0 fn= 6472 HdrRenderState mRenderHdrSdrRatio=1.0 caller= android.view.SyncRtSurfaceTransactionApplier.applyTransaction:102 android.view.SyncRtSurfaceTransactionApplier.lambda$scheduleApply$0:75 android.view.SyncRtSurfaceTransactionApplier.$r8$lambda$afI4fXg3U3-nBZQEDQMiNy-B06s:0 
10-02 15:01:27.746 19752 19977 I VRI[MainActivity]@ba2ccdd: mWNT: t=0xb400007b78672850 mBlastBufferQueue=0xb400007c57f142d0 fn= 6473 HdrRenderState mRenderHdrSdrRatio=1.0 caller= android.view.SyncRtSurfaceTransactionApplier.applyTransaction:102 android.view.SyncRtSurfaceTransactionApplier.lambda$scheduleApply$0:75 android.view.SyncRtSurfaceTransactionApplier.$r8$lambda$afI4fXg3U3-nBZQEDQMiNy-B06s:0 
10-02 15:01:27.763 19752 19978 I VRI[MainActivity]@ba2ccdd: mWNT: t=0xb400007b7866e0a0 mBlastBufferQueue=0xb400007c57f142d0 fn= 6474 HdrRenderState mRenderHdrSdrRatio=1.0 caller= android.view.SyncRtSurfaceTransactionApplier.applyTransaction:102 android.view.SyncRtSurfaceTransactionApplier.lambda$scheduleApply$0:75 android.view.SyncRtSurfaceTransactionApplier.$r8$lambda$afI4fXg3U3-nBZQEDQMiNy-B06s:0 
10-02 15:01:27.780 19752 19977 I VRI[MainActivity]@ba2ccdd: mWNT: t=0xb400007b78661770 mBlastBufferQueue=0xb400007c57f142d0 fn= 6475 HdrRenderState mRenderHdrSdrRatio=1.0 caller= android.view.SyncRtSurfaceTransactionApplier.applyTransaction:102 android.view.SyncRtSurfaceTransactionApplier.lambda$scheduleApply$0:75 android.view.SyncRtSurfaceTransactionApplier.$r8$lambda$afI4fXg3U3-nBZQEDQMiNy-B06s:0 
10-02 15:01:27.796 19752 19978 I VRI[MainActivity]@ba2ccdd: mWNT: t=0xb400007b77f264f0 mBlastBufferQueue=0xb400007c57f142d0 fn= 6476 HdrRenderState mRenderHdrSdrRatio=1.0 caller= android.view.SyncRtSurfaceTransactionApplier.applyTransaction:102 android.view.SyncRtSurfaceTransactionApplier.lambda$scheduleApply$0:75 android.view.SyncRtSurfaceTransactionApplier.$r8$lambda$afI4fXg3U3-nBZQEDQMiNy-B06s:0 
10-02 15:01:27.811 19752 19977 I VRI[MainActivity]@ba2ccdd: mWNT: t=0xb400007b78024400 mBlastBufferQueue=0xb400007c57f142d0 fn= 6477 HdrRenderState mRenderHdrSdrRatio=1.0 caller= android.view.SyncRtSurfaceTransactionApplier.applyTransaction:102 android.view.SyncRtSurfaceTransactionApplier.lambda$scheduleApply$0:75 android.view.SyncRtSurfaceTransactionApplier.$r8$lambda$afI4fXg3U3-nBZQEDQMiNy-B06s:0 
10-02 15:01:27.830 19752 19978 I VRI[MainActivity]@ba2ccdd: mWNT: t=0xb400007b784aad00 mBlastBufferQueue=0xb400007c57f142d0 fn= 6478 HdrRenderState mRenderHdrSdrRatio=1.0 caller= android.view.SyncRtSurfaceTransactionApplier.applyTransaction:102 android.view.SyncRtSurfaceTransactionApplier.lambda$scheduleApply$0:75 android.view.SyncRtSurfaceTransactionApplier.$r8$lambda$afI4fXg3U3-nBZQEDQMiNy-B06s:0 
10-02 15:01:27.844 19752 19977 I VRI[MainActivity]@ba2ccdd: mWNT: t=0xb400007b78651b60 mBlastBufferQueue=0xb400007c57f142d0 fn= 6479 HdrRenderState mRenderHdrSdrRatio=1.0 caller= android.view.SyncRtSurfaceTransactionApplier.applyTransaction:102 android.view.SyncRtSurfaceTransactionApplier.lambda$scheduleApply$0:75 android.view.SyncRtSurfaceTransactionApplier.$r8$lambda$afI4fXg3U3-nBZQEDQMiNy-B06s:0 
10-02 15:01:27.862 19752 19978 I VRI[MainActivity]@ba2ccdd: mWNT: t=0xb400007b7865eb80 mBlastBufferQueue=0xb400007c57f142d0 fn= 6480 HdrRenderState mRenderHdrSdrRatio=1.0 caller= android.view.SyncRtSurfaceTransactionApplier.applyTransaction:102 android.view.SyncRtSurfaceTransactionApplier.lambda$scheduleApply$0:75 android.view.SyncRtSurfaceTransactionApplier.$r8$lambda$afI4fXg3U3-nBZQEDQMiNy-B06s:0 
10-02 15:01:27.878 19752 19977 I VRI[MainActivity]@ba2ccdd: mWNT: t=0xb400007b78678bc0 mBlastBufferQueue=0xb400007c57f142d0 fn= 6481 HdrRenderState mRenderHdrSdrRatio=1.0 caller= android.view.SyncRtSurfaceTransactionApplier.applyTransaction:102 android.view.SyncRtSurfaceTransactionApplier.lambda$scheduleApply$0:75 android.view.SyncRtSurfaceTransactionApplier.$r8$lambda$afI4fXg3U3-nBZQEDQMiNy-B06s:0 
10-02 15:01:27.898 19752 19978 I VRI[MainActivity]@ba2ccdd: mWNT: t=0xb400007b78679750 mBlastBufferQueue=0xb400007c57f142d0 fn= 6482 HdrRenderState mRenderHdrSdrRatio=1.0 caller= android.view.SyncRtSurfaceTransactionApplier.applyTransaction:102 android.view.SyncRtSurfaceTransactionApplier.lambda$scheduleApply$0:75 android.view.SyncRtSurfaceTransactionApplier.$r8$lambda$afI4fXg3U3-nBZQEDQMiNy-B06s:0 
10-02 15:01:27.906 19752 19977 I VRI[MainActivity]@ba2ccdd: mWNT: t=0xb400007b77f420f0 mBlastBufferQueue=0xb400007c57f142d0 fn= 6483 HdrRenderState mRenderHdrSdrRatio=1.0 caller= android.view.SyncRtSurfaceTransactionApplier.applyTransaction:102 android.view.SyncRtSurfaceTransactionApplier.lambda$scheduleApply$0:75 android.view.SyncRtSurfaceTransactionApplier.$r8$lambda$afI4fXg3U3-nBZQEDQMiNy-B06s:0 
10-02 15:01:27.927 19752 19752 I View    : setRequestedFrameRate frameRate=NaN, this=android.view.View{fcdbddb V.ED..... ........ 0,0-0,0}, caller=androidx.compose.ui.platform.Api35Impl.setRequestedFrameRate:4047 androidx.compose.ui.platform.AndroidComposeView.dispatchDraw:2282 android.view.View.draw:26758 android.view.View.updateDisplayListIfDirty:25577 android.view.ViewGroup.recreateChildDisplayList:4881 
10-02 15:01:28.323 19752 19752 I InsetsController: onStateChanged: host=com.negi.survey.local/com.negi.survey.MainActivity, from=android.view.ViewRootImpl.onInsetsStateChanged:3038, state=InsetsState: {mDisplayFrame=Rect(0, 0 - 1080, 2340), mDisplayCutout=DisplayCutout{insets=Rect(0, 82 - 0, 0) waterfall=Insets{left=0, top=0, right=0, bottom=0} boundingRect={Bounds=[Rect(0, 0 - 0, 0), Rect(511, 24 - 569, 82), Rect(0, 0 - 0, 0), Rect(0, 0 - 0, 0)]} cutoutPathParserInfo={CutoutPathParserInfo{displayWidth=1080 displayHeight=2340 physicalDisplayWidth=1080 physicalDisplayHeight=2340 density={2.8125} cutoutSpec={M 0,0 M 0, 8.533333333333333 a 10.31111111111111,10.31111111111111 0 1,0 0,20.62222222222222 a 10.31111111111111,10.31111111111111 0 1,0 0,-20.62222222222222 Z @dp} rotation={0} scale={1.0} physicalPixelDisplaySizeRatio={1.0}}} sideOverrides={}}, mRoundedCorners=RoundedCorners{[RoundedCorner{position=TopLeft, radius=113, center=Point(113, 113)}, RoundedCorner{position=TopRight, radius=113, center=Point(967, 113)}, RoundedCorner{position=BottomRight, radius=113, center=Point(967, 2227)}, RoundedCorner{position=BottomLeft, radius=113, center=Point(113, 2227)}]}  mRoundedCornerFrame=Rect(0, 0 - 1080, 2340), mPrivacyIndicatorBounds=PrivacyIndicatorBounds {static bounds=Rect(956, 0 - 1080, 97) rotation=0}, mDisplayShape=DisplayShape{ spec=-311912193 displayWidth=1080 displayHeight=2340 physicalPixelDisplaySizeRatio=1.0 rotation=0 offsetX=0 offsetY=0 scale=1.0}, mSources= { InsetsSource: {d29a0000 mType=statusBars mFrame=[0,0][1080,97] mAttachedInsets=null mVisible=true mFlags= mSideHint=TOP mBoundingRects=null}, InsetsSource: {d29a0005 mType=mandatorySystemGestures mFrame=[0,0][1080,116] mAttachedInsets=null mVisible=true mFlags= mSideHint=TOP mBoundingRects=null}, InsetsSource: {d29a0006 mType=tappableElement mFrame=[0,0][1080,97] mAttachedInsets=null mVisible=true mFlags= mSideHint=TOP mBoundingRects=null}, InsetsSource: {3 mType=ime mFrame=[0,0][0,0] mAttachedInsets=null mVisible=false mFlags=INVALID mSideHint=NONE mBoundingRects=null}, InsetsSource: {27 mType=displayCutout mFrame=[0,0][1080,82] mAttachedInsets=null mVisible=true mFlags= mSideHint=TOP mBoundingRects=null}, InsetsSource: {4b5d0001 mType=navigationBars mFrame=[0,2205][1080,2340] mAttachedInsets=null mVisible=true mFlags= mSideHint=BOTTOM mBoundingRects=null}, InsetsSource: {4b5d0004 mType=systemGestures mFrame=[0,0][0,0] mAttachedInsets=null mVisible=true mFlags= mSideHint=NONE mBoundingRects=null}, InsetsSource: {4b5d0005 mType=mandatorySystemGestures mFrame=[0,2205][1080,2340] mAttachedInsets=null mVisible=true mFlags= mSideHint=BOTTOM mBoundingRects=null}, InsetsSource: {4b5d0006 mType=tappableElement mFrame=[0,2205][1080,2340] mAttachedInsets=null mVisible=true mFlags= mSideHint=BOTTOM mBoundingRects=null}, InsetsSource: {4b5d0024 mType=systemGestures mFrame=[0,0][0,0] mAttachedInsets=null mVisible=true mFlags= mSideHint=NONE mBoundingRects=null} }
10-02 15:01:28.323 19752 19752 I VRI[MainActivity]@ba2ccdd: handleResized, frames=ClientWindowFrames{frame=[0,0][1080,2340] display=[0,0][1080,2340] parentFrame=[0,0][0,0]} displayId=0 dragResizing=false compatScale=1.0 frameChanged=false attachedFrameChanged=false configChanged=false displayChanged=false compatScaleChanged=false dragResizingChanged=false
10-02 15:01:31.617 19752 19752 I VRI[MainActivity]@ba2ccdd: ViewPostIme pointer 0
10-02 15:01:31.625 19752 19752 I VRI[MainActivity]@ba2ccdd: call setFrameRateCategory for touch hint category=high hint, reason=touch, vri=VRI[MainActivity]@ba2ccdd
10-02 15:01:31.627 19752 19752 I VRI[MainActivity]@ba2ccdd: ViewPostIme pointer 1
10-02 15:01:31.629 19752 19752 D SurveyVM: push -> Q6, navSize=9, stackSize=9
10-02 15:01:31.637 19752 19752 D InputMethodManagerUtils: startInputInner - Id : 0
10-02 15:01:31.637 19752 19752 I InputMethodManager: startInputInner - IInputMethodManagerGlobalInvoker.startInputOrWindowGainedFocus
10-02 15:01:31.644 19752 19852 D InputTransport: Input channel constructed: 'ClientS', fd=162
10-02 15:01:31.651 19752 19752 I View    : setRequestedFrameRate frameRate=-4.0, this=android.view.View{fcdbddb V.ED..... ........ 0,0-0,0}, caller=androidx.compose.ui.platform.Api35Impl.setRequestedFrameRate:4047 androidx.compose.ui.platform.AndroidComposeView.dispatchDraw:2282 android.view.View.draw:26758 android.view.View.updateDisplayListIfDirty:25577 android.view.ViewGroup.recreateChildDisplayList:4881 
10-02 15:01:31.652 19752 19752 D WhisperSpeechController: updateContext: surveyId=e62d665e-992d-4f7a-833f-8c7e102fb2f6, questionId=Q6
10-02 15:01:31.707 19752 19752 I View    : setRequestedFrameRate frameRate=NaN, this=android.view.View{fcdbddb V.ED..... ........ 0,0-0,0}, caller=androidx.compose.ui.platform.Api35Impl.setRequestedFrameRate:4047 androidx.compose.ui.platform.AndroidComposeView.dispatchDraw:2282 android.view.View.draw:26758 android.view.View.updateDisplayListIfDirty:25577 android.view.ViewGroup.recreateChildDisplayList:4881 
10-02 15:01:32.374 19752 19752 D InsetsController: hide(ime())
10-02 15:01:32.374 19752 19752 I ImeTracker: com.negi.survey.local:8250a16: onRequestHide at ORIGIN_CLIENT reason HIDE_SOFT_INPUT_BY_INSETS_API fromUser false
10-02 15:01:32.374 19752 19752 I ImeTracker: com.negi.survey.local:8250a16: onCancelled at PHASE_CLIENT_ALREADY_HIDDEN
10-02 15:01:32.374 19752 19752 D InputMethodManagerUtils: startInputInner - Id : 0
10-02 15:01:32.374 19752 19752 I InputMethodManager: startInputInner - IInputMethodManagerGlobalInvoker.startInputOrWindowGainedFocus
10-02 15:01:32.383 19752 23665 D InputTransport: Input channel constructed: 'ClientS', fd=161
10-02 15:01:34.631 19752 19752 I VRI[MainActivity]@ba2ccdd: call setFrameRateCategory for touch hint category=no preference, reason=boost timeout, vri=VRI[MainActivity]@ba2ccdd
10-02 15:01:36.014 19752 19752 I VRI[MainActivity]@ba2ccdd: ViewPostIme pointer 0
10-02 15:01:36.021 19752 19752 I VRI[MainActivity]@ba2ccdd: call setFrameRateCategory for touch hint category=high hint, reason=touch, vri=VRI[MainActivity]@ba2ccdd
10-02 15:01:36.022 19752 19752 I VRI[MainActivity]@ba2ccdd: ViewPostIme pointer 1
10-02 15:01:36.032 19752 19752 D InputMethodManagerUtils: startInputInner - Id : 0
10-02 15:01:36.032 19752 19752 I InputMethodManager: startInputInner - IInputMethodManagerGlobalInvoker.startInputOrWindowGainedFocus
10-02 15:01:36.033 19752 19752 D InsetsController: show(ime())
10-02 15:01:36.034 19752 19752 I ImeTracker: com.negi.survey.local:4ee219df: onRequestShow at ORIGIN_CLIENT reason SHOW_SOFT_INPUT_BY_INSETS_API fromUser false
10-02 15:01:36.034 19752 19752 D InsetsController: Setting requestedVisibleTypes to 511 (was 503)
10-02 15:01:36.034 19752 19752 I InsetsController: setRequestedVisibleTypes: visible=true, mask=ime, host=com.negi.survey.local/com.negi.survey.MainActivity, from=android.view.InsetsController.controlAnimationUnchecked:1646 android.view.InsetsController.applyAnimation:2278 android.view.InsetsController.applyAnimation:2207 android.view.InsetsController.show:1498 android.view.InsetsController.show:1435 androidx.core.view.SoftwareKeyboardControllerCompat$Impl30.show:189 androidx.core.view.SoftwareKeyboardControllerCompat.show:70 androidx.compose.ui.text.input.InputMethodManagerImpl.showSoftInput:81 androidx.compose.ui.text.input.TextInputServiceAndroid.setKeyboardVisibleImmediately:468 androidx.compose.ui.text.input.TextInputServiceAndroid.processInputCommands:352 
10-02 15:01:36.044 19752 19851 D InputTransport: Input channel constructed: 'ClientS', fd=152
10-02 15:01:36.046 19752 19752 I AssistStructure: Flattened final assist data: 520 bytes, containing 1 windows, 3 views
10-02 15:01:36.046 19752 19752 I InputMethodManager_LC: showSoftInput(View,I)
10-02 15:01:36.046 19752 19752 I ImeTracker: com.negi.survey.local:fcb969aa: onRequestShow at ORIGIN_CLIENT reason SHOW_SOFT_INPUT fromUser false
10-02 15:01:36.046 19752 19752 I InputMethodManager_LC: ssi(): flags=0 view=com.negi.survey.local reason=SHOW_SOFT_INPUT
10-02 15:01:36.046 19752 19752 I InputMethodManager_LC: ssi() view is not EditText
10-02 15:01:36.047 19752 19752 D InsetsController: show(ime())
10-02 15:01:36.047 19752 19752 I ImeTracker: com.negi.survey.local:fcb969aa: onCancelled at PHASE_CLIENT_REPORT_REQUESTED_VISIBLE_TYPES
10-02 15:01:36.048 19752 19752 I VRI[MainActivity]@ba2ccdd: handleResized, frames=ClientWindowFrames{frame=[0,0][1080,2340] display=[0,0][1080,2340] parentFrame=[0,0][0,0]} displayId=0 dragResizing=false compatScale=1.0 frameChanged=false attachedFrameChanged=false configChanged=false displayChanged=false compatScaleChanged=false dragResizingChanged=false
10-02 15:01:36.057 19752 19752 I View    : setRequestedFrameRate frameRate=-4.0, this=android.view.View{fcdbddb V.ED..... ........ 0,0-0,0}, caller=androidx.compose.ui.platform.Api35Impl.setRequestedFrameRate:4047 androidx.compose.ui.platform.AndroidComposeView.dispatchDraw:2282 android.view.View.draw:26758 android.view.View.updateDisplayListIfDirty:25577 android.view.ViewGroup.recreateChildDisplayList:4881 
10-02 15:01:36.107 19752 19752 D WindowOnBackDispatcher: setTopOnBackInvokedCallback (unwrapped): android.view.ImeBackAnimationController@d88cdb2
10-02 15:01:36.133 19752 19752 I InsetsController: onStateChanged: host=com.negi.survey.local/com.negi.survey.MainActivity, from=android.view.ViewRootImpl.onInsetsStateChanged:3038, state=InsetsState: {mDisplayFrame=Rect(0, 0 - 1080, 2340), mDisplayCutout=DisplayCutout{insets=Rect(0, 82 - 0, 0) waterfall=Insets{left=0, top=0, right=0, bottom=0} boundingRect={Bounds=[Rect(0, 0 - 0, 0), Rect(511, 24 - 569, 82), Rect(0, 0 - 0, 0), Rect(0, 0 - 0, 0)]} cutoutPathParserInfo={CutoutPathParserInfo{displayWidth=1080 displayHeight=2340 physicalDisplayWidth=1080 physicalDisplayHeight=2340 density={2.8125} cutoutSpec={M 0,0 M 0, 8.533333333333333 a 10.31111111111111,10.31111111111111 0 1,0 0,20.62222222222222 a 10.31111111111111,10.31111111111111 0 1,0 0,-20.62222222222222 Z @dp} rotation={0} scale={1.0} physicalPixelDisplaySizeRatio={1.0}}} sideOverrides={}}, mRoundedCorners=RoundedCorners{[RoundedCorner{position=TopLeft, radius=113, center=Point(113, 113)}, RoundedCorner{position=TopRight, radius=113, center=Point(967, 113)}, RoundedCorner{position=BottomRight, radius=113, center=Point(967, 2227)}, RoundedCorner{position=BottomLeft, radius=113, center=Point(113, 2227)}]}  mRoundedCornerFrame=Rect(0, 0 - 1080, 2340), mPrivacyIndicatorBounds=PrivacyIndicatorBounds {static bounds=Rect(956, 0 - 1080, 97) rotation=0}, mDisplayShape=DisplayShape{ spec=-311912193 displayWidth=1080 displayHeight=2340 physicalPixelDisplaySizeRatio=1.0 rotation=0 offsetX=0 offsetY=0 scale=1.0}, mSources= { InsetsSource: {d29a0000 mType=statusBars mFrame=[0,0][1080,97] mAttachedInsets=null mVisible=true mFlags= mSideHint=TOP mBoundingRects=null}, InsetsSource: {d29a0005 mType=mandatorySystemGestures mFrame=[0,0][1080,116] mAttachedInsets=null mVisible=true mFlags= mSideHint=TOP mBoundingRects=null}, InsetsSource: {d29a0006 mType=tappableElement mFrame=[0,0][1080,97] mAttachedInsets=null mVisible=true mFlags= mSideHint=TOP mBoundingRects=null}, InsetsSource: {3 mType=ime mFrame=[0,1332][1080,2340] mAttachedInsets=null mVisible=true mFlags= mSideHint=BOTTOM mBoundingRects=null}, InsetsSource: {27 mType=displayCutout mFrame=[0,0][1080,82] mAttachedInsets=null mVisible=true mFlags= mSideHint=TOP mBoundingRects=null}, InsetsSource: {4b5d0001 mType=navigationBars mFrame=[0,2205][1080,2340] mAttachedInsets=null mVisible=true mFlags= mSideHint=BOTTOM mBoundingRects=null}, InsetsSource: {4b5d0004 mType=systemGestures mFrame=[0,0][0,0] mAttachedInsets=null mVisible=true mFlags= mSideHint=NONE mBoundingRects=null}, InsetsSource: {4b5d0005 mType=mandatorySystemGestures mFrame=[0,2205][1080,2340] mAttachedInsets=null mVisible=true mFlags= mSideHint=BOTTOM mBoundingRects=null}, InsetsSource: {4b5d0006 mType=tappableElement mFrame=[0,2205][1080,2340] mAttachedInsets=null mVisible=true mFlags= mSideHint=BOTTOM mBoundingRects=null}, InsetsSource: {4b5d0024 mType=systemGestures mFrame=[0,0][0,0] mAttachedInsets=null mVisible=true mFlags= mSideHint=NONE mBoundingRects=null} }
10-02 15:01:36.133 19752 19752 I VRI[MainActivity]@ba2ccdd: handleResized, frames=ClientWindowFrames{frame=[0,0][1080,2340] display=[0,0][1080,2340] parentFrame=[0,0][0,0]} displayId=0 dragResizing=false compatScale=1.0 frameChanged=false attachedFrameChanged=false configChanged=false displayChanged=false compatScaleChanged=false dragResizingChanged=false
10-02 15:01:36.134 19752 19752 I InsetsController: onStateChanged: host=com.negi.survey.local/com.negi.survey.MainActivity, from=android.view.ViewRootImpl.onInsetsStateChanged:3038, state=InsetsState: {mDisplayFrame=Rect(0, 0 - 1080, 2340), mDisplayCutout=DisplayCutout{insets=Rect(0, 82 - 0, 0) waterfall=Insets{left=0, top=0, right=0, bottom=0} boundingRect={Bounds=[Rect(0, 0 - 0, 0), Rect(511, 24 - 569, 82), Rect(0, 0 - 0, 0), Rect(0, 0 - 0, 0)]} cutoutPathParserInfo={CutoutPathParserInfo{displayWidth=1080 displayHeight=2340 physicalDisplayWidth=1080 physicalDisplayHeight=2340 density={2.8125} cutoutSpec={M 0,0 M 0, 8.533333333333333 a 10.31111111111111,10.31111111111111 0 1,0 0,20.62222222222222 a 10.31111111111111,10.31111111111111 0 1,0 0,-20.62222222222222 Z @dp} rotation={0} scale={1.0} physicalPixelDisplaySizeRatio={1.0}}} sideOverrides={}}, mRoundedCorners=RoundedCorners{[RoundedCorner{position=TopLeft, radius=113, center=Point(113, 113)}, RoundedCorner{position=TopRight, radius=113, center=Point(967, 113)}, RoundedCorner{position=BottomRight, radius=113, center=Point(967, 2227)}, RoundedCorner{position=BottomLeft, radius=113, center=Point(113, 2227)}]}  mRoundedCornerFrame=Rect(0, 0 - 1080, 2340), mPrivacyIndicatorBounds=PrivacyIndicatorBounds {static bounds=Rect(956, 0 - 1080, 97) rotation=0}, mDisplayShape=DisplayShape{ spec=-311912193 displayWidth=1080 displayHeight=2340 physicalPixelDisplaySizeRatio=1.0 rotation=0 offsetX=0 offsetY=0 scale=1.0}, mSources= { InsetsSource: {d29a0000 mType=statusBars mFrame=[0,0][1080,97] mAttachedInsets=null mVisible=true mFlags= mSideHint=TOP mBoundingRects=null}, InsetsSource: {d29a0005 mType=mandatorySystemGestures mFrame=[0,0][1080,116] mAttachedInsets=null mVisible=true mFlags= mSideHint=TOP mBoundingRects=null}, InsetsSource: {d29a0006 mType=tappableElement mFrame=[0,0][1080,97] mAttachedInsets=null mVisible=true mFlags= mSideHint=TOP mBoundingRects=null}, InsetsSource: {3 mType=ime mFrame=[0,1332][1080,2340] mAttachedInsets=null mVisible=true mFlags= mSideHint=BOTTOM mBoundingRects=null}, InsetsSource: {27 mType=displayCutout mFrame=[0,0][1080,82] mAttachedInsets=null mVisible=true mFlags= mSideHint=TOP mBoundingRects=null}, InsetsSource: {4b5d0001 mType=navigationBars mFrame=[0,2205][1080,2340] mAttachedInsets=null mVisible=true mFlags= mSideHint=BOTTOM mBoundingRects=null}, InsetsSource: {4b5d0004 mType=systemGestures mFrame=[0,0][0,0] mAttachedInsets=null mVisible=true mFlags= mSideHint=NONE mBoundingRects=null}, InsetsSource: {4b5d0005 mType=mandatorySystemGestures mFrame=[0,2205][1080,2340] mAttachedInsets=null mVisible=true mFlags= mSideHint=BOTTOM mBoundingRects=null}, InsetsSource: {4b5d0006 mType=tappableElement mFrame=[0,2205][1080,2340] mAttachedInsets=null mVisible=true mFlags= mSideHint=BOTTOM mBoundingRects=null}, InsetsSource: {4b5d0024 mType=systemGestures mFrame=[0,0][0,0] mAttachedInsets=null mVisible=true mFlags= mSideHint=NONE mBoundingRects=null} }
10-02 15:01:36.137 19752 19752 D VRI[MainActivity]@ba2ccdd: WindowInsets changed: ime:[0,0,0,1008] 
10-02 15:01:36.137 19752 19752 I BLASTBufferQueue_Java: update, w= 1080 h= 2340 mName = VRI[MainActivity]@ba2ccdd mNativeObject= 0xb400007c57f142d0 sc.mNativeObject= 0xb400007ba7ee7d10 format= -1 caller= android.view.ViewRootImpl.updateBlastSurfaceIfNeeded:3592 android.view.ViewRootImpl.relayoutWindow:11813 android.view.ViewRootImpl.performTraversals:4840 android.view.ViewRootImpl.doTraversal:3959 android.view.ViewRootImpl$TraversalRunnable.run:13034 android.view.Choreographer$CallbackRecord.run:1961 
10-02 15:01:36.137 19752 19752 I VRI[MainActivity]@ba2ccdd: Relayout returned: old=(0,0,1080,2340) new=(0,0,1080,2340) relayoutAsync=true req=(1080,2340)0 dur=0 res=0x0 s={true 0xb400007b97f0de20} ch=false seqId=0
10-02 15:01:36.139 19752 19752 I VRI[MainActivity]@ba2ccdd: registerCallbackForPendingTransactions
10-02 15:01:36.142 19752 19978 I VRI[MainActivity]@ba2ccdd: mWNT: t=0xb400007b78024650 mBlastBufferQueue=0xb400007c57f142d0 fn= 6587 HdrRenderState mRenderHdrSdrRatio=1.0 caller= android.view.SyncRtSurfaceTransactionApplier.applyTransaction:102 android.view.SyncRtSurfaceTransactionApplier.lambda$scheduleApply$0:75 android.view.SyncRtSurfaceTransactionApplier.$r8$lambda$afI4fXg3U3-nBZQEDQMiNy-B06s:0 
10-02 15:01:36.142 19752 19978 I VRI[MainActivity]@ba2ccdd: mWNT: t=0xb400007b7867d5c0 mBlastBufferQueue=0xb400007c57f142d0 fn= 6587 HdrRenderState mRenderHdrSdrRatio=1.0 caller= android.view.ViewRootImpl$10.onFrameDraw:6615 android.view.ViewRootImpl$4.onFrameDraw:2485 android.view.ThreadedRenderer$1.onFrameDraw:751 
10-02 15:01:36.149 19752 19977 I VRI[MainActivity]@ba2ccdd: mWNT: t=0xb400007b786629f0 mBlastBufferQueue=0xb400007c57f142d0 fn= 6588 HdrRenderState mRenderHdrSdrRatio=1.0 caller= android.view.SyncRtSurfaceTransactionApplier.applyTransaction:102 android.view.SyncRtSurfaceTransactionApplier.lambda$scheduleApply$0:75 android.view.SyncRtSurfaceTransactionApplier.$r8$lambda$afI4fXg3U3-nBZQEDQMiNy-B06s:0 
10-02 15:01:36.158 19752 19978 I VRI[MainActivity]@ba2ccdd: mWNT: t=0xb400007b78674660 mBlastBufferQueue=0xb400007c57f142d0 fn= 6589 HdrRenderState mRenderHdrSdrRatio=1.0 caller= android.view.SyncRtSurfaceTransactionApplier.applyTransaction:102 android.view.SyncRtSurfaceTransactionApplier.lambda$scheduleApply$0:75 android.view.SyncRtSurfaceTransactionApplier.$r8$lambda$afI4fXg3U3-nBZQEDQMiNy-B06s:0 
10-02 15:01:36.166 19752 19977 I VRI[MainActivity]@ba2ccdd: mWNT: t=0xb400007b7865cd70 mBlastBufferQueue=0xb400007c57f142d0 fn= 6590 HdrRenderState mRenderHdrSdrRatio=1.0 caller= android.view.SyncRtSurfaceTransactionApplier.applyTransaction:102 android.view.SyncRtSurfaceTransactionApplier.lambda$scheduleApply$0:75 android.view.SyncRtSurfaceTransactionApplier.$r8$lambda$afI4fXg3U3-nBZQEDQMiNy-B06s:0 
10-02 15:01:36.175 19752 19978 I VRI[MainActivity]@ba2ccdd: mWNT: t=0xb400007b7865a3d0 mBlastBufferQueue=0xb400007c57f142d0 fn= 6591 HdrRenderState mRenderHdrSdrRatio=1.0 caller= android.view.SyncRtSurfaceTransactionApplier.applyTransaction:102 android.view.SyncRtSurfaceTransactionApplier.lambda$scheduleApply$0:75 android.view.SyncRtSurfaceTransactionApplier.$r8$lambda$afI4fXg3U3-nBZQEDQMiNy-B06s:0 
10-02 15:01:36.181 19752 19977 I VRI[MainActivity]@ba2ccdd: mWNT: t=0xb400007b7866f0d0 mBlastBufferQueue=0xb400007c57f142d0 fn= 6592 HdrRenderState mRenderHdrSdrRatio=1.0 caller= android.view.SyncRtSurfaceTransactionApplier.applyTransaction:102 android.view.SyncRtSurfaceTransactionApplier.lambda$scheduleApply$0:75 android.view.SyncRtSurfaceTransactionApplier.$r8$lambda$afI4fXg3U3-nBZQEDQMiNy-B06s:0 
10-02 15:01:36.190 19752 19978 I VRI[MainActivity]@ba2ccdd: mWNT: t=0xb400007b78670350 mBlastBufferQueue=0xb400007c57f142d0 fn= 6593 HdrRenderState mRenderHdrSdrRatio=1.0 caller= android.view.SyncRtSurfaceTransactionApplier.applyTransaction:102 android.view.SyncRtSurfaceTransactionApplier.lambda$scheduleApply$0:75 android.view.SyncRtSurfaceTransactionApplier.$r8$lambda$afI4fXg3U3-nBZQEDQMiNy-B06s:0 
10-02 15:01:36.200 19752 19977 I VRI[MainActivity]@ba2ccdd: mWNT: t=0xb400007b78679060 mBlastBufferQueue=0xb400007c57f142d0 fn= 6594 HdrRenderState mRenderHdrSdrRatio=1.0 caller= android.view.SyncRtSurfaceTransactionApplier.applyTransaction:102 android.view.SyncRtSurfaceTransactionApplier.lambda$scheduleApply$0:75 android.view.SyncRtSurfaceTransactionApplier.$r8$lambda$afI4fXg3U3-nBZQEDQMiNy-B06s:0 
10-02 15:01:36.207 19752 19978 I VRI[MainActivity]@ba2ccdd: mWNT: t=0xb400007b7867d120 mBlastBufferQueue=0xb400007c57f142d0 fn= 6595 HdrRenderState mRenderHdrSdrRatio=1.0 caller= android.view.SyncRtSurfaceTransactionApplier.applyTransaction:102 android.view.SyncRtSurfaceTransactionApplier.lambda$scheduleApply$0:75 android.view.SyncRtSurfaceTransactionApplier.$r8$lambda$afI4fXg3U3-nBZQEDQMiNy-B06s:0 
10-02 15:01:36.215 19752 19977 I VRI[MainActivity]@ba2ccdd: mWNT: t=0xb400007b786673f0 mBlastBufferQueue=0xb400007c57f142d0 fn= 6596 HdrRenderState mRenderHdrSdrRatio=1.0 caller= android.view.SyncRtSurfaceTransactionApplier.applyTransaction:102 android.view.SyncRtSurfaceTransactionApplier.lambda$scheduleApply$0:75 android.view.SyncRtSurfaceTransactionApplier.$r8$lambda$afI4fXg3U3-nBZQEDQMiNy-B06s:0 
10-02 15:01:36.223 19752 19978 I VRI[MainActivity]@ba2ccdd: mWNT: t=0xb400007b786698f0 mBlastBufferQueue=0xb400007c57f142d0 fn= 6597 HdrRenderState mRenderHdrSdrRatio=1.0 caller= android.view.SyncRtSurfaceTransactionApplier.applyTransaction:102 android.view.SyncRtSurfaceTransactionApplier.lambda$scheduleApply$0:75 android.view.SyncRtSurfaceTransactionApplier.$r8$lambda$afI4fXg3U3-nBZQEDQMiNy-B06s:0 
10-02 15:01:36.230 19752 19977 I VRI[MainActivity]@ba2ccdd: mWNT: t=0xb400007b786741c0 mBlastBufferQueue=0xb400007c57f142d0 fn= 6598 HdrRenderState mRenderHdrSdrRatio=1.0 caller= android.view.SyncRtSurfaceTransactionApplier.applyTransaction:102 android.view.SyncRtSurfaceTransactionApplier.lambda$scheduleApply$0:75 android.view.SyncRtSurfaceTransactionApplier.$r8$lambda$afI4fXg3U3-nBZQEDQMiNy-B06s:0 
10-02 15:01:36.238 19752 19978 I VRI[MainActivity]@ba2ccdd: mWNT: t=0xb400007b78659840 mBlastBufferQueue=0xb400007c57f142d0 fn= 6599 HdrRenderState mRenderHdrSdrRatio=1.0 caller= android.view.SyncRtSurfaceTransactionApplier.applyTransaction:102 android.view.SyncRtSurfaceTransactionApplier.lambda$scheduleApply$0:75 android.view.SyncRtSurfaceTransactionApplier.$r8$lambda$afI4fXg3U3-nBZQEDQMiNy-B06s:0 
10-02 15:01:36.247 19752 19977 I VRI[MainActivity]@ba2ccdd: mWNT: t=0xb400007b78671cc0 mBlastBufferQueue=0xb400007c57f142d0 fn= 6600 HdrRenderState mRenderHdrSdrRatio=1.0 caller= android.view.SyncRtSurfaceTransactionApplier.applyTransaction:102 android.view.SyncRtSurfaceTransactionApplier.lambda$scheduleApply$0:75 android.view.SyncRtSurfaceTransactionApplier.$r8$lambda$afI4fXg3U3-nBZQEDQMiNy-B06s:0 
10-02 15:01:36.255 19752 19978 I VRI[MainActivity]@ba2ccdd: mWNT: t=0xb400007b7865dff0 mBlastBufferQueue=0xb400007c57f142d0 fn= 6601 HdrRenderState mRenderHdrSdrRatio=1.0 caller= android.view.SyncRtSurfaceTransactionApplier.applyTransaction:102 android.view.SyncRtSurfaceTransactionApplier.lambda$scheduleApply$0:75 android.view.SyncRtSurfaceTransactionApplier.$r8$lambda$afI4fXg3U3-nBZQEDQMiNy-B06s:0 
10-02 15:01:36.263 19752 19977 I VRI[MainActivity]@ba2ccdd: mWNT: t=0xb400007b77f32290 mBlastBufferQueue=0xb400007c57f142d0 fn= 6602 HdrRenderState mRenderHdrSdrRatio=1.0 caller= android.view.SyncRtSurfaceTransactionApplier.applyTransaction:102 android.view.SyncRtSurfaceTransactionApplier.lambda$scheduleApply$0:75 android.view.SyncRtSurfaceTransactionApplier.$r8$lambda$afI4fXg3U3-nBZQEDQMiNy-B06s:0 
10-02 15:01:36.272 19752 19978 I VRI[MainActivity]@ba2ccdd: mWNT: t=0xb400007b78656c50 mBlastBufferQueue=0xb400007c57f142d0 fn= 6603 HdrRenderState mRenderHdrSdrRatio=1.0 caller= android.view.SyncRtSurfaceTransactionApplier.applyTransaction:102 android.view.SyncRtSurfaceTransactionApplier.lambda$scheduleApply$0:75 android.view.SyncRtSurfaceTransactionApplier.$r8$lambda$afI4fXg3U3-nBZQEDQMiNy-B06s:0 
10-02 15:01:36.281 19752 19977 I VRI[MainActivity]@ba2ccdd: mWNT: t=0xb400007b7867bc50 mBlastBufferQueue=0xb400007c57f142d0 fn= 6604 HdrRenderState mRenderHdrSdrRatio=1.0 caller= android.view.SyncRtSurfaceTransactionApplier.applyTransaction:102 android.view.SyncRtSurfaceTransactionApplier.lambda$scheduleApply$0:75 android.view.SyncRtSurfaceTransactionApplier.$r8$lambda$afI4fXg3U3-nBZQEDQMiNy-B06s:0 
10-02 15:01:36.291 19752 19978 I VRI[MainActivity]@ba2ccdd: mWNT: t=0xb400007b7867b310 mBlastBufferQueue=0xb400007c57f142d0 fn= 6605 HdrRenderState mRenderHdrSdrRatio=1.0 caller= android.view.SyncRtSurfaceTransactionApplier.applyTransaction:102 android.view.SyncRtSurfaceTransactionApplier.lambda$scheduleApply$0:75 android.view.SyncRtSurfaceTransactionApplier.$r8$lambda$afI4fXg3U3-nBZQEDQMiNy-B06s:0 
10-02 15:01:36.296 19752 19977 I VRI[MainActivity]@ba2ccdd: mWNT: t=0xb400007b7865e930 mBlastBufferQueue=0xb400007c57f142d0 fn= 6606 HdrRenderState mRenderHdrSdrRatio=1.0 caller= android.view.SyncRtSurfaceTransactionApplier.applyTransaction:102 android.view.SyncRtSurfaceTransactionApplier.lambda$scheduleApply$0:75 android.view.SyncRtSurfaceTransactionApplier.$r8$lambda$afI4fXg3U3-nBZQEDQMiNy-B06s:0 
10-02 15:01:36.305 19752 19978 I VRI[MainActivity]@ba2ccdd: mWNT: t=0xb400007b78676220 mBlastBufferQueue=0xb400007c57f142d0 fn= 6607 HdrRenderState mRenderHdrSdrRatio=1.0 caller= android.view.SyncRtSurfaceTransactionApplier.applyTransaction:102 android.view.SyncRtSurfaceTransactionApplier.lambda$scheduleApply$0:75 android.view.SyncRtSurfaceTransactionApplier.$r8$lambda$afI4fXg3U3-nBZQEDQMiNy-B06s:0 
10-02 15:01:36.314 19752 19977 I VRI[MainActivity]@ba2ccdd: mWNT: t=0xb400007b786630e0 mBlastBufferQueue=0xb400007c57f142d0 fn= 6608 HdrRenderState mRenderHdrSdrRatio=1.0 caller= android.view.SyncRtSurfaceTransactionApplier.applyTransaction:102 android.view.SyncRtSurfaceTransactionApplier.lambda$scheduleApply$0:75 android.view.SyncRtSurfaceTransactionApplier.$r8$lambda$afI4fXg3U3-nBZQEDQMiNy-B06s:0 
10-02 15:01:36.322 19752 19978 I VRI[MainActivity]@ba2ccdd: mWNT: t=0xb400007b78669b40 mBlastBufferQueue=0xb400007c57f142d0 fn= 6609 HdrRenderState mRenderHdrSdrRatio=1.0 caller= android.view.SyncRtSurfaceTransactionApplier.applyTransaction:102 android.view.SyncRtSurfaceTransactionApplier.lambda$scheduleApply$0:75 android.view.SyncRtSurfaceTransactionApplier.$r8$lambda$afI4fXg3U3-nBZQEDQMiNy-B06s:0 
10-02 15:01:36.331 19752 19977 I VRI[MainActivity]@ba2ccdd: mWNT: t=0xb400007b78664360 mBlastBufferQueue=0xb400007c57f142d0 fn= 6610 HdrRenderState mRenderHdrSdrRatio=1.0 caller= android.view.SyncRtSurfaceTransactionApplier.applyTransaction:102 android.view.SyncRtSurfaceTransactionApplier.lambda$scheduleApply$0:75 android.view.SyncRtSurfaceTransactionApplier.$r8$lambda$afI4fXg3U3-nBZQEDQMiNy-B06s:0 
10-02 15:01:36.339 19752 19978 I VRI[MainActivity]@ba2ccdd: mWNT: t=0xb400007b786619c0 mBlastBufferQueue=0xb400007c57f142d0 fn= 6611 HdrRenderState mRenderHdrSdrRatio=1.0 caller= android.view.SyncRtSurfaceTransactionApplier.applyTransaction:102 android.view.SyncRtSurfaceTransactionApplier.lambda$scheduleApply$0:75 android.view.SyncRtSurfaceTransactionApplier.$r8$lambda$afI4fXg3U3-nBZQEDQMiNy-B06s:0 
10-02 15:01:36.347 19752 19977 I VRI[MainActivity]@ba2ccdd: mWNT: t=0xb400007b786602a0 mBlastBufferQueue=0xb400007c57f142d0 fn= 6612 HdrRenderState mRenderHdrSdrRatio=1.0 caller= android.view.SyncRtSurfaceTransactionApplier.applyTransaction:102 android.view.SyncRtSurfaceTransactionApplier.lambda$scheduleApply$0:75 android.view.SyncRtSurfaceTransactionApplier.$r8$lambda$afI4fXg3U3-nBZQEDQMiNy-B06s:0 
10-02 15:01:36.356 19752 19978 I VRI[MainActivity]@ba2ccdd: mWNT: t=0xb400007b77efe900 mBlastBufferQueue=0xb400007c57f142d0 fn= 6613 HdrRenderState mRenderHdrSdrRatio=1.0 caller= android.view.SyncRtSurfaceTransactionApplier.applyTransaction:102 android.view.SyncRtSurfaceTransactionApplier.lambda$scheduleApply$0:75 android.view.SyncRtSurfaceTransactionApplier.$r8$lambda$afI4fXg3U3-nBZQEDQMiNy-B06s:0 
10-02 15:01:36.364 19752 19977 I VRI[MainActivity]@ba2ccdd: mWNT: t=0xb400007b78025430 mBlastBufferQueue=0xb400007c57f142d0 fn= 6614 HdrRenderState mRenderHdrSdrRatio=1.0 caller= android.view.SyncRtSurfaceTransactionApplier.applyTransaction:102 android.view.SyncRtSurfaceTransactionApplier.lambda$scheduleApply$0:75 android.view.SyncRtSurfaceTransactionApplier.$r8$lambda$afI4fXg3U3-nBZQEDQMiNy-B06s:0 
10-02 15:01:36.372 19752 19978 I VRI[MainActivity]@ba2ccdd: mWNT: t=0xb400007b78666170 mBlastBufferQueue=0xb400007c57f142d0 fn= 6615 HdrRenderState mRenderHdrSdrRatio=1.0 caller= android.view.SyncRtSurfaceTransactionApplier.applyTransaction:102 android.view.SyncRtSurfaceTransactionApplier.lambda$scheduleApply$0:75 android.view.SyncRtSurfaceTransactionApplier.$r8$lambda$afI4fXg3U3-nBZQEDQMiNy-B06s:0 
10-02 15:01:36.380 19752 19977 I VRI[MainActivity]@ba2ccdd: mWNT: t=0xb400007b7867ac20 mBlastBufferQueue=0xb400007c57f142d0 fn= 6616 HdrRenderState mRenderHdrSdrRatio=1.0 caller= android.view.SyncRtSurfaceTransactionApplier.applyTransaction:102 android.view.SyncRtSurfaceTransactionApplier.lambda$scheduleApply$0:75 android.view.SyncRtSurfaceTransactionApplier.$r8$lambda$afI4fXg3U3-nBZQEDQMiNy-B06s:0 
10-02 15:01:36.389 19752 19978 I VRI[MainActivity]@ba2ccdd: mWNT: t=0xb400007b78663c70 mBlastBufferQueue=0xb400007c57f142d0 fn= 6617 HdrRenderState mRenderHdrSdrRatio=1.0 caller= android.view.SyncRtSurfaceTransactionApplier.applyTransaction:102 android.view.SyncRtSurfaceTransactionApplier.lambda$scheduleApply$0:75 android.view.SyncRtSurfaceTransactionApplier.$r8$lambda$afI4fXg3U3-nBZQEDQMiNy-B06s:0 
10-02 15:01:36.397 19752 19977 I VRI[MainActivity]@ba2ccdd: mWNT: t=0xb400007b7865c680 mBlastBufferQueue=0xb400007c57f142d0 fn= 6618 HdrRenderState mRenderHdrSdrRatio=1.0 caller= android.view.SyncRtSurfaceTransactionApplier.applyTransaction:102 android.view.SyncRtSurfaceTransactionApplier.lambda$scheduleApply$0:75 android.view.SyncRtSurfaceTransactionApplier.$r8$lambda$afI4fXg3U3-nBZQEDQMiNy-B06s:0 
10-02 15:01:36.406 19752 19978 I VRI[MainActivity]@ba2ccdd: mWNT: t=0xb400007b77f24240 mBlastBufferQueue=0xb400007c57f142d0 fn= 6619 HdrRenderState mRenderHdrSdrRatio=1.0 caller= android.view.SyncRtSurfaceTransactionApplier.applyTransaction:102 android.view.SyncRtSurfaceTransactionApplier.lambda$scheduleApply$0:75 android.view.SyncRtSurfaceTransactionApplier.$r8$lambda$afI4fXg3U3-nBZQEDQMiNy-B06s:0 
10-02 15:01:36.415 19752 19977 I VRI[MainActivity]@ba2ccdd: mWNT: t=0xb400007b78026460 mBlastBufferQueue=0xb400007c57f142d0 fn= 6620 HdrRenderState mRenderHdrSdrRatio=1.0 caller= android.view.SyncRtSurfaceTransactionApplier.applyTransaction:102 android.view.SyncRtSurfaceTransactionApplier.lambda$scheduleApply$0:75 android.view.SyncRtSurfaceTransactionApplier.$r8$lambda$afI4fXg3U3-nBZQEDQMiNy-B06s:0 
10-02 15:01:36.423 19752 19978 I VRI[MainActivity]@ba2ccdd: mWNT: t=0xb400007b7866b700 mBlastBufferQueue=0xb400007c57f142d0 fn= 6621 HdrRenderState mRenderHdrSdrRatio=1.0 caller= android.view.SyncRtSurfaceTransactionApplier.applyTransaction:102 android.view.SyncRtSurfaceTransactionApplier.lambda$scheduleApply$0:75 android.view.SyncRtSurfaceTransactionApplier.$r8$lambda$afI4fXg3U3-nBZQEDQMiNy-B06s:0 
10-02 15:01:36.431 19752 19977 I VRI[MainActivity]@ba2ccdd: mWNT: t=0xb400007b78678bc0 mBlastBufferQueue=0xb400007c57f142d0 fn= 6622 HdrRenderState mRenderHdrSdrRatio=1.0 caller= android.view.SyncRtSurfaceTransactionApplier.applyTransaction:102 android.view.SyncRtSurfaceTransactionApplier.lambda$scheduleApply$0:75 android.view.SyncRtSurfaceTransactionApplier.$r8$lambda$afI4fXg3U3-nBZQEDQMiNy-B06s:0 
10-02 15:01:36.440 19752 19978 I VRI[MainActivity]@ba2ccdd: mWNT: t=0xb400007b786627a0 mBlastBufferQueue=0xb400007c57f142d0 fn= 6623 HdrRenderState mRenderHdrSdrRatio=1.0 caller= android.view.SyncRtSurfaceTransactionApplier.applyTransaction:102 android.view.SyncRtSurfaceTransactionApplier.lambda$scheduleApply$0:75 android.view.SyncRtSurfaceTransactionApplier.$r8$lambda$afI4fXg3U3-nBZQEDQMiNy-B06s:0 
10-02 15:01:36.448 19752 19977 I VRI[MainActivity]@ba2ccdd: mWNT: t=0xb400007b7866e2f0 mBlastBufferQueue=0xb400007c57f142d0 fn= 6624 HdrRenderState mRenderHdrSdrRatio=1.0 caller= android.view.SyncRtSurfaceTransactionApplier.applyTransaction:102 android.view.SyncRtSurfaceTransactionApplier.lambda$scheduleApply$0:75 android.view.SyncRtSurfaceTransactionApplier.$r8$lambda$afI4fXg3U3-nBZQEDQMiNy-B06s:0 
10-02 15:01:36.456 19752 19978 I VRI[MainActivity]@ba2ccdd: mWNT: t=0xb400007b7866adc0 mBlastBufferQueue=0xb400007c57f142d0 fn= 6625 HdrRenderState mRenderHdrSdrRatio=1.0 caller= android.view.SyncRtSurfaceTransactionApplier.applyTransaction:102 android.view.SyncRtSurfaceTransactionApplier.lambda$scheduleApply$0:75 android.view.SyncRtSurfaceTransactionApplier.$r8$lambda$afI4fXg3U3-nBZQEDQMiNy-B06s:0 
10-02 15:01:36.464 19752 19977 I VRI[MainActivity]@ba2ccdd: mWNT: t=0xb400007b77f42ed0 mBlastBufferQueue=0xb400007c57f142d0 fn= 6626 HdrRenderState mRenderHdrSdrRatio=1.0 caller= android.view.SyncRtSurfaceTransactionApplier.applyTransaction:102 android.view.SyncRtSurfaceTransactionApplier.lambda$scheduleApply$0:75 android.view.SyncRtSurfaceTransactionApplier.$r8$lambda$afI4fXg3U3-nBZQEDQMiNy-B06s:0 
10-02 15:01:36.472 19752 19978 I VRI[MainActivity]@ba2ccdd: mWNT: t=0xb400007b78666ab0 mBlastBufferQueue=0xb400007c57f142d0 fn= 6627 HdrRenderState mRenderHdrSdrRatio=1.0 caller= android.view.SyncRtSurfaceTransactionApplier.applyTransaction:102 android.view.SyncRtSurfaceTransactionApplier.lambda$scheduleApply$0:75 android.view.SyncRtSurfaceTransactionApplier.$r8$lambda$afI4fXg3U3-nBZQEDQMiNy-B06s:0 
10-02 15:01:36.477 19752 19977 I VRI[MainActivity]@ba2ccdd: mWNT: t=0xb400007b78673630 mBlastBufferQueue=0xb400007c57f142d0 fn= 6628 HdrRenderState mRenderHdrSdrRatio=1.0 caller= android.view.SyncRtSurfaceTransactionApplier.applyTransaction:102 android.view.SyncRtSurfaceTransactionApplier.lambda$scheduleApply$0:75 android.view.SyncRtSurfaceTransactionApplier.$r8$lambda$afI4fXg3U3-nBZQEDQMiNy-B06s:0 
10-02 15:01:36.494 19752 19978 I VRI[MainActivity]@ba2ccdd: mWNT: t=0xb400007b786715d0 mBlastBufferQueue=0xb400007c57f142d0 fn= 6629 HdrRenderState mRenderHdrSdrRatio=1.0 caller= android.view.SyncRtSurfaceTransactionApplier.applyTransaction:102 android.view.SyncRtSurfaceTransactionApplier.lambda$scheduleApply$0:75 android.view.SyncRtSurfaceTransactionApplier.$r8$lambda$afI4fXg3U3-nBZQEDQMiNy-B06s:0 
10-02 15:01:36.495 19752 19752 I ImeTracker: com.negi.survey.local:4ee219df: onShown
10-02 15:01:36.500 19752 19977 I VRI[MainActivity]@ba2ccdd: mWNT: t=0xb400007b78678030 mBlastBufferQueue=0xb400007c57f142d0 fn= 6630 HdrRenderState mRenderHdrSdrRatio=1.0 caller= android.view.SyncRtSurfaceTransactionApplier.applyTransaction:102 android.view.SyncRtSurfaceTransactionApplier.lambda$scheduleApply$0:75 android.view.SyncRtSurfaceTransactionApplier.$r8$lambda$afI4fXg3U3-nBZQEDQMiNy-B06s:0 
10-02 15:01:36.553 19752 19752 I View    : setRequestedFrameRate frameRate=NaN, this=android.view.View{fcdbddb V.ED..... ........ 0,0-0,0}, caller=androidx.compose.ui.platform.Api35Impl.setRequestedFrameRate:4047 androidx.compose.ui.platform.AndroidComposeView.dispatchDraw:2282 android.view.View.draw:26758 android.view.View.updateDisplayListIfDirty:25577 android.view.ViewGroup.recreateChildDisplayList:4881 
10-02 15:01:39.033 19752 19752 I VRI[MainActivity]@ba2ccdd: call setFrameRateCategory for touch hint category=no preference, reason=boost timeout, vri=VRI[MainActivity]@ba2ccdd
10-02 15:01:41.026 19752 19752 I VRI[MainActivity]@ba2ccdd: setInTouchMode(false), android.view.ViewRootImpl.checkForLeavingTouchModeAndConsume:11075 android.view.ViewRootImpl.-$$Nest$mcheckForLeavingTouchModeAndConsume:0 android.view.ViewRootImpl$EarlyPostImeInputStage.processKeyEvent:9536 android.view.ViewRootImpl$EarlyPostImeInputStage.onProcess:9520 android.view.ViewRootImpl$InputStage.deliver:8994 android.view.ViewRootImpl$InputStage.onDeliverToNext:9051 android.view.ViewRootImpl$InputStage.forward:9017 android.view.ViewRootImpl$AsyncInputStage.forward:9255 android.view.ViewRootImpl$ImeInputStage.onFinishedInputEvent:9505 android.view.inputmethod.InputMethodManager$PendingEvent.run:5454 
10-02 15:01:41.029 19752 19752 I VRI[MainActivity]@ba2ccdd: ViewPostIme key 0
10-02 15:01:41.076 19752 19752 I VRI[MainActivity]@ba2ccdd: ViewPostIme key 1
10-02 15:01:41.081 19752 19752 I VRI[MainActivity]@ba2ccdd: ViewPostIme key 0
10-02 15:01:41.084 19752 19752 I VRI[MainActivity]@ba2ccdd: ViewPostIme key 1
10-02 15:01:45.300 19752 19752 I VRI[MainActivity]@ba2ccdd: The input has been finished in ImeInputStage.
10-02 15:01:45.303 19752 19752 I ImeTracker: com.negi.survey.local:5f316d7e: onRequestHide at ORIGIN_CLIENT reason HIDE_SOFT_INPUT_REQUEST_HIDE_WITH_CONTROL fromUser true
10-02 15:01:45.303 19752 19752 D InsetsController: hide(ime())
10-02 15:01:45.304 19752 19752 D WindowOnBackDispatcher: setTopOnBackInvokedCallback (unwrapped): androidx.navigationevent.OnBackInvokedInput$createOnBackAnimationCallback$1@d90ad5
10-02 15:01:45.305 19752 19752 D InsetsController: Setting requestedVisibleTypes to 503 (was 511)
10-02 15:01:45.305 19752 19752 I InsetsController: setRequestedVisibleTypes: visible=false, mask=ime, host=com.negi.survey.local/com.negi.survey.MainActivity, from=android.view.InsetsController.controlAnimationUnchecked:1646 android.view.InsetsController.applyAnimation:2278 android.view.InsetsController.applyAnimation:2207 android.view.InsetsController.hide:1581 android.view.ImeBackAnimationController.onBackInvoked:153 android.window.WindowOnBackInvokedDispatcher.onBackInvoked:495 android.view.ViewRootImpl$NativePreImeInputStage.doOnBackKeyEvent:9397 android.view.ViewRootImpl$NativePreImeInputStage.onProcess:9361 android.view.ViewRootImpl$InputStage.deliver:8994 android.view.ViewRootImpl.deliverInputEvent:12916 
10-02 15:01:45.308 19752 19752 I VRI[MainActivity]@ba2ccdd: ViewPostIme key 1
10-02 15:01:45.308 19752 19752 D Activity: onKeyUp(KEYCODE_BACK) isTracking()=false isCanceled()=true hasCallback=true
10-02 15:01:45.320 19752 19752 D VRI[MainActivity]@ba2ccdd: WindowInsets changed: ime:null 
10-02 15:01:45.327 19752 19752 I BLASTBufferQueue_Java: update, w= 1080 h= 2340 mName = VRI[MainActivity]@ba2ccdd mNativeObject= 0xb400007c57f142d0 sc.mNativeObject= 0xb400007ba7ee7d10 format= -1 caller= android.view.ViewRootImpl.updateBlastSurfaceIfNeeded:3592 android.view.ViewRootImpl.relayoutWindow:11813 android.view.ViewRootImpl.performTraversals:4840 android.view.ViewRootImpl.doTraversal:3959 android.view.ViewRootImpl$TraversalRunnable.run:13034 android.view.Choreographer$CallbackRecord.run:1961 
10-02 15:01:45.328 19752 19752 I VRI[MainActivity]@ba2ccdd: Relayout returned: old=(0,0,1080,2340) new=(0,0,1080,2340) relayoutAsync=true req=(1080,2340)0 dur=4 res=0x0 s={true 0xb400007b97f0de20} ch=false seqId=0
10-02 15:01:45.340 19752 19752 I VRI[MainActivity]@ba2ccdd: registerCallbackForPendingTransactions
10-02 15:01:45.341 19752 19978 I VRI[MainActivity]@ba2ccdd: mWNT: t=0xb400007b7865eb80 mBlastBufferQueue=0xb400007c57f142d0 fn= 6654 HdrRenderState mRenderHdrSdrRatio=1.0 caller= android.view.SyncRtSurfaceTransactionApplier.applyTransaction:102 android.view.SyncRtSurfaceTransactionApplier.lambda$scheduleApply$0:75 android.view.SyncRtSurfaceTransactionApplier.$r8$lambda$afI4fXg3U3-nBZQEDQMiNy-B06s:0 
10-02 15:01:45.342 19752 19978 I VRI[MainActivity]@ba2ccdd: mWNT: t=0xb400007b7865af60 mBlastBufferQueue=0xb400007c57f142d0 fn= 6654 HdrRenderState mRenderHdrSdrRatio=1.0 caller= android.view.ViewRootImpl$10.onFrameDraw:6615 android.view.ViewRootImpl$4.onFrameDraw:2485 android.view.ThreadedRenderer$1.onFrameDraw:751 
10-02 15:01:45.343 19752 19752 I InsetsController: onStateChanged: host=com.negi.survey.local/com.negi.survey.MainActivity, from=android.view.ViewRootImpl.onInsetsStateChanged:3038, state=InsetsState: {mDisplayFrame=Rect(0, 0 - 1080, 2340), mDisplayCutout=DisplayCutout{insets=Rect(0, 82 - 0, 0) waterfall=Insets{left=0, top=0, right=0, bottom=0} boundingRect={Bounds=[Rect(0, 0 - 0, 0), Rect(511, 24 - 569, 82), Rect(0, 0 - 0, 0), Rect(0, 0 - 0, 0)]} cutoutPathParserInfo={CutoutPathParserInfo{displayWidth=1080 displayHeight=2340 physicalDisplayWidth=1080 physicalDisplayHeight=2340 density={2.8125} cutoutSpec={M 0,0 M 0, 8.533333333333333 a 10.31111111111111,10.31111111111111 0 1,0 0,20.62222222222222 a 10.31111111111111,10.31111111111111 0 1,0 0,-20.62222222222222 Z @dp} rotation={0} scale={1.0} physicalPixelDisplaySizeRatio={1.0}}} sideOverrides={}}, mRoundedCorners=RoundedCorners{[RoundedCorner{position=TopLeft, radius=113, center=Point(113, 113)}, RoundedCorner{position=TopRight, radius=113, center=Point(967, 113)}, RoundedCorner{position=BottomRight, radius=113, center=Point(967, 2227)}, RoundedCorner{position=BottomLeft, radius=113, center=Point(113, 2227)}]}  mRoundedCornerFrame=Rect(0, 0 - 1080, 2340), mPrivacyIndicatorBounds=PrivacyIndicatorBounds {static bounds=Rect(956, 0 - 1080, 97) rotation=0}, mDisplayShape=DisplayShape{ spec=-311912193 displayWidth=1080 displayHeight=2340 physicalPixelDisplaySizeRatio=1.0 rotation=0 offsetX=0 offsetY=0 scale=1.0}, mSources= { InsetsSource: {d29a0000 mType=statusBars mFrame=[0,0][1080,97] mAttachedInsets=null mVisible=true mFlags= mSideHint=TOP mBoundingRects=null}, InsetsSource: {d29a0005 mType=mandatorySystemGestures mFrame=[0,0][1080,116] mAttachedInsets=null mVisible=true mFlags= mSideHint=TOP mBoundingRects=null}, InsetsSource: {d29a0006 mType=tappableElement mFrame=[0,0][1080,97] mAttachedInsets=null mVisible=true mFlags= mSideHint=TOP mBoundingRects=null}, InsetsSource: {3 mType=ime mFrame=[0,1332][1080,2340] mAttachedInsets=null mVisible=false mFlags= mSideHint=BOTTOM mBoundingRects=null}, InsetsSource: {27 mType=displayCutout mFrame=[0,0][1080,82] mAttachedInsets=null mVisible=true mFlags= mSideHint=TOP mBoundingRects=null}, InsetsSource: {4b5d0001 mType=navigationBars mFrame=[0,2205][1080,2340] mAttachedInsets=null mVisible=true mFlags= mSideHint=BOTTOM mBoundingRects=null}, InsetsSource: {4b5d0004 mType=systemGestures mFrame=[0,0][0,0] mAttachedInsets=null mVisible=true mFlags= mSideHint=NONE mBoundingRects=null}, InsetsSource: {4b5d0005 mType=mandatorySystemGestures mFrame=[0,2205][1080,2340] mAttachedInsets=null mVisible=true mFlags= mSideHint=BOTTOM mBoundingRects=null}, InsetsSource: {4b5d0006 mType=tappableElement mFrame=[0,2205][1080,2340] mAttachedInsets=null mVisible=true mFlags= mSideHint=BOTTOM mBoundingRects=null}, InsetsSource: {4b5d0024 mType=systemGestures mFrame=[0,0][0,0] mAttachedInsets=null mVisible=true mFlags= mSideHint=NONE mBoundingRects=null} }
10-02 15:01:45.343 19752 19752 I VRI[MainActivity]@ba2ccdd: handleResized, frames=ClientWindowFrames{frame=[0,0][1080,2340] display=[0,0][1080,2340] parentFrame=[0,0][0,0]} displayId=0 dragResizing=false compatScale=1.0 frameChanged=false attachedFrameChanged=false configChanged=false displayChanged=false compatScaleChanged=false dragResizingChanged=false
10-02 15:01:45.346 19752 19977 I VRI[MainActivity]@ba2ccdd: mWNT: t=0xb400007b7867ca30 mBlastBufferQueue=0xb400007c57f142d0 fn= 6655 HdrRenderState mRenderHdrSdrRatio=1.0 caller= android.view.SyncRtSurfaceTransactionApplier.applyTransaction:102 android.view.SyncRtSurfaceTransactionApplier.lambda$scheduleApply$0:75 android.view.SyncRtSurfaceTransactionApplier.$r8$lambda$afI4fXg3U3-nBZQEDQMiNy-B06s:0 
10-02 15:01:45.367 19752 19752 I View    : setRequestedFrameRate frameRate=-4.0, this=android.view.View{fcdbddb V.ED..... ........ 0,0-0,0}, caller=androidx.compose.ui.platform.Api35Impl.setRequestedFrameRate:4047 androidx.compose.ui.platform.AndroidComposeView.dispatchDraw:2282 android.view.View.draw:26758 android.view.View.updateDisplayListIfDirty:25577 android.view.View.draw:26477 
10-02 15:01:45.368 19752 19752 I InsetsSourceConsumer: applyRequestedVisibilityToControl: visible=true, type=navigationBars, host=com.negi.survey.local/com.negi.survey.MainActivity
10-02 15:01:45.369 19752 19978 I VRI[MainActivity]@ba2ccdd: mWNT: t=0xb400007b78672850 mBlastBufferQueue=0xb400007c57f142d0 fn= 6656 HdrRenderState mRenderHdrSdrRatio=1.0 caller= android.view.SyncRtSurfaceTransactionApplier.applyTransaction:102 android.view.SyncRtSurfaceTransactionApplier.lambda$scheduleApply$0:75 android.view.SyncRtSurfaceTransactionApplier.$r8$lambda$afI4fXg3U3-nBZQEDQMiNy-B06s:0 
10-02 15:01:45.369 19752 19752 I ImeTracker: system_server:95d5f65f: onCancelled at PHASE_CLIENT_ON_CONTROLS_CHANGED
10-02 15:01:45.375 19752 19977 I VRI[MainActivity]@ba2ccdd: mWNT: t=0xb400007b7866c4e0 mBlastBufferQueue=0xb400007c57f142d0 fn= 6657 HdrRenderState mRenderHdrSdrRatio=1.0 caller= android.view.SyncRtSurfaceTransactionApplier.applyTransaction:102 android.view.SyncRtSurfaceTransactionApplier.lambda$scheduleApply$0:75 android.view.SyncRtSurfaceTransactionApplier.$r8$lambda$afI4fXg3U3-nBZQEDQMiNy-B06s:0 
10-02 15:01:45.397 19752 19978 I VRI[MainActivity]@ba2ccdd: mWNT: t=0xb400007b78678280 mBlastBufferQueue=0xb400007c57f142d0 fn= 6658 HdrRenderState mRenderHdrSdrRatio=1.0 caller= android.view.SyncRtSurfaceTransactionApplier.applyTransaction:102 android.view.SyncRtSurfaceTransactionApplier.lambda$scheduleApply$0:75 android.view.SyncRtSurfaceTransactionApplier.$r8$lambda$afI4fXg3U3-nBZQEDQMiNy-B06s:0 
10-02 15:01:45.412 19752 19977 I VRI[MainActivity]@ba2ccdd: mWNT: t=0xb400007b77f32290 mBlastBufferQueue=0xb400007c57f142d0 fn= 6659 HdrRenderState mRenderHdrSdrRatio=1.0 caller= android.view.SyncRtSurfaceTransactionApplier.applyTransaction:102 android.view.SyncRtSurfaceTransactionApplier.lambda$scheduleApply$0:75 android.view.SyncRtSurfaceTransactionApplier.$r8$lambda$afI4fXg3U3-nBZQEDQMiNy-B06s:0 
10-02 15:01:45.429 19752 19978 I VRI[MainActivity]@ba2ccdd: mWNT: t=0xb400007b78024400 mBlastBufferQueue=0xb400007c57f142d0 fn= 6660 HdrRenderState mRenderHdrSdrRatio=1.0 caller= android.view.SyncRtSurfaceTransactionApplier.applyTransaction:102 android.view.SyncRtSurfaceTransactionApplier.lambda$scheduleApply$0:75 android.view.SyncRtSurfaceTransactionApplier.$r8$lambda$afI4fXg3U3-nBZQEDQMiNy-B06s:0 
10-02 15:01:45.446 19752 19977 I VRI[MainActivity]@ba2ccdd: mWNT: t=0xb400007b78663580 mBlastBufferQueue=0xb400007c57f142d0 fn= 6661 HdrRenderState mRenderHdrSdrRatio=1.0 caller= android.view.SyncRtSurfaceTransactionApplier.applyTransaction:102 android.view.SyncRtSurfaceTransactionApplier.lambda$scheduleApply$0:75 android.view.SyncRtSurfaceTransactionApplier.$r8$lambda$afI4fXg3U3-nBZQEDQMiNy-B06s:0 
10-02 15:01:45.460 19752 19978 I VRI[MainActivity]@ba2ccdd: mWNT: t=0xb400007b7865dff0 mBlastBufferQueue=0xb400007c57f142d0 fn= 6662 HdrRenderState mRenderHdrSdrRatio=1.0 caller= android.view.SyncRtSurfaceTransactionApplier.applyTransaction:102 android.view.SyncRtSurfaceTransactionApplier.lambda$scheduleApply$0:75 android.view.SyncRtSurfaceTransactionApplier.$r8$lambda$afI4fXg3U3-nBZQEDQMiNy-B06s:0 
10-02 15:01:45.478 19752 19977 I VRI[MainActivity]@ba2ccdd: mWNT: t=0xb400007b78674660 mBlastBufferQueue=0xb400007c57f142d0 fn= 6663 HdrRenderState mRenderHdrSdrRatio=1.0 caller= android.view.SyncRtSurfaceTransactionApplier.applyTransaction:102 android.view.SyncRtSurfaceTransactionApplier.lambda$scheduleApply$0:75 android.view.SyncRtSurfaceTransactionApplier.$r8$lambda$afI4fXg3U3-nBZQEDQMiNy-B06s:0 
10-02 15:01:45.494 19752 19978 I VRI[MainActivity]@ba2ccdd: mWNT: t=0xb400007b7866c730 mBlastBufferQueue=0xb400007c57f142d0 fn= 6664 HdrRenderState mRenderHdrSdrRatio=1.0 caller= android.view.SyncRtSurfaceTransactionApplier.applyTransaction:102 android.view.SyncRtSurfaceTransactionApplier.lambda$scheduleApply$0:75 android.view.SyncRtSurfaceTransactionApplier.$r8$lambda$afI4fXg3U3-nBZQEDQMiNy-B06s:0 
10-02 15:01:45.511 19752 19977 I VRI[MainActivity]@ba2ccdd: mWNT: t=0xb400007b7865d210 mBlastBufferQueue=0xb400007c57f142d0 fn= 6665 HdrRenderState mRenderHdrSdrRatio=1.0 caller= android.view.SyncRtSurfaceTransactionApplier.applyTransaction:102 android.view.SyncRtSurfaceTransactionApplier.lambda$scheduleApply$0:75 android.view.SyncRtSurfaceTransactionApplier.$r8$lambda$afI4fXg3U3-nBZQEDQMiNy-B06s:0 
10-02 15:01:45.532 19752 19978 I VRI[MainActivity]@ba2ccdd: mWNT: t=0xb400007b77fe1550 mBlastBufferQueue=0xb400007c57f142d0 fn= 6666 HdrRenderState mRenderHdrSdrRatio=1.0 caller= android.view.SyncRtSurfaceTransactionApplier.applyTransaction:102 android.view.SyncRtSurfaceTransactionApplier.lambda$scheduleApply$0:75 android.view.SyncRtSurfaceTransactionApplier.$r8$lambda$afI4fXg3U3-nBZQEDQMiNy-B06s:0 
10-02 15:01:45.546 19752 19977 I VRI[MainActivity]@ba2ccdd: mWNT: t=0xb400007b78666860 mBlastBufferQueue=0xb400007c57f142d0 fn= 6667 HdrRenderState mRenderHdrSdrRatio=1.0 caller= android.view.SyncRtSurfaceTransactionApplier.applyTransaction:102 android.view.SyncRtSurfaceTransactionApplier.lambda$scheduleApply$0:75 android.view.SyncRtSurfaceTransactionApplier.$r8$lambda$afI4fXg3U3-nBZQEDQMiNy-B06s:0 
10-02 15:01:45.562 19752 19978 I VRI[MainActivity]@ba2ccdd: mWNT: t=0xb400007b78679750 mBlastBufferQueue=0xb400007c57f142d0 fn= 6668 HdrRenderState mRenderHdrSdrRatio=1.0 caller= android.view.SyncRtSurfaceTransactionApplier.applyTransaction:102 android.view.SyncRtSurfaceTransactionApplier.lambda$scheduleApply$0:75 android.view.SyncRtSurfaceTransactionApplier.$r8$lambda$afI4fXg3U3-nBZQEDQMiNy-B06s:0 
10-02 15:01:45.581 19752 19977 I VRI[MainActivity]@ba2ccdd: mWNT: t=0xb400007b78656c50 mBlastBufferQueue=0xb400007c57f142d0 fn= 6669 HdrRenderState mRenderHdrSdrRatio=1.0 caller= android.view.SyncRtSurfaceTransactionApplier.applyTransaction:102 android.view.SyncRtSurfaceTransactionApplier.lambda$scheduleApply$0:75 android.view.SyncRtSurfaceTransactionApplier.$r8$lambda$afI4fXg3U3-nBZQEDQMiNy-B06s:0 
10-02 15:01:45.596 19752 19978 I VRI[MainActivity]@ba2ccdd: mWNT: t=0xb400007b7866f7c0 mBlastBufferQueue=0xb400007c57f142d0 fn= 6670 HdrRenderState mRenderHdrSdrRatio=1.0 caller= android.view.SyncRtSurfaceTransactionApplier.applyTransaction:102 android.view.SyncRtSurfaceTransactionApplier.lambda$scheduleApply$0:75 android.view.SyncRtSurfaceTransactionApplier.$r8$lambda$afI4fXg3U3-nBZQEDQMiNy-B06s:0 
10-02 15:01:45.611 19752 19977 I VRI[MainActivity]@ba2ccdd: mWNT: t=0xb400007b78671a70 mBlastBufferQueue=0xb400007c57f142d0 fn= 6671 HdrRenderState mRenderHdrSdrRatio=1.0 caller= android.view.SyncRtSurfaceTransactionApplier.applyTransaction:102 android.view.SyncRtSurfaceTransactionApplier.lambda$scheduleApply$0:75 android.view.SyncRtSurfaceTransactionApplier.$r8$lambda$afI4fXg3U3-nBZQEDQMiNy-B06s:0 
10-02 15:01:45.628 19752 19978 I VRI[MainActivity]@ba2ccdd: mWNT: t=0xb400007b77f420f0 mBlastBufferQueue=0xb400007c57f142d0 fn= 6672 HdrRenderState mRenderHdrSdrRatio=1.0 caller= android.view.SyncRtSurfaceTransactionApplier.applyTransaction:102 android.view.SyncRtSurfaceTransactionApplier.lambda$scheduleApply$0:75 android.view.SyncRtSurfaceTransactionApplier.$r8$lambda$afI4fXg3U3-nBZQEDQMiNy-B06s:0 
10-02 15:01:45.650 19752 19977 I VRI[MainActivity]@ba2ccdd: mWNT: t=0xb400007b784aad00 mBlastBufferQueue=0xb400007c57f142d0 fn= 6673 HdrRenderState mRenderHdrSdrRatio=1.0 caller= android.view.SyncRtSurfaceTransactionApplier.applyTransaction:102 android.view.SyncRtSurfaceTransactionApplier.lambda$scheduleApply$0:75 android.view.SyncRtSurfaceTransactionApplier.$r8$lambda$afI4fXg3U3-nBZQEDQMiNy-B06s:0 
10-02 15:01:45.655 19752 19752 I View    : setRequestedFrameRate frameRate=NaN, this=android.view.View{fcdbddb V.ED..... ........ 0,0-0,0}, caller=androidx.compose.ui.platform.Api35Impl.setRequestedFrameRate:4047 androidx.compose.ui.platform.AndroidComposeView.dispatchDraw:2282 android.view.View.draw:26758 android.view.View.updateDisplayListIfDirty:25577 android.view.ViewGroup.recreateChildDisplayList:4881 
10-02 15:01:46.066 19752 19752 I InsetsController: onStateChanged: host=com.negi.survey.local/com.negi.survey.MainActivity, from=android.view.ViewRootImpl.onInsetsStateChanged:3038, state=InsetsState: {mDisplayFrame=Rect(0, 0 - 1080, 2340), mDisplayCutout=DisplayCutout{insets=Rect(0, 82 - 0, 0) waterfall=Insets{left=0, top=0, right=0, bottom=0} boundingRect={Bounds=[Rect(0, 0 - 0, 0), Rect(511, 24 - 569, 82), Rect(0, 0 - 0, 0), Rect(0, 0 - 0, 0)]} cutoutPathParserInfo={CutoutPathParserInfo{displayWidth=1080 displayHeight=2340 physicalDisplayWidth=1080 physicalDisplayHeight=2340 density={2.8125} cutoutSpec={M 0,0 M 0, 8.533333333333333 a 10.31111111111111,10.31111111111111 0 1,0 0,20.62222222222222 a 10.31111111111111,10.31111111111111 0 1,0 0,-20.62222222222222 Z @dp} rotation={0} scale={1.0} physicalPixelDisplaySizeRatio={1.0}}} sideOverrides={}}, mRoundedCorners=RoundedCorners{[RoundedCorner{position=TopLeft, radius=113, center=Point(113, 113)}, RoundedCorner{position=TopRight, radius=113, center=Point(967, 113)}, RoundedCorner{position=BottomRight, radius=113, center=Point(967, 2227)}, RoundedCorner{position=BottomLeft, radius=113, center=Point(113, 2227)}]}  mRoundedCornerFrame=Rect(0, 0 - 1080, 2340), mPrivacyIndicatorBounds=PrivacyIndicatorBounds {static bounds=Rect(956, 0 - 1080, 97) rotation=0}, mDisplayShape=DisplayShape{ spec=-311912193 displayWidth=1080 displayHeight=2340 physicalPixelDisplaySizeRatio=1.0 rotation=0 offsetX=0 offsetY=0 scale=1.0}, mSources= { InsetsSource: {d29a0000 mType=statusBars mFrame=[0,0][1080,97] mAttachedInsets=null mVisible=true mFlags= mSideHint=TOP mBoundingRects=null}, InsetsSource: {d29a0005 mType=mandatorySystemGestures mFrame=[0,0][1080,116] mAttachedInsets=null mVisible=true mFlags= mSideHint=TOP mBoundingRects=null}, InsetsSource: {d29a0006 mType=tappableElement mFrame=[0,0][1080,97] mAttachedInsets=null mVisible=true mFlags= mSideHint=TOP mBoundingRects=null}, InsetsSource: {3 mType=ime mFrame=[0,0][0,0] mAttachedInsets=null mVisible=false mFlags=INVALID mSideHint=NONE mBoundingRects=null}, InsetsSource: {27 mType=displayCutout mFrame=[0,0][1080,82] mAttachedInsets=null mVisible=true mFlags= mSideHint=TOP mBoundingRects=null}, InsetsSource: {4b5d0001 mType=navigationBars mFrame=[0,2205][1080,2340] mAttachedInsets=null mVisible=true mFlags= mSideHint=BOTTOM mBoundingRects=null}, InsetsSource: {4b5d0004 mType=systemGestures mFrame=[0,0][0,0] mAttachedInsets=null mVisible=true mFlags= mSideHint=NONE mBoundingRects=null}, InsetsSource: {4b5d0005 mType=mandatorySystemGestures mFrame=[0,2205][1080,2340] mAttachedInsets=null mVisible=true mFlags= mSideHint=BOTTOM mBoundingRects=null}, InsetsSource: {4b5d0006 mType=tappableElement mFrame=[0,2205][1080,2340] mAttachedInsets=null mVisible=true mFlags= mSideHint=BOTTOM mBoundingRects=null}, InsetsSource: {4b5d0024 mType=systemGestures mFrame=[0,0][0,0] mAttachedInsets=null mVisible=true mFlags= mSideHint=NONE mBoundingRects=null} }
10-02 15:01:46.067 19752 19752 I VRI[MainActivity]@ba2ccdd: handleResized, frames=ClientWindowFrames{frame=[0,0][1080,2340] display=[0,0][1080,2340] parentFrame=[0,0][0,0]} displayId=0 dragResizing=false compatScale=1.0 frameChanged=false attachedFrameChanged=false configChanged=false displayChanged=false compatScaleChanged=false dragResizingChanged=false
10-02 15:02:43.459 19752 19752 I VRI[MainActivity]@ba2ccdd: ViewPostIme pointer 0
10-02 15:02:43.466 19752 19752 I VRI[MainActivity]@ba2ccdd: call setFrameRateCategory for touch hint category=high hint, reason=touch, vri=VRI[MainActivity]@ba2ccdd
10-02 15:02:43.467 19752 19752 I VRI[MainActivity]@ba2ccdd: ViewPostIme pointer 1
10-02 15:02:43.472 19752 19752 D SurveyVM: push -> Q7, navSize=10, stackSize=10
10-02 15:02:43.480 19752 19752 D InputMethodManagerUtils: startInputInner - Id : 0
10-02 15:02:43.480 19752 19752 I InputMethodManager: startInputInner - IInputMethodManagerGlobalInvoker.startInputOrWindowGainedFocus
10-02 15:02:43.482 19752 19851 D InputTransport: Input channel constructed: 'ClientS', fd=158
10-02 15:02:43.492 19752 19752 I View    : setRequestedFrameRate frameRate=-4.0, this=android.view.View{fcdbddb V.ED..... ........ 0,0-0,0}, caller=androidx.compose.ui.platform.Api35Impl.setRequestedFrameRate:4047 androidx.compose.ui.platform.AndroidComposeView.dispatchDraw:2282 android.view.View.draw:26758 android.view.View.updateDisplayListIfDirty:25577 android.view.ViewGroup.recreateChildDisplayList:4881 
10-02 15:02:43.493 19752 19752 D WhisperSpeechController: updateContext: surveyId=e62d665e-992d-4f7a-833f-8c7e102fb2f6, questionId=Q7
10-02 15:02:43.514 19752 19752 D SurveyVM: hasTwoStepPrompt[Q7] -> true (eval=248, fu=273)
10-02 15:02:43.574 19752 19752 D WhisperSpeechController: updateContext: surveyId=e62d665e-992d-4f7a-833f-8c7e102fb2f6, questionId=Q7
10-02 15:02:43.588 19752 19752 I View    : setRequestedFrameRate frameRate=NaN, this=android.view.View{fcdbddb V.ED..... ........ 0,0-0,0}, caller=androidx.compose.ui.platform.Api35Impl.setRequestedFrameRate:4047 androidx.compose.ui.platform.AndroidComposeView.dispatchDraw:2282 android.view.View.draw:26758 android.view.View.updateDisplayListIfDirty:25577 android.view.ViewGroup.recreateChildDisplayList:4881 
10-02 15:02:43.684 19752 19752 D InputMethodManagerUtils: startInputInner - Id : 0
10-02 15:02:43.684 19752 19752 I InputMethodManager: startInputInner - IInputMethodManagerGlobalInvoker.startInputOrWindowGainedFocus
10-02 15:02:43.684 19752 19752 D InsetsController: show(ime())
10-02 15:02:43.684 19752 19752 I ImeTracker: com.negi.survey.local:334dba1a: onRequestShow at ORIGIN_CLIENT reason SHOW_SOFT_INPUT_BY_INSETS_API fromUser false
10-02 15:02:43.685 19752 19752 D InsetsController: Setting requestedVisibleTypes to 511 (was 503)
10-02 15:02:43.685 19752 19752 I InsetsController: setRequestedVisibleTypes: visible=true, mask=ime, host=com.negi.survey.local/com.negi.survey.MainActivity, from=android.view.InsetsController.controlAnimationUnchecked:1646 android.view.InsetsController.applyAnimation:2278 android.view.InsetsController.applyAnimation:2207 android.view.InsetsController.show:1498 android.view.InsetsController.show:1435 androidx.core.view.SoftwareKeyboardControllerCompat$Impl30.show:189 androidx.core.view.SoftwareKeyboardControllerCompat.show:70 androidx.compose.ui.text.input.InputMethodManagerImpl.showSoftInput:81 androidx.compose.ui.text.input.TextInputServiceAndroid.setKeyboardVisibleImmediately:468 androidx.compose.ui.text.input.TextInputServiceAndroid.processInputCommands:352 
10-02 15:02:43.700 19752 19984 D InputTransport: Input channel constructed: 'ClientS', fd=177
10-02 15:02:43.705 19752 19752 I AssistStructure: Flattened final assist data: 676 bytes, containing 1 windows, 4 views
10-02 15:02:43.706 19752 19752 I InputMethodManager_LC: showSoftInput(View,I)
10-02 15:02:43.706 19752 19752 I ImeTracker: com.negi.survey.local:906197ae: onRequestShow at ORIGIN_CLIENT reason SHOW_SOFT_INPUT fromUser false
10-02 15:02:43.706 19752 19752 I InputMethodManager_LC: ssi(): flags=0 view=com.negi.survey.local reason=SHOW_SOFT_INPUT
10-02 15:02:43.706 19752 19752 I InputMethodManager_LC: ssi() view is not EditText
10-02 15:02:43.706 19752 19752 D InsetsController: show(ime())
10-02 15:02:43.706 19752 19752 I ImeTracker: com.negi.survey.local:906197ae: onCancelled at PHASE_CLIENT_REPORT_REQUESTED_VISIBLE_TYPES
10-02 15:02:43.717 19752 19752 I VRI[MainActivity]@ba2ccdd: handleResized, frames=ClientWindowFrames{frame=[0,0][1080,2340] display=[0,0][1080,2340] parentFrame=[0,0][0,0]} displayId=0 dragResizing=false compatScale=1.0 frameChanged=false attachedFrameChanged=false configChanged=false displayChanged=false compatScaleChanged=false dragResizingChanged=false
10-02 15:02:43.726 19752 19752 I View    : setRequestedFrameRate frameRate=-4.0, this=android.view.View{fcdbddb V.ED..... ........ 0,0-0,0}, caller=androidx.compose.ui.platform.Api35Impl.setRequestedFrameRate:4047 androidx.compose.ui.platform.AndroidComposeView.dispatchDraw:2282 android.view.View.draw:26758 android.view.View.updateDisplayListIfDirty:25577 android.view.ViewGroup.recreateChildDisplayList:4881 
10-02 15:02:43.745 19752 19752 D WindowOnBackDispatcher: setTopOnBackInvokedCallback (unwrapped): android.view.ImeBackAnimationController@d88cdb2
10-02 15:02:43.769 19752 19752 I InsetsController: onStateChanged: host=com.negi.survey.local/com.negi.survey.MainActivity, from=android.view.ViewRootImpl.onInsetsStateChanged:3038, state=InsetsState: {mDisplayFrame=Rect(0, 0 - 1080, 2340), mDisplayCutout=DisplayCutout{insets=Rect(0, 82 - 0, 0) waterfall=Insets{left=0, top=0, right=0, bottom=0} boundingRect={Bounds=[Rect(0, 0 - 0, 0), Rect(511, 24 - 569, 82), Rect(0, 0 - 0, 0), Rect(0, 0 - 0, 0)]} cutoutPathParserInfo={CutoutPathParserInfo{displayWidth=1080 displayHeight=2340 physicalDisplayWidth=1080 physicalDisplayHeight=2340 density={2.8125} cutoutSpec={M 0,0 M 0, 8.533333333333333 a 10.31111111111111,10.31111111111111 0 1,0 0,20.62222222222222 a 10.31111111111111,10.31111111111111 0 1,0 0,-20.62222222222222 Z @dp} rotation={0} scale={1.0} physicalPixelDisplaySizeRatio={1.0}}} sideOverrides={}}, mRoundedCorners=RoundedCorners{[RoundedCorner{position=TopLeft, radius=113, center=Point(113, 113)}, RoundedCorner{position=TopRight, radius=113, center=Point(967, 113)}, RoundedCorner{position=BottomRight, radius=113, center=Point(967, 2227)}, RoundedCorner{position=BottomLeft, radius=113, center=Point(113, 2227)}]}  mRoundedCornerFrame=Rect(0, 0 - 1080, 2340), mPrivacyIndicatorBounds=PrivacyIndicatorBounds {static bounds=Rect(956, 0 - 1080, 97) rotation=0}, mDisplayShape=DisplayShape{ spec=-311912193 displayWidth=1080 displayHeight=2340 physicalPixelDisplaySizeRatio=1.0 rotation=0 offsetX=0 offsetY=0 scale=1.0}, mSources= { InsetsSource: {d29a0000 mType=statusBars mFrame=[0,0][1080,97] mAttachedInsets=null mVisible=true mFlags= mSideHint=TOP mBoundingRects=null}, InsetsSource: {d29a0005 mType=mandatorySystemGestures mFrame=[0,0][1080,116] mAttachedInsets=null mVisible=true mFlags= mSideHint=TOP mBoundingRects=null}, InsetsSource: {d29a0006 mType=tappableElement mFrame=[0,0][1080,97] mAttachedInsets=null mVisible=true mFlags= mSideHint=TOP mBoundingRects=null}, InsetsSource: {3 mType=ime mFrame=[0,1332][1080,2340] mAttachedInsets=null mVisible=true mFlags= mSideHint=BOTTOM mBoundingRects=null}, InsetsSource: {27 mType=displayCutout mFrame=[0,0][1080,82] mAttachedInsets=null mVisible=true mFlags= mSideHint=TOP mBoundingRects=null}, InsetsSource: {4b5d0001 mType=navigationBars mFrame=[0,2205][1080,2340] mAttachedInsets=null mVisible=true mFlags= mSideHint=BOTTOM mBoundingRects=null}, InsetsSource: {4b5d0004 mType=systemGestures mFrame=[0,0][0,0] mAttachedInsets=null mVisible=true mFlags= mSideHint=NONE mBoundingRects=null}, InsetsSource: {4b5d0005 mType=mandatorySystemGestures mFrame=[0,2205][1080,2340] mAttachedInsets=null mVisible=true mFlags= mSideHint=BOTTOM mBoundingRects=null}, InsetsSource: {4b5d0006 mType=tappableElement mFrame=[0,2205][1080,2340] mAttachedInsets=null mVisible=true mFlags= mSideHint=BOTTOM mBoundingRects=null}, InsetsSource: {4b5d0024 mType=systemGestures mFrame=[0,0][0,0] mAttachedInsets=null mVisible=true mFlags= mSideHint=NONE mBoundingRects=null} }
10-02 15:02:43.769 19752 19752 I VRI[MainActivity]@ba2ccdd: handleResized, frames=ClientWindowFrames{frame=[0,0][1080,2340] display=[0,0][1080,2340] parentFrame=[0,0][0,0]} displayId=0 dragResizing=false compatScale=1.0 frameChanged=false attachedFrameChanged=false configChanged=false displayChanged=false compatScaleChanged=false dragResizingChanged=false
10-02 15:02:43.777 19752 19752 I InsetsController: onStateChanged: host=com.negi.survey.local/com.negi.survey.MainActivity, from=android.view.ViewRootImpl.onInsetsStateChanged:3038, state=InsetsState: {mDisplayFrame=Rect(0, 0 - 1080, 2340), mDisplayCutout=DisplayCutout{insets=Rect(0, 82 - 0, 0) waterfall=Insets{left=0, top=0, right=0, bottom=0} boundingRect={Bounds=[Rect(0, 0 - 0, 0), Rect(511, 24 - 569, 82), Rect(0, 0 - 0, 0), Rect(0, 0 - 0, 0)]} cutoutPathParserInfo={CutoutPathParserInfo{displayWidth=1080 displayHeight=2340 physicalDisplayWidth=1080 physicalDisplayHeight=2340 density={2.8125} cutoutSpec={M 0,0 M 0, 8.533333333333333 a 10.31111111111111,10.31111111111111 0 1,0 0,20.62222222222222 a 10.31111111111111,10.31111111111111 0 1,0 0,-20.62222222222222 Z @dp} rotation={0} scale={1.0} physicalPixelDisplaySizeRatio={1.0}}} sideOverrides={}}, mRoundedCorners=RoundedCorners{[RoundedCorner{position=TopLeft, radius=113, center=Point(113, 113)}, RoundedCorner{position=TopRight, radius=113, center=Point(967, 113)}, RoundedCorner{position=BottomRight, radius=113, center=Point(967, 2227)}, RoundedCorner{position=BottomLeft, radius=113, center=Point(113, 2227)}]}  mRoundedCornerFrame=Rect(0, 0 - 1080, 2340), mPrivacyIndicatorBounds=PrivacyIndicatorBounds {static bounds=Rect(956, 0 - 1080, 97) rotation=0}, mDisplayShape=DisplayShape{ spec=-311912193 displayWidth=1080 displayHeight=2340 physicalPixelDisplaySizeRatio=1.0 rotation=0 offsetX=0 offsetY=0 scale=1.0}, mSources= { InsetsSource: {d29a0000 mType=statusBars mFrame=[0,0][1080,97] mAttachedInsets=null mVisible=true mFlags= mSideHint=TOP mBoundingRects=null}, InsetsSource: {d29a0005 mType=mandatorySystemGestures mFrame=[0,0][1080,116] mAttachedInsets=null mVisible=true mFlags= mSideHint=TOP mBoundingRects=null}, InsetsSource: {d29a0006 mType=tappableElement mFrame=[0,0][1080,97] mAttachedInsets=null mVisible=true mFlags= mSideHint=TOP mBoundingRects=null}, InsetsSource: {3 mType=ime mFrame=[0,1332][1080,2340] mAttachedInsets=null mVisible=true mFlags= mSideHint=BOTTOM mBoundingRects=null}, InsetsSource: {27 mType=displayCutout mFrame=[0,0][1080,82] mAttachedInsets=null mVisible=true mFlags= mSideHint=TOP mBoundingRects=null}, InsetsSource: {4b5d0001 mType=navigationBars mFrame=[0,2205][1080,2340] mAttachedInsets=null mVisible=true mFlags= mSideHint=BOTTOM mBoundingRects=null}, InsetsSource: {4b5d0004 mType=systemGestures mFrame=[0,0][0,0] mAttachedInsets=null mVisible=true mFlags= mSideHint=NONE mBoundingRects=null}, InsetsSource: {4b5d0005 mType=mandatorySystemGestures mFrame=[0,2205][1080,2340] mAttachedInsets=null mVisible=true mFlags= mSideHint=BOTTOM mBoundingRects=null}, InsetsSource: {4b5d0006 mType=tappableElement mFrame=[0,2205][1080,2340] mAttachedInsets=null mVisible=true mFlags= mSideHint=BOTTOM mBoundingRects=null}, InsetsSource: {4b5d0024 mType=systemGestures mFrame=[0,0][0,0] mAttachedInsets=null mVisible=true mFlags= mSideHint=NONE mBoundingRects=null} }
10-02 15:02:43.783 19752 19752 D VRI[MainActivity]@ba2ccdd: WindowInsets changed: ime:[0,0,0,1008] 
10-02 15:02:43.784 19752 19752 I BLASTBufferQueue_Java: update, w= 1080 h= 2340 mName = VRI[MainActivity]@ba2ccdd mNativeObject= 0xb400007c57f142d0 sc.mNativeObject= 0xb400007ba7ee7d10 format= -1 caller= android.view.ViewRootImpl.updateBlastSurfaceIfNeeded:3592 android.view.ViewRootImpl.relayoutWindow:11813 android.view.ViewRootImpl.performTraversals:4840 android.view.ViewRootImpl.doTraversal:3959 android.view.ViewRootImpl$TraversalRunnable.run:13034 android.view.Choreographer$CallbackRecord.run:1961 
10-02 15:02:43.784 19752 19752 I VRI[MainActivity]@ba2ccdd: Relayout returned: old=(0,0,1080,2340) new=(0,0,1080,2340) relayoutAsync=true req=(1080,2340)0 dur=0 res=0x0 s={true 0xb400007b97f0de20} ch=false seqId=0
10-02 15:02:43.785 19752 19752 I VRI[MainActivity]@ba2ccdd: registerCallbackForPendingTransactions
10-02 15:02:43.787 19752 19978 I VRI[MainActivity]@ba2ccdd: mWNT: t=0xb400007b78679bf0 mBlastBufferQueue=0xb400007c57f142d0 fn= 6813 HdrRenderState mRenderHdrSdrRatio=1.0 caller= android.view.SyncRtSurfaceTransactionApplier.applyTransaction:102 android.view.SyncRtSurfaceTransactionApplier.lambda$scheduleApply$0:75 android.view.SyncRtSurfaceTransactionApplier.$r8$lambda$afI4fXg3U3-nBZQEDQMiNy-B06s:0 
10-02 15:02:43.787 19752 19978 I VRI[MainActivity]@ba2ccdd: mWNT: t=0xb400007b7867e150 mBlastBufferQueue=0xb400007c57f142d0 fn= 6813 HdrRenderState mRenderHdrSdrRatio=1.0 caller= android.view.ViewRootImpl$10.onFrameDraw:6615 android.view.ViewRootImpl$4.onFrameDraw:2485 android.view.ThreadedRenderer$1.onFrameDraw:751 
10-02 15:02:43.794 19752 19977 I VRI[MainActivity]@ba2ccdd: mWNT: t=0xb400007b78671cc0 mBlastBufferQueue=0xb400007c57f142d0 fn= 6814 HdrRenderState mRenderHdrSdrRatio=1.0 caller= android.view.SyncRtSurfaceTransactionApplier.applyTransaction:102 android.view.SyncRtSurfaceTransactionApplier.lambda$scheduleApply$0:75 android.view.SyncRtSurfaceTransactionApplier.$r8$lambda$afI4fXg3U3-nBZQEDQMiNy-B06s:0 
10-02 15:02:43.805 19752 19978 I VRI[MainActivity]@ba2ccdd: mWNT: t=0xb400007b7865cd70 mBlastBufferQueue=0xb400007c57f142d0 fn= 6815 HdrRenderState mRenderHdrSdrRatio=1.0 caller= android.view.SyncRtSurfaceTransactionApplier.applyTransaction:102 android.view.SyncRtSurfaceTransactionApplier.lambda$scheduleApply$0:75 android.view.SyncRtSurfaceTransactionApplier.$r8$lambda$afI4fXg3U3-nBZQEDQMiNy-B06s:0 
10-02 15:02:43.814 19752 19977 I VRI[MainActivity]@ba2ccdd: mWNT: t=0xb400007b78681fc0 mBlastBufferQueue=0xb400007c57f142d0 fn= 6816 HdrRenderState mRenderHdrSdrRatio=1.0 caller= android.view.SyncRtSurfaceTransactionApplier.applyTransaction:102 android.view.SyncRtSurfaceTransactionApplier.lambda$scheduleApply$0:75 android.view.SyncRtSurfaceTransactionApplier.$r8$lambda$afI4fXg3U3-nBZQEDQMiNy-B06s:0 
10-02 15:02:43.823 19752 19978 I VRI[MainActivity]@ba2ccdd: mWNT: t=0xb400007b78680650 mBlastBufferQueue=0xb400007c57f142d0 fn= 6817 HdrRenderState mRenderHdrSdrRatio=1.0 caller= android.view.SyncRtSurfaceTransactionApplier.applyTransaction:102 android.view.SyncRtSurfaceTransactionApplier.lambda$scheduleApply$0:75 android.view.SyncRtSurfaceTransactionApplier.$r8$lambda$afI4fXg3U3-nBZQEDQMiNy-B06s:0 
10-02 15:02:43.833 19752 19977 I VRI[MainActivity]@ba2ccdd: mWNT: t=0xb400007b7866f7c0 mBlastBufferQueue=0xb400007c57f142d0 fn= 6818 HdrRenderState mRenderHdrSdrRatio=1.0 caller= android.view.SyncRtSurfaceTransactionApplier.applyTransaction:102 android.view.SyncRtSurfaceTransactionApplier.lambda$scheduleApply$0:75 android.view.SyncRtSurfaceTransactionApplier.$r8$lambda$afI4fXg3U3-nBZQEDQMiNy-B06s:0 
10-02 15:02:43.844 19752 19978 I VRI[MainActivity]@ba2ccdd: mWNT: t=0xb400007b786801b0 mBlastBufferQueue=0xb400007c57f142d0 fn= 6820 HdrRenderState mRenderHdrSdrRatio=1.0 caller= android.view.SyncRtSurfaceTransactionApplier.applyTransaction:102 android.view.SyncRtSurfaceTransactionApplier.lambda$scheduleApply$0:75 android.view.SyncRtSurfaceTransactionApplier.$r8$lambda$afI4fXg3U3-nBZQEDQMiNy-B06s:0 
10-02 15:02:43.853 19752 19977 I VRI[MainActivity]@ba2ccdd: mWNT: t=0xb400007b78682460 mBlastBufferQueue=0xb400007c57f142d0 fn= 6821 HdrRenderState mRenderHdrSdrRatio=1.0 caller= android.view.SyncRtSurfaceTransactionApplier.applyTransaction:102 android.view.SyncRtSurfaceTransactionApplier.lambda$scheduleApply$0:75 android.view.SyncRtSurfaceTransactionApplier.$r8$lambda$afI4fXg3U3-nBZQEDQMiNy-B06s:0 
10-02 15:02:43.862 19752 19978 I VRI[MainActivity]@ba2ccdd: mWNT: t=0xb400007b78673630 mBlastBufferQueue=0xb400007c57f142d0 fn= 6822 HdrRenderState mRenderHdrSdrRatio=1.0 caller= android.view.SyncRtSurfaceTransactionApplier.applyTransaction:102 android.view.SyncRtSurfaceTransactionApplier.lambda$scheduleApply$0:75 android.view.SyncRtSurfaceTransactionApplier.$r8$lambda$afI4fXg3U3-nBZQEDQMiNy-B06s:0 
10-02 15:02:43.872 19752 19977 I VRI[MainActivity]@ba2ccdd: mWNT: t=0xb400007b7866c290 mBlastBufferQueue=0xb400007c57f142d0 fn= 6823 HdrRenderState mRenderHdrSdrRatio=1.0 caller= android.view.SyncRtSurfaceTransactionApplier.applyTransaction:102 android.view.SyncRtSurfaceTransactionApplier.lambda$scheduleApply$0:75 android.view.SyncRtSurfaceTransactionApplier.$r8$lambda$afI4fXg3U3-nBZQEDQMiNy-B06s:0 
10-02 15:02:43.882 19752 19978 I VRI[MainActivity]@ba2ccdd: mWNT: t=0xb400007b78681b20 mBlastBufferQueue=0xb400007c57f142d0 fn= 6824 HdrRenderState mRenderHdrSdrRatio=1.0 caller= android.view.SyncRtSurfaceTransactionApplier.applyTransaction:102 android.view.SyncRtSurfaceTransactionApplier.lambda$scheduleApply$0:75 android.view.SyncRtSurfaceTransactionApplier.$r8$lambda$afI4fXg3U3-nBZQEDQMiNy-B06s:0 
10-02 15:02:43.890 19752 19977 I VRI[MainActivity]@ba2ccdd: mWNT: t=0xb400007b78684020 mBlastBufferQueue=0xb400007c57f142d0 fn= 6825 HdrRenderState mRenderHdrSdrRatio=1.0 caller= android.view.SyncRtSurfaceTransactionApplier.applyTransaction:102 android.view.SyncRtSurfaceTransactionApplier.lambda$scheduleApply$0:75 android.view.SyncRtSurfaceTransactionApplier.$r8$lambda$afI4fXg3U3-nBZQEDQMiNy-B06s:0 
10-02 15:02:43.897 19752 19978 I VRI[MainActivity]@ba2ccdd: mWNT: t=0xb400007b77f0c950 mBlastBufferQueue=0xb400007c57f142d0 fn= 6825 HdrRenderState mRenderHdrSdrRatio=1.0 caller= android.view.SyncRtSurfaceTransactionApplier.applyTransaction:102 android.view.SyncRtSurfaceTransactionApplier.lambda$scheduleApply$0:75 android.view.SyncRtSurfaceTransactionApplier.$r8$lambda$afI4fXg3U3-nBZQEDQMiNy-B06s:0 
10-02 15:02:43.903 19752 19977 I VRI[MainActivity]@ba2ccdd: mWNT: t=0xb400007b7867e5f0 mBlastBufferQueue=0xb400007c57f142d0 fn= 6826 HdrRenderState mRenderHdrSdrRatio=1.0 caller= android.view.SyncRtSurfaceTransactionApplier.applyTransaction:102 android.view.SyncRtSurfaceTransactionApplier.lambda$scheduleApply$0:75 android.view.SyncRtSurfaceTransactionApplier.$r8$lambda$afI4fXg3U3-nBZQEDQMiNy-B06s:0 
10-02 15:02:43.912 19752 19978 I VRI[MainActivity]@ba2ccdd: mWNT: t=0xb400007b7867ff60 mBlastBufferQueue=0xb400007c57f142d0 fn= 6827 HdrRenderState mRenderHdrSdrRatio=1.0 caller= android.view.SyncRtSurfaceTransactionApplier.applyTransaction:102 android.view.SyncRtSurfaceTransactionApplier.lambda$scheduleApply$0:75 android.view.SyncRtSurfaceTransactionApplier.$r8$lambda$afI4fXg3U3-nBZQEDQMiNy-B06s:0 
10-02 15:02:43.920 19752 19977 I VRI[MainActivity]@ba2ccdd: mWNT: t=0xb400007b78682210 mBlastBufferQueue=0xb400007c57f142d0 fn= 6828 HdrRenderState mRenderHdrSdrRatio=1.0 caller= android.view.SyncRtSurfaceTransactionApplier.applyTransaction:102 android.view.SyncRtSurfaceTransactionApplier.lambda$scheduleApply$0:75 android.view.SyncRtSurfaceTransactionApplier.$r8$lambda$afI4fXg3U3-nBZQEDQMiNy-B06s:0 
10-02 15:02:43.929 19752 19978 I VRI[MainActivity]@ba2ccdd: mWNT: t=0xb400007b7867f3d0 mBlastBufferQueue=0xb400007c57f142d0 fn= 6829 HdrRenderState mRenderHdrSdrRatio=1.0 caller= android.view.SyncRtSurfaceTransactionApplier.applyTransaction:102 android.view.SyncRtSurfaceTransactionApplier.lambda$scheduleApply$0:75 android.view.SyncRtSurfaceTransactionApplier.$r8$lambda$afI4fXg3U3-nBZQEDQMiNy-B06s:0 
10-02 15:02:43.936 19752 19977 I VRI[MainActivity]@ba2ccdd: mWNT: t=0xb400007b7867fac0 mBlastBufferQueue=0xb400007c57f142d0 fn= 6830 HdrRenderState mRenderHdrSdrRatio=1.0 caller= android.view.SyncRtSurfaceTransactionApplier.applyTransaction:102 android.view.SyncRtSurfaceTransactionApplier.lambda$scheduleApply$0:75 android.view.SyncRtSurfaceTransactionApplier.$r8$lambda$afI4fXg3U3-nBZQEDQMiNy-B06s:0 
10-02 15:02:43.945 19752 19978 I VRI[MainActivity]@ba2ccdd: mWNT: t=0xb400007b78680400 mBlastBufferQueue=0xb400007c57f142d0 fn= 6831 HdrRenderState mRenderHdrSdrRatio=1.0 caller= android.view.SyncRtSurfaceTransactionApplier.applyTransaction:102 android.view.SyncRtSurfaceTransactionApplier.lambda$scheduleApply$0:75 android.view.SyncRtSurfaceTransactionApplier.$r8$lambda$afI4fXg3U3-nBZQEDQMiNy-B06s:0 
10-02 15:02:43.953 19752 19977 I VRI[MainActivity]@ba2ccdd: mWNT: t=0xb400007b78670350 mBlastBufferQueue=0xb400007c57f142d0 fn= 6832 HdrRenderState mRenderHdrSdrRatio=1.0 caller= android.view.SyncRtSurfaceTransactionApplier.applyTransaction:102 android.view.SyncRtSurfaceTransactionApplier.lambda$scheduleApply$0:75 android.view.SyncRtSurfaceTransactionApplier.$r8$lambda$afI4fXg3U3-nBZQEDQMiNy-B06s:0 
10-02 15:02:43.961 19752 19978 I VRI[MainActivity]@ba2ccdd: mWNT: t=0xb400007b78684bb0 mBlastBufferQueue=0xb400007c57f142d0 fn= 6833 HdrRenderState mRenderHdrSdrRatio=1.0 caller= android.view.SyncRtSurfaceTransactionApplier.applyTransaction:102 android.view.SyncRtSurfaceTransactionApplier.lambda$scheduleApply$0:75 android.view.SyncRtSurfaceTransactionApplier.$r8$lambda$afI4fXg3U3-nBZQEDQMiNy-B06s:0 
10-02 15:02:43.970 19752 19977 I VRI[MainActivity]@ba2ccdd: mWNT: t=0xb400007b78683490 mBlastBufferQueue=0xb400007c57f142d0 fn= 6834 HdrRenderState mRenderHdrSdrRatio=1.0 caller= android.view.SyncRtSurfaceTransactionApplier.applyTransaction:102 android.view.SyncRtSurfaceTransactionApplier.lambda$scheduleApply$0:75 android.view.SyncRtSurfaceTransactionApplier.$r8$lambda$afI4fXg3U3-nBZQEDQMiNy-B06s:0 
10-02 15:02:43.978 19752 19978 I VRI[MainActivity]@ba2ccdd: mWNT: t=0xb400007b78676db0 mBlastBufferQueue=0xb400007c57f142d0 fn= 6835 HdrRenderState mRenderHdrSdrRatio=1.0 caller= android.view.SyncRtSurfaceTransactionApplier.applyTransaction:102 android.view.SyncRtSurfaceTransactionApplier.lambda$scheduleApply$0:75 android.view.SyncRtSurfaceTransactionApplier.$r8$lambda$afI4fXg3U3-nBZQEDQMiNy-B06s:0 
10-02 15:02:43.986 19752 19977 I VRI[MainActivity]@ba2ccdd: mWNT: t=0xb400007b77efe900 mBlastBufferQueue=0xb400007c57f142d0 fn= 6836 HdrRenderState mRenderHdrSdrRatio=1.0 caller= android.view.SyncRtSurfaceTransactionApplier.applyTransaction:102 android.view.SyncRtSurfaceTransactionApplier.lambda$scheduleApply$0:75 android.view.SyncRtSurfaceTransactionApplier.$r8$lambda$afI4fXg3U3-nBZQEDQMiNy-B06s:0 
10-02 15:02:43.995 19752 19978 I VRI[MainActivity]@ba2ccdd: mWNT: t=0xb400007b78655530 mBlastBufferQueue=0xb400007c57f142d0 fn= 6837 HdrRenderState mRenderHdrSdrRatio=1.0 caller= android.view.SyncRtSurfaceTransactionApplier.applyTransaction:102 android.view.SyncRtSurfaceTransactionApplier.lambda$scheduleApply$0:75 android.view.SyncRtSurfaceTransactionApplier.$r8$lambda$afI4fXg3U3-nBZQEDQMiNy-B06s:0 
10-02 15:02:44.003 19752 19977 I VRI[MainActivity]@ba2ccdd: mWNT: t=0xb400007b78672850 mBlastBufferQueue=0xb400007c57f142d0 fn= 6838 HdrRenderState mRenderHdrSdrRatio=1.0 caller= android.view.SyncRtSurfaceTransactionApplier.applyTransaction:102 android.view.SyncRtSurfaceTransactionApplier.lambda$scheduleApply$0:75 android.view.SyncRtSurfaceTransactionApplier.$r8$lambda$afI4fXg3U3-nBZQEDQMiNy-B06s:0 
10-02 15:02:44.011 19752 19978 I VRI[MainActivity]@ba2ccdd: mWNT: t=0xb400007b78666170 mBlastBufferQueue=0xb400007c57f142d0 fn= 6839 HdrRenderState mRenderHdrSdrRatio=1.0 caller= android.view.SyncRtSurfaceTransactionApplier.applyTransaction:102 android.view.SyncRtSurfaceTransactionApplier.lambda$scheduleApply$0:75 android.view.SyncRtSurfaceTransactionApplier.$r8$lambda$afI4fXg3U3-nBZQEDQMiNy-B06s:0 
10-02 15:02:44.019 19752 19977 I VRI[MainActivity]@ba2ccdd: mWNT: t=0xb400007b78681d70 mBlastBufferQueue=0xb400007c57f142d0 fn= 6840 HdrRenderState mRenderHdrSdrRatio=1.0 caller= android.view.SyncRtSurfaceTransactionApplier.applyTransaction:102 android.view.SyncRtSurfaceTransactionApplier.lambda$scheduleApply$0:75 android.view.SyncRtSurfaceTransactionApplier.$r8$lambda$afI4fXg3U3-nBZQEDQMiNy-B06s:0 
10-02 15:02:44.028 19752 19978 I VRI[MainActivity]@ba2ccdd: mWNT: t=0xb400007b78026460 mBlastBufferQueue=0xb400007c57f142d0 fn= 6841 HdrRenderState mRenderHdrSdrRatio=1.0 caller= android.view.SyncRtSurfaceTransactionApplier.applyTransaction:102 android.view.SyncRtSurfaceTransactionApplier.lambda$scheduleApply$0:75 android.view.SyncRtSurfaceTransactionApplier.$r8$lambda$afI4fXg3U3-nBZQEDQMiNy-B06s:0 
10-02 15:02:44.036 19752 19977 I VRI[MainActivity]@ba2ccdd: mWNT: t=0xb400007b7866e0a0 mBlastBufferQueue=0xb400007c57f142d0 fn= 6842 HdrRenderState mRenderHdrSdrRatio=1.0 caller= android.view.SyncRtSurfaceTransactionApplier.applyTransaction:102 android.view.SyncRtSurfaceTransactionApplier.lambda$scheduleApply$0:75 android.view.SyncRtSurfaceTransactionApplier.$r8$lambda$afI4fXg3U3-nBZQEDQMiNy-B06s:0 
10-02 15:02:44.045 19752 19978 I VRI[MainActivity]@ba2ccdd: mWNT: t=0xb400007b786715d0 mBlastBufferQueue=0xb400007c57f142d0 fn= 6843 HdrRenderState mRenderHdrSdrRatio=1.0 caller= android.view.SyncRtSurfaceTransactionApplier.applyTransaction:102 android.view.SyncRtSurfaceTransactionApplier.lambda$scheduleApply$0:75 android.view.SyncRtSurfaceTransactionApplier.$r8$lambda$afI4fXg3U3-nBZQEDQMiNy-B06s:0 
10-02 15:02:44.053 19752 19977 I VRI[MainActivity]@ba2ccdd: mWNT: t=0xb400007b78683240 mBlastBufferQueue=0xb400007c57f142d0 fn= 6844 HdrRenderState mRenderHdrSdrRatio=1.0 caller= android.view.SyncRtSurfaceTransactionApplier.applyTransaction:102 android.view.SyncRtSurfaceTransactionApplier.lambda$scheduleApply$0:75 android.view.SyncRtSurfaceTransactionApplier.$r8$lambda$afI4fXg3U3-nBZQEDQMiNy-B06s:0 
10-02 15:02:44.061 19752 19978 I VRI[MainActivity]@ba2ccdd: mWNT: t=0xb400007b786602a0 mBlastBufferQueue=0xb400007c57f142d0 fn= 6845 HdrRenderState mRenderHdrSdrRatio=1.0 caller= android.view.SyncRtSurfaceTransactionApplier.applyTransaction:102 android.view.SyncRtSurfaceTransactionApplier.lambda$scheduleApply$0:75 android.view.SyncRtSurfaceTransactionApplier.$r8$lambda$afI4fXg3U3-nBZQEDQMiNy-B06s:0 
10-02 15:02:44.070 19752 19977 I VRI[MainActivity]@ba2ccdd: mWNT: t=0xb400007b77f32290 mBlastBufferQueue=0xb400007c57f142d0 fn= 6846 HdrRenderState mRenderHdrSdrRatio=1.0 caller= android.view.SyncRtSurfaceTransactionApplier.applyTransaction:102 android.view.SyncRtSurfaceTransactionApplier.lambda$scheduleApply$0:75 android.view.SyncRtSurfaceTransactionApplier.$r8$lambda$afI4fXg3U3-nBZQEDQMiNy-B06s:0 
10-02 15:02:44.077 19752 19978 I VRI[MainActivity]@ba2ccdd: mWNT: t=0xb400007b7866e9e0 mBlastBufferQueue=0xb400007c57f142d0 fn= 6847 HdrRenderState mRenderHdrSdrRatio=1.0 caller= android.view.SyncRtSurfaceTransactionApplier.applyTransaction:102 android.view.SyncRtSurfaceTransactionApplier.lambda$scheduleApply$0:75 android.view.SyncRtSurfaceTransactionApplier.$r8$lambda$afI4fXg3U3-nBZQEDQMiNy-B06s:0 
10-02 15:02:44.086 19752 19977 I VRI[MainActivity]@ba2ccdd: mWNT: t=0xb400007b78671cc0 mBlastBufferQueue=0xb400007c57f142d0 fn= 6848 HdrRenderState mRenderHdrSdrRatio=1.0 caller= android.view.SyncRtSurfaceTransactionApplier.applyTransaction:102 android.view.SyncRtSurfaceTransactionApplier.lambda$scheduleApply$0:75 android.view.SyncRtSurfaceTransactionApplier.$r8$lambda$afI4fXg3U3-nBZQEDQMiNy-B06s:0 
10-02 15:02:44.095 19752 19978 I VRI[MainActivity]@ba2ccdd: mWNT: t=0xb400007b77f42ed0 mBlastBufferQueue=0xb400007c57f142d0 fn= 6849 HdrRenderState mRenderHdrSdrRatio=1.0 caller= android.view.SyncRtSurfaceTransactionApplier.applyTransaction:102 android.view.SyncRtSurfaceTransactionApplier.lambda$scheduleApply$0:75 android.view.SyncRtSurfaceTransactionApplier.$r8$lambda$afI4fXg3U3-nBZQEDQMiNy-B06s:0 
10-02 15:02:44.102 19752 19977 I VRI[MainActivity]@ba2ccdd: mWNT: t=0xb400007b7867f180 mBlastBufferQueue=0xb400007c57f142d0 fn= 6850 HdrRenderState mRenderHdrSdrRatio=1.0 caller= android.view.SyncRtSurfaceTransactionApplier.applyTransaction:102 android.view.SyncRtSurfaceTransactionApplier.lambda$scheduleApply$0:75 android.view.SyncRtSurfaceTransactionApplier.$r8$lambda$afI4fXg3U3-nBZQEDQMiNy-B06s:0 
10-02 15:02:44.119 19752 19978 I VRI[MainActivity]@ba2ccdd: mWNT: t=0xb400007b78025430 mBlastBufferQueue=0xb400007c57f142d0 fn= 6851 HdrRenderState mRenderHdrSdrRatio=1.0 caller= android.view.SyncRtSurfaceTransactionApplier.applyTransaction:102 android.view.SyncRtSurfaceTransactionApplier.lambda$scheduleApply$0:75 android.view.SyncRtSurfaceTransactionApplier.$r8$lambda$afI4fXg3U3-nBZQEDQMiNy-B06s:0 
10-02 15:02:44.121 19752 19838 D InputTransport: Input channel destroyed: 'ClientS', fd=177
10-02 15:02:44.122 19752 19838 D InputTransport: Input channel destroyed: 'ClientS', fd=158
10-02 15:02:44.123 19752 19838 D InputTransport: Input channel destroyed: 'ClientS', fd=152
10-02 15:02:44.123 19752 19838 D InputTransport: Input channel destroyed: 'ClientS', fd=161
10-02 15:02:44.123 19752 19838 D InputTransport: Input channel destroyed: 'ClientS', fd=162
10-02 15:02:44.124 19752 19838 D InputTransport: Input channel destroyed: 'ClientS', fd=116
10-02 15:02:44.124 19752 19838 D InputTransport: Input channel destroyed: 'ClientS', fd=167
10-02 15:02:44.124 19752 19838 D InputTransport: Input channel destroyed: 'ClientS', fd=155
10-02 15:02:44.124 19752 19838 D InputTransport: Input channel destroyed: 'ClientS', fd=160
10-02 15:02:44.125 19752 19838 D InputTransport: Input channel destroyed: 'ClientS', fd=192
10-02 15:02:44.125 19752 19838 D InputTransport: Input channel destroyed: 'ClientS', fd=190
10-02 15:02:44.126 19752 19977 I VRI[MainActivity]@ba2ccdd: mWNT: t=0xb400007b786836e0 mBlastBufferQueue=0xb400007c57f142d0 fn= 6852 HdrRenderState mRenderHdrSdrRatio=1.0 caller= android.view.SyncRtSurfaceTransactionApplier.applyTransaction:102 android.view.SyncRtSurfaceTransactionApplier.lambda$scheduleApply$0:75 android.view.SyncRtSurfaceTransactionApplier.$r8$lambda$afI4fXg3U3-nBZQEDQMiNy-B06s:0 
10-02 15:02:44.128 19752 19752 I View    : setRequestedFrameRate frameRate=NaN, this=android.view.View{fcdbddb V.ED..... ........ 0,0-0,0}, caller=androidx.compose.ui.platform.Api35Impl.setRequestedFrameRate:4047 androidx.compose.ui.platform.AndroidComposeView.dispatchDraw:2282 android.view.View.draw:26758 android.view.View.updateDisplayListIfDirty:25577 android.view.ViewGroup.recreateChildDisplayList:4881 
10-02 15:02:44.129 19752 19978 I VRI[MainActivity]@ba2ccdd: mWNT: t=0xb400007b7867f620 mBlastBufferQueue=0xb400007c57f142d0 fn= 6853 HdrRenderState mRenderHdrSdrRatio=1.0 caller= android.view.SyncRtSurfaceTransactionApplier.applyTransaction:102 android.view.SyncRtSurfaceTransactionApplier.lambda$scheduleApply$0:75 android.view.SyncRtSurfaceTransactionApplier.$r8$lambda$afI4fXg3U3-nBZQEDQMiNy-B06s:0 
10-02 15:02:44.135 19752 19752 I View    : setRequestedFrameRate frameRate=-4.0, this=android.view.View{fcdbddb V.ED..... ........ 0,0-0,0}, caller=androidx.compose.ui.platform.Api35Impl.setRequestedFrameRate:4047 androidx.compose.ui.platform.AndroidComposeView.dispatchDraw:2282 android.view.View.draw:26758 android.view.View.updateDisplayListIfDirty:25577 android.view.View.draw:26477 
10-02 15:02:44.136 19752 19977 I VRI[MainActivity]@ba2ccdd: mWNT: t=0xb400007b7865d210 mBlastBufferQueue=0xb400007c57f142d0 fn= 6854 HdrRenderState mRenderHdrSdrRatio=1.0 caller= android.view.SyncRtSurfaceTransactionApplier.applyTransaction:102 android.view.SyncRtSurfaceTransactionApplier.lambda$scheduleApply$0:75 android.view.SyncRtSurfaceTransactionApplier.$r8$lambda$afI4fXg3U3-nBZQEDQMiNy-B06s:0 
10-02 15:02:44.140 19752 19752 I ImeTracker: com.negi.survey.local:334dba1a: onShown
10-02 15:02:44.144 19752 19978 I VRI[MainActivity]@ba2ccdd: mWNT: t=0xb400007b78024400 mBlastBufferQueue=0xb400007c57f142d0 fn= 6855 HdrRenderState mRenderHdrSdrRatio=1.0 caller= android.view.SyncRtSurfaceTransactionApplier.applyTransaction:102 android.view.SyncRtSurfaceTransactionApplier.lambda$scheduleApply$0:75 android.view.SyncRtSurfaceTransactionApplier.$r8$lambda$afI4fXg3U3-nBZQEDQMiNy-B06s:0 
10-02 15:02:44.148 19752 19752 I View    : setRequestedFrameRate frameRate=NaN, this=android.view.View{fcdbddb V.ED..... ........ 0,0-0,0}, caller=androidx.compose.ui.platform.Api35Impl.setRequestedFrameRate:4047 androidx.compose.ui.platform.AndroidComposeView.dispatchDraw:2282 android.view.View.draw:26758 android.view.View.updateDisplayListIfDirty:25577 android.view.ViewGroup.recreateChildDisplayList:4881 
10-02 15:02:46.477 19752 19752 I VRI[MainActivity]@ba2ccdd: call setFrameRateCategory for touch hint category=no preference, reason=boost timeout, vri=VRI[MainActivity]@ba2ccdd
10-02 15:02:58.512 19752 19752 I VRI[MainActivity]@ba2ccdd: ViewPostIme key 0
10-02 15:02:58.524 19752 19752 I VRI[MainActivity]@ba2ccdd: setInTouchMode(false), android.view.ViewRootImpl.checkForLeavingTouchModeAndConsume:11075 android.view.ViewRootImpl.-$$Nest$mcheckForLeavingTouchModeAndConsume:0 android.view.ViewRootImpl$EarlyPostImeInputStage.processKeyEvent:9536 android.view.ViewRootImpl$EarlyPostImeInputStage.onProcess:9520 android.view.ViewRootImpl$InputStage.deliver:8994 android.view.ViewRootImpl$InputStage.onDeliverToNext:9051 android.view.ViewRootImpl$InputStage.forward:9017 android.view.ViewRootImpl$AsyncInputStage.forward:9255 android.view.ViewRootImpl$ImeInputStage.onFinishedInputEvent:9505 android.view.inputmethod.InputMethodManager$PendingEvent.run:5454 
10-02 15:02:58.525 19752 19752 I VRI[MainActivity]@ba2ccdd: ViewPostIme key 0
10-02 15:02:58.529 19752 19752 I VRI[MainActivity]@ba2ccdd: ViewPostIme key 1
10-02 15:02:58.568 19752 19752 I VRI[MainActivity]@ba2ccdd: ViewPostIme key 1
10-02 15:02:58.572 19752 19752 I VRI[MainActivity]@ba2ccdd: ViewPostIme key 0
10-02 15:02:58.574 19752 19752 I VRI[MainActivity]@ba2ccdd: ViewPostIme key 1
10-02 15:02:58.577 19752 19752 I VRI[MainActivity]@ba2ccdd: ViewPostIme key 0
10-02 15:02:58.599 19752 19752 I VRI[MainActivity]@ba2ccdd: ViewPostIme key 1
10-02 15:02:58.602 19752 19752 I VRI[MainActivity]@ba2ccdd: ViewPostIme key 0
10-02 15:02:58.605 19752 19752 I VRI[MainActivity]@ba2ccdd: ViewPostIme key 1
10-02 15:02:58.607 19752 19752 I VRI[MainActivity]@ba2ccdd: ViewPostIme key 0
10-02 15:02:58.610 19752 19752 I VRI[MainActivity]@ba2ccdd: ViewPostIme key 1
10-02 15:02:58.644 19752 19752 I VRI[MainActivity]@ba2ccdd: ViewPostIme key 0
10-02 15:02:58.667 19752 19752 I VRI[MainActivity]@ba2ccdd: ViewPostIme key 1
10-02 15:02:58.669 19752 19752 I VRI[MainActivity]@ba2ccdd: ViewPostIme key 0
10-02 15:02:58.672 19752 19752 I VRI[MainActivity]@ba2ccdd: ViewPostIme key 1
10-02 15:02:58.675 19752 19752 I VRI[MainActivity]@ba2ccdd: ViewPostIme key 0
10-02 15:02:58.678 19752 19752 I VRI[MainActivity]@ba2ccdd: ViewPostIme key 1
10-02 15:02:58.700 19752 19752 I VRI[MainActivity]@ba2ccdd: ViewPostIme key 0
10-02 15:02:58.703 19752 19752 I VRI[MainActivity]@ba2ccdd: ViewPostIme key 1
10-02 15:02:58.706 19752 19752 I VRI[MainActivity]@ba2ccdd: ViewPostIme key 0
10-02 15:02:58.709 19752 19752 I VRI[MainActivity]@ba2ccdd: ViewPostIme key 1
10-02 15:02:58.738 19752 19752 I VRI[MainActivity]@ba2ccdd: ViewPostIme key 0
10-02 15:02:58.742 19752 19752 I VRI[MainActivity]@ba2ccdd: ViewPostIme key 1
10-02 15:02:58.758 19752 19752 I VRI[MainActivity]@ba2ccdd: ViewPostIme key 0
10-02 15:02:58.770 19752 19752 I VRI[MainActivity]@ba2ccdd: ViewPostIme key 1
10-02 15:02:58.778 19752 19752 I VRI[MainActivity]@ba2ccdd: ViewPostIme key 0
10-02 15:02:58.795 19752 19752 I VRI[MainActivity]@ba2ccdd: ViewPostIme key 1
10-02 15:02:58.803 19752 19752 I VRI[MainActivity]@ba2ccdd: ViewPostIme key 0
10-02 15:02:58.805 19752 19752 I VRI[MainActivity]@ba2ccdd: ViewPostIme key 1
10-02 15:02:58.806 19752 19752 I VRI[MainActivity]@ba2ccdd: ViewPostIme key 0
10-02 15:02:58.808 19752 19752 I VRI[MainActivity]@ba2ccdd: ViewPostIme key 1
10-02 15:02:58.809 19752 19752 I VRI[MainActivity]@ba2ccdd: ViewPostIme key 0
10-02 15:02:58.811 19752 19752 I VRI[MainActivity]@ba2ccdd: ViewPostIme key 1
10-02 15:02:58.828 19752 19752 I VRI[MainActivity]@ba2ccdd: ViewPostIme key 0
10-02 15:02:58.844 19752 19752 I VRI[MainActivity]@ba2ccdd: ViewPostIme key 1
10-02 15:02:58.850 19752 19752 I VRI[MainActivity]@ba2ccdd: ViewPostIme key 0
10-02 15:02:58.853 19752 19752 I VRI[MainActivity]@ba2ccdd: ViewPostIme key 1
10-02 15:02:58.855 19752 19752 I VRI[MainActivity]@ba2ccdd: ViewPostIme key 0
10-02 15:02:58.858 19752 19752 I VRI[MainActivity]@ba2ccdd: ViewPostIme key 1
10-02 15:02:58.860 19752 19752 I VRI[MainActivity]@ba2ccdd: ViewPostIme key 0
10-02 15:02:58.887 19752 19752 I VRI[MainActivity]@ba2ccdd: ViewPostIme key 1
10-02 15:02:58.890 19752 19752 I VRI[MainActivity]@ba2ccdd: ViewPostIme key 0
10-02 15:02:58.892 19752 19752 I VRI[MainActivity]@ba2ccdd: ViewPostIme key 1
10-02 15:02:58.895 19752 19752 I VRI[MainActivity]@ba2ccdd: ViewPostIme key 0
10-02 15:02:58.918 19752 19752 I VRI[MainActivity]@ba2ccdd: ViewPostIme key 1
10-02 15:02:58.923 19752 19752 I VRI[MainActivity]@ba2ccdd: ViewPostIme key 0
10-02 15:02:58.926 19752 19752 I VRI[MainActivity]@ba2ccdd: ViewPostIme key 1
10-02 15:02:58.950 19752 19752 I VRI[MainActivity]@ba2ccdd: ViewPostIme key 0
10-02 15:02:58.958 19752 19752 I VRI[MainActivity]@ba2ccdd: ViewPostIme key 1
10-02 15:02:58.961 19752 19752 I VRI[MainActivity]@ba2ccdd: ViewPostIme key 0
10-02 15:02:58.984 19752 19752 I VRI[MainActivity]@ba2ccdd: ViewPostIme key 1
10-02 15:02:58.989 19752 19752 I VRI[MainActivity]@ba2ccdd: ViewPostIme key 0
10-02 15:02:58.992 19752 19752 I VRI[MainActivity]@ba2ccdd: ViewPostIme key 1
10-02 15:02:58.995 19752 19752 I VRI[MainActivity]@ba2ccdd: ViewPostIme key 0
10-02 15:02:59.013 19752 19752 I View    : setRequestedFrameRate frameRate=-4.0, this=android.view.View{fcdbddb V.ED..... ........ 0,0-0,0}, caller=androidx.compose.ui.platform.Api35Impl.setRequestedFrameRate:4047 androidx.compose.ui.platform.AndroidComposeView.dispatchDraw:2282 android.view.View.draw:26758 android.view.View.updateDisplayListIfDirty:25577 android.view.ViewGroup.recreateChildDisplayList:4881 
10-02 15:02:59.017 19752 19752 I View    : setRequestedFrameRate frameRate=NaN, this=android.view.View{fcdbddb V.ED..... ........ 0,0-0,0}, caller=androidx.compose.ui.platform.Api35Impl.setRequestedFrameRate:4047 androidx.compose.ui.platform.AndroidComposeView.dispatchDraw:2282 android.view.View.draw:26758 android.view.View.updateDisplayListIfDirty:25577 android.view.ViewGroup.recreateChildDisplayList:4881 
10-02 15:02:59.026 19752 19752 I VRI[MainActivity]@ba2ccdd: ViewPostIme key 1
10-02 15:02:59.035 19752 19752 I VRI[MainActivity]@ba2ccdd: ViewPostIme key 0
10-02 15:02:59.039 19752 19752 I VRI[MainActivity]@ba2ccdd: ViewPostIme key 1
10-02 15:02:59.042 19752 19752 I VRI[MainActivity]@ba2ccdd: ViewPostIme key 0
10-02 15:02:59.044 19752 19752 I VRI[MainActivity]@ba2ccdd: ViewPostIme key 1
10-02 15:02:59.066 19752 19752 I VRI[MainActivity]@ba2ccdd: ViewPostIme key 0
10-02 15:02:59.075 19752 19752 I VRI[MainActivity]@ba2ccdd: ViewPostIme key 1
10-02 15:02:59.093 19752 19752 I VRI[MainActivity]@ba2ccdd: ViewPostIme key 0
10-02 15:02:59.117 19752 19752 I VRI[MainActivity]@ba2ccdd: ViewPostIme key 1
10-02 15:02:59.123 19752 19752 I VRI[MainActivity]@ba2ccdd: ViewPostIme key 0
10-02 15:02:59.127 19752 19752 I VRI[MainActivity]@ba2ccdd: ViewPostIme key 1
10-02 15:02:59.152 19752 19752 I VRI[MainActivity]@ba2ccdd: ViewPostIme key 0
10-02 15:02:59.156 19752 19752 I VRI[MainActivity]@ba2ccdd: ViewPostIme key 1
10-02 15:02:59.159 19752 19752 I VRI[MainActivity]@ba2ccdd: ViewPostIme key 0
10-02 15:02:59.161 19752 19752 I VRI[MainActivity]@ba2ccdd: ViewPostIme key 1
10-02 15:02:59.183 19752 19752 I VRI[MainActivity]@ba2ccdd: ViewPostIme key 0
10-02 15:02:59.185 19752 19752 I VRI[MainActivity]@ba2ccdd: ViewPostIme key 1
10-02 15:02:59.188 19752 19752 I VRI[MainActivity]@ba2ccdd: ViewPostIme key 0
10-02 15:02:59.192 19752 19752 I VRI[MainActivity]@ba2ccdd: ViewPostIme key 1
10-02 15:02:59.210 19752 19752 I VRI[MainActivity]@ba2ccdd: ViewPostIme key 0
10-02 15:02:59.241 19752 19752 I VRI[MainActivity]@ba2ccdd: ViewPostIme key 1
10-02 15:02:59.252 19752 19752 I VRI[MainActivity]@ba2ccdd: ViewPostIme key 0
10-02 15:02:59.257 19752 19752 I VRI[MainActivity]@ba2ccdd: ViewPostIme key 1
10-02 15:02:59.260 19752 19752 I VRI[MainActivity]@ba2ccdd: ViewPostIme key 0
10-02 15:02:59.286 19752 19752 I VRI[MainActivity]@ba2ccdd: ViewPostIme key 1
10-02 15:02:59.290 19752 19752 I VRI[MainActivity]@ba2ccdd: ViewPostIme key 0
10-02 15:02:59.292 19752 19752 I VRI[MainActivity]@ba2ccdd: ViewPostIme key 1
10-02 15:02:59.295 19752 19752 I VRI[MainActivity]@ba2ccdd: ViewPostIme key 0
10-02 15:02:59.318 19752 19752 I VRI[MainActivity]@ba2ccdd: ViewPostIme key 1
10-02 15:02:59.321 19752 19752 I VRI[MainActivity]@ba2ccdd: ViewPostIme key 0
10-02 15:02:59.352 19752 19752 I VRI[MainActivity]@ba2ccdd: ViewPostIme key 1
10-02 15:02:59.356 19752 19752 I VRI[MainActivity]@ba2ccdd: ViewPostIme key 0
10-02 15:02:59.359 19752 19752 I VRI[MainActivity]@ba2ccdd: ViewPostIme key 1
10-02 15:02:59.389 19752 19752 I VRI[MainActivity]@ba2ccdd: ViewPostIme key 0
10-02 15:02:59.393 19752 19752 I VRI[MainActivity]@ba2ccdd: ViewPostIme key 1
10-02 15:02:59.416 19752 19752 I VRI[MainActivity]@ba2ccdd: ViewPostIme key 0
10-02 15:02:59.423 19752 19752 I VRI[MainActivity]@ba2ccdd: ViewPostIme key 1
10-02 15:02:59.425 19752 19752 I VRI[MainActivity]@ba2ccdd: ViewPostIme key 0
10-02 15:02:59.427 19752 19752 I VRI[MainActivity]@ba2ccdd: ViewPostIme key 1
10-02 15:02:59.439 19752 19752 I VRI[MainActivity]@ba2ccdd: ViewPostIme key 0
10-02 15:02:59.454 19752 19752 I VRI[MainActivity]@ba2ccdd: ViewPostIme key 1
10-02 15:02:59.461 19752 19752 I VRI[MainActivity]@ba2ccdd: ViewPostIme key 0
10-02 15:02:59.484 19752 19752 I VRI[MainActivity]@ba2ccdd: ViewPostIme key 1
10-02 15:02:59.487 19752 19752 I VRI[MainActivity]@ba2ccdd: ViewPostIme key 0
10-02 15:02:59.489 19752 19752 I VRI[MainActivity]@ba2ccdd: ViewPostIme key 1
10-02 15:02:59.491 19752 19752 I VRI[MainActivity]@ba2ccdd: ViewPostIme key 0
10-02 15:02:59.493 19752 19752 I VRI[MainActivity]@ba2ccdd: ViewPostIme key 1
10-02 15:02:59.506 19752 19752 I VRI[MainActivity]@ba2ccdd: ViewPostIme key 0
10-02 15:02:59.520 19752 19752 I VRI[MainActivity]@ba2ccdd: ViewPostIme key 1
10-02 15:02:59.528 19752 19752 I VRI[MainActivity]@ba2ccdd: ViewPostIme key 0
10-02 15:02:59.550 19752 19752 I VRI[MainActivity]@ba2ccdd: ViewPostIme key 1
10-02 15:02:59.553 19752 19752 I VRI[MainActivity]@ba2ccdd: ViewPostIme key 0
10-02 15:02:59.555 19752 19752 I VRI[MainActivity]@ba2ccdd: ViewPostIme key 1
10-02 15:02:59.574 19752 19752 I View    : setRequestedFrameRate frameRate=-4.0, this=android.view.View{fcdbddb V.ED..... ........ 0,0-0,0}, caller=androidx.compose.ui.platform.Api35Impl.setRequestedFrameRate:4047 androidx.compose.ui.platform.AndroidComposeView.dispatchDraw:2282 android.view.View.draw:26758 android.view.View.updateDisplayListIfDirty:25577 android.view.ViewGroup.recreateChildDisplayList:4881 
10-02 15:02:59.582 19752 19752 I View    : setRequestedFrameRate frameRate=NaN, this=android.view.View{fcdbddb V.ED..... ........ 0,0-0,0}, caller=androidx.compose.ui.platform.Api35Impl.setRequestedFrameRate:4047 androidx.compose.ui.platform.AndroidComposeView.dispatchDraw:2282 android.view.View.draw:26758 android.view.View.updateDisplayListIfDirty:25577 android.view.ViewGroup.recreateChildDisplayList:4881 
10-02 15:02:59.655 19752 19752 I VRI[MainActivity]@ba2ccdd: ViewPostIme pointer 0
10-02 15:02:59.658 19752 19752 I VRI[MainActivity]@ba2ccdd: call setFrameRateCategory for touch hint category=high hint, reason=touch, vri=VRI[MainActivity]@ba2ccdd
10-02 15:02:59.662 19752 19752 I VRI[MainActivity]@ba2ccdd: ViewPostIme pointer 1
10-02 15:02:59.665 19752 19752 D InsetsController: hide(ime())
10-02 15:02:59.665 19752 19752 I ImeTracker: com.negi.survey.local:9b73d7eb: onRequestHide at ORIGIN_CLIENT reason HIDE_SOFT_INPUT_BY_INSETS_API fromUser false
10-02 15:02:59.665 19752 19752 D WindowOnBackDispatcher: setTopOnBackInvokedCallback (unwrapped): androidx.navigationevent.OnBackInvokedInput$createOnBackAnimationCallback$1@d90ad5
10-02 15:02:59.665 19752 19752 D InsetsController: Setting requestedVisibleTypes to 503 (was 511)
10-02 15:02:59.665 19752 19752 I InsetsController: setRequestedVisibleTypes: visible=false, mask=ime, host=com.negi.survey.local/com.negi.survey.MainActivity, from=android.view.InsetsController.controlAnimationUnchecked:1646 android.view.InsetsController.applyAnimation:2278 android.view.InsetsController.applyAnimation:2207 android.view.InsetsController.hide:1581 android.view.InsetsController.hide:1521 androidx.core.view.SoftwareKeyboardControllerCompat$Impl30.hide:222 androidx.core.view.SoftwareKeyboardControllerCompat.hide:80 androidx.compose.ui.text.input.InputMethodManagerImpl.hideSoftInput:85 androidx.compose.ui.text.input.TextInputServiceAndroid.setKeyboardVisibleImmediately:470 androidx.compose.ui.text.input.TextInputServiceAndroid.processInputCommands:352 
10-02 15:02:59.666 19752 19752 D InputMethodManagerUtils: startInputInner - Id : 0
10-02 15:02:59.666 19752 19752 I InputMethodManager: startInputInner - IInputMethodManagerGlobalInvoker.startInputOrWindowGainedFocus
10-02 15:02:59.668 19752 19752 D SurveyVM: getEvalPrompt[Q7] -> len=355
10-02 15:02:59.670 19752 20037 D AiViewModel: run[1]: mode=EVAL_JSON phase=EVAL commit=true prompt.len=354, fullPrompt.len=3001, timeoutMs=120000
10-02 15:02:59.671 19752 20037 D AiViewModel: run[1]: sha(prompt)=fd523fd405e08a6ed6e8be22f8d8a690ba92b8dd06621fed019491d0c56d28eb sha(full)=82cc27b15b0a3de4a449ab0e719826f53a80e928f0834f042e5d13a0516f6686
10-02 15:02:59.671 19752 20037 I FullPromptReview: [part=000] run[1]: phase=EVAL FullPrompt
10-02 15:02:59.671 19752 20037 I FullPromptReview: Evaluate only the original survey target using all supplied answers.
10-02 15:02:59.671 19752 20037 I FullPromptReview: Return only compact JSON {"score":N,"missing_points":[],"followup_needed":false}. N must be an integer 1-100 for relevance, completeness and accuracy against the original target. Evaluate the original answer and all answered followup pairs together. Before emitting JSON, compare every candidate missing point against the original answer and every answered follow-up pair. If an answered follow-up directly supplies that information, do not include it in missing_points. Recompute score, missing_points, and followup_needed together as one consistent final decision. Treat each independently answerable required component as a separate missing_points item; never combine independently answerable deficiencies. After every answered follow-up, recompute components independently and omit each supplied component even when another component from the same target remains missing. When a Required component catalog is present, evaluate each catalog item independently: missing_points may contain only configured component IDs. Omit IDs whose component is supplied by the original answer or answered follow-up pairs; never return component descriptions or questions as missing_points. When a Required components block is present, missing_points may contain only the exact text of unresolved configured components. Separate relevance from completeness. An answer can discuss the right topic but still be incomplete. Score 90-100 only when the respondent explicitly provides every material component requested by the Expected answer target and Question. Do not infer missing details from general knowledge, plausibility, or a bare statement that an event occurred. A concise answer may be complete. A verbose or relevant answer that omits any material requested component must score below 90. For example, saying that an event occurred without describing its requested effect is incomplete. Consistency rule: if missing_points is non-empty or followup_needed is true, score must be an integer from 1 to 89. Scores 90-100 are allowed only when missing_points=[] and followup_needed=false. Never use score 90 as a borderline value when anything is missing. For any score below 90, missing_points must contain the specific missing or ambiguous target-required information and followup_needed must be true. Otherwise missing_points is empty and followup_needed is false. Do not generate a question. Do not penalize style or request information outside the target. Write missing_points in English.
10-02 15:02:59.671 19752 20037 I FullPromptReview: Keep missing_points concise.
10-02 15:02:59.671 19752 20037 I FullPromptReview: One JSON object only; no markdown or generated question.
10-02 15:02:59.671 19752 20037 I FullPromptReview: INPUT:
10-02 15:02:59.671 19752 20037 I FullPromptReview: Expected answer target: Whether FAW affected the crop and, if yes, at least one concrete description of its effect, such as yield loss or a type of crop damage.
10-02 15:02:59.671 19752 20037 I FullPromptReview: Question: Has fall armyworm ever affected your maize? If yes, what damage or losses did it cause?
10-02 15:02:59.671 19752 20037 I FullPromptReview: Original answer: Yes, fall armyworm caused leaf damage and yield loss.
10-02 15:02:59.671 19752 20037 I FullPromptReview: Answered followup pairs:
10-02 15:02:59.676 19752 20037 D LiteRtRepository: [1] request start model='Gemma3n4B' prompt.len=3001 sha=82cc27b15b0a3de4 gateWaitMs=3
10-02 15:02:59.676 19752 20037 D LiteRtRepository: [part=000] [1] PROMPT (FULL) sha=82cc27b15b0a3de4
10-02 15:02:59.676 19752 20037 D LiteRtRepository: Evaluate only the original survey target using all supplied answers.
10-02 15:02:59.676 19752 20037 D LiteRtRepository: Return only compact JSON {"score":N,"missing_points":[],"followup_needed":false}. N must be an integer 1-100 for relevance, completeness and accuracy against the original target. Evaluate the original answer and all answered followup pairs together. Before emitting JSON, compare every candidate missing point against the original answer and every answered follow-up pair. If an answered follow-up directly supplies that information, do not include it in missing_points. Recompute score, missing_points, and followup_needed together as one consistent final decision. Treat each independently answerable required component as a separate missing_points item; never combine independently answerable deficiencies. After every answered follow-up, recompute components independently and omit each supplied component even when another component from the same target remains missing. When a Required component catalog is present, evaluate each catalog item independently: missing_points may contain only configured component IDs. Omit IDs whose component is supplied by the original answer or answered follow-up pairs; never return component descriptions or questions as missing_points. When a Required components block is present, missing_points may contain only the exact text of unresolved configured components. Separate relevance from completeness. An answer can discuss the right topic but still be incomplete. Score 90-100 only when the respondent explicitly provides every material component requested by the Expected answer target and Question. Do not infer missing details from general knowledge, plausibility, or a bare statement that an event occurred. A concise answer may be complete. A verbose or relevant answer that omits any material requested component must score below 90. For example, saying that an event occurred without describing its requested effect is incomplete. Consistency rule: if missing_points is non-empty or followup_needed is true, score must be an integer from 1 to 89. Scores 90-100 are allowed only when missing_points=[] and followup_needed=false. Never use score 90 as a borderline value when anything is missing. For any score below 90, missing_points must contain the specific missing or ambiguous target-required information and followup_needed must be true. Otherwise missing_points is empty and followup_needed is false. Do not generate a question. Do not penalize style or request information outside the target. Write missing_points in English.
10-02 15:02:59.676 19752 20037 D LiteRtRepository: Keep missing_points concise.
10-02 15:02:59.676 19752 20037 D LiteRtRepository: One JSON object only; no markdown or generated question.
10-02 15:02:59.676 19752 20037 D LiteRtRepository: INPUT:
10-02 15:02:59.676 19752 20037 D LiteRtRepository: Expected answer target: Whether FAW affected the crop and, if yes, at least one concrete description of its effect, such as yield loss or a type of crop damage.
10-02 15:02:59.676 19752 20037 D LiteRtRepository: Question: Has fall armyworm ever affected your maize? If yes, what damage or losses did it cause?
10-02 15:02:59.676 19752 20037 D LiteRtRepository: Original answer: Yes, fall armyworm caused leaf damage and yield loss.
10-02 15:02:59.676 19752 20037 D LiteRtRepository: Answered followup pairs:
10-02 15:02:59.677 19752 20679 D SLM     : initializeIfNeeded: model='Gemma3n4B' image=false audio=false
10-02 15:02:59.677 19752 21458 D InputTransport: Input channel constructed: 'ClientS', fd=151
10-02 15:02:59.678 19752 20679 D LiteRtLM: initializeIfNeeded: warm runtime already ready: key='fs|dev=65088|ino=45187|size=4919541760|mtime=1790971030441'
10-02 15:02:59.678 19752 20037 D LiteRtRepository: [1] initializeIfNeeded ok initMs=1
10-02 15:02:59.680 19752 20679 D SLM     : runInference: model='Gemma3n4B' textLen=3001 images=0 audio=0
10-02 15:02:59.683 19752 19944 D LiteRtLM: state[run:start] key='fs|dev=65088|ino=45187|size=4919541760|mtime=1790971030441' runId=1 active=true terminated=false logicalDone=false cancel=false pendingCancel=false lastMsgAt=73105316 lastTermAt=0
10-02 15:02:59.685 19752 19944 D LiteRtLM: runInference start: key='fs|dev=65088|ino=45187|size=4919541760|mtime=1790971030441' runId=1 hasText=true originalTextLen=3001 effectiveTextLen=3001 images=0 audioClips=0
10-02 15:02:59.686 19752 19944 D LiteRtLM: LiteRT-LM sendMessageAsync(text): key='fs|dev=65088|ino=45187|size=4919541760|mtime=1790971030441' runId=1 len=3001 maxOutputTokens=64
10-02 15:02:59.693 19752 19752 D VRI[MainActivity]@ba2ccdd: WindowInsets changed: ime:null 
10-02 15:02:59.694 19752 19752 I BLASTBufferQueue_Java: update, w= 1080 h= 2340 mName = VRI[MainActivity]@ba2ccdd mNativeObject= 0xb400007c57f142d0 sc.mNativeObject= 0xb400007ba7ee7d10 format= -1 caller= android.view.ViewRootImpl.updateBlastSurfaceIfNeeded:3592 android.view.ViewRootImpl.relayoutWindow:11813 android.view.ViewRootImpl.performTraversals:4840 android.view.ViewRootImpl.doTraversal:3959 android.view.ViewRootImpl$TraversalRunnable.run:13034 android.view.Choreographer$CallbackRecord.run:1961 
10-02 15:02:59.694 19752 19752 I VRI[MainActivity]@ba2ccdd: Relayout returned: old=(0,0,1080,2340) new=(0,0,1080,2340) relayoutAsync=true req=(1080,2340)0 dur=1 res=0x0 s={true 0xb400007b97f0de20} ch=false seqId=0
10-02 15:02:59.695 19752 19752 I VRI[MainActivity]@ba2ccdd: registerCallbackForPendingTransactions
10-02 15:02:59.703 19752 19752 I View    : setRequestedFrameRate frameRate=-4.0, this=android.view.View{fcdbddb V.ED..... ........ 0,0-0,0}, caller=androidx.compose.ui.platform.Api35Impl.setRequestedFrameRate:4047 androidx.compose.ui.platform.AndroidComposeView.dispatchDraw:2282 android.view.View.draw:26758 android.view.View.updateDisplayListIfDirty:25577 android.view.ViewGroup.recreateChildDisplayList:4881 
10-02 15:02:59.704 19752 19977 I VRI[MainActivity]@ba2ccdd: mWNT: t=0xb400007b78026210 mBlastBufferQueue=0xb400007c57f142d0 fn= 7928 HdrRenderState mRenderHdrSdrRatio=1.0 caller= android.view.SyncRtSurfaceTransactionApplier.applyTransaction:102 android.view.SyncRtSurfaceTransactionApplier.lambda$scheduleApply$0:75 android.view.SyncRtSurfaceTransactionApplier.$r8$lambda$afI4fXg3U3-nBZQEDQMiNy-B06s:0 
10-02 15:02:59.704 19752 19752 I InsetsController: onStateChanged: host=com.negi.survey.local/com.negi.survey.MainActivity, from=android.view.ViewRootImpl.onInsetsStateChanged:3038, state=InsetsState: {mDisplayFrame=Rect(0, 0 - 1080, 2340), mDisplayCutout=DisplayCutout{insets=Rect(0, 82 - 0, 0) waterfall=Insets{left=0, top=0, right=0, bottom=0} boundingRect={Bounds=[Rect(0, 0 - 0, 0), Rect(511, 24 - 569, 82), Rect(0, 0 - 0, 0), Rect(0, 0 - 0, 0)]} cutoutPathParserInfo={CutoutPathParserInfo{displayWidth=1080 displayHeight=2340 physicalDisplayWidth=1080 physicalDisplayHeight=2340 density={2.8125} cutoutSpec={M 0,0 M 0, 8.533333333333333 a 10.31111111111111,10.31111111111111 0 1,0 0,20.62222222222222 a 10.31111111111111,10.31111111111111 0 1,0 0,-20.62222222222222 Z @dp} rotation={0} scale={1.0} physicalPixelDisplaySizeRatio={1.0}}} sideOverrides={}}, mRoundedCorners=RoundedCorners{[RoundedCorner{position=TopLeft, radius=113, center=Point(113, 113)}, RoundedCorner{position=TopRight, radius=113, center=Point(967, 113)}, RoundedCorner{position=BottomRight, radius=113, center=Point(967, 2227)}, RoundedCorner{position=BottomLeft, radius=113, center=Point(113, 2227)}]}  mRoundedCornerFrame=Rect(0, 0 - 1080, 2340), mPrivacyIndicatorBounds=PrivacyIndicatorBounds {static bounds=Rect(956, 0 - 1080, 97) rotation=0}, mDisplayShape=DisplayShape{ spec=-311912193 displayWidth=1080 displayHeight=2340 physicalPixelDisplaySizeRatio=1.0 rotation=0 offsetX=0 offsetY=0 scale=1.0}, mSources= { InsetsSource: {d29a0000 mType=statusBars mFrame=[0,0][1080,97] mAttachedInsets=null mVisible=true mFlags= mSideHint=TOP mBoundingRects=null}, InsetsSource: {d29a0005 mType=mandatorySystemGestures mFrame=[0,0][1080,116] mAttachedInsets=null mVisible=true mFlags= mSideHint=TOP mBoundingRects=null}, InsetsSource: {d29a0006 mType=tappableElement mFrame=[0,0][1080,97] mAttachedInsets=null mVisible=true mFlags= mSideHint=TOP mBoundingRects=null}, InsetsSource: {3 mType=ime mFrame=[0,1332][1080,2340] mAttachedInsets=null mVisible=false mFlags= mSideHint=BOTTOM mBoundingRects=null}, InsetsSource: {27 mType=displayCutout mFrame=[0,0][1080,82] mAttachedInsets=null mVisible=true mFlags= mSideHint=TOP mBoundingRects=null}, InsetsSource: {4b5d0001 mType=navigationBars mFrame=[0,2205][1080,2340] mAttachedInsets=null mVisible=true mFlags= mSideHint=BOTTOM mBoundingRects=null}, InsetsSource: {4b5d0004 mType=systemGestures mFrame=[0,0][0,0] mAttachedInsets=null mVisible=true mFlags= mSideHint=NONE mBoundingRects=null}, InsetsSource: {4b5d0005 mType=mandatorySystemGestures mFrame=[0,2205][1080,2340] mAttachedInsets=null mVisible=true mFlags= mSideHint=BOTTOM mBoundingRects=null}, InsetsSource: {4b5d0006 mType=tappableElement mFrame=[0,2205][1080,2340] mAttachedInsets=null mVisible=true mFlags= mSideHint=BOTTOM mBoundingRects=null}, InsetsSource: {4b5d0024 mType=systemGestures mFrame=[0,0][0,0] mAttachedInsets=null mVisible=true mFlags= mSideHint=NONE mBoundingRects=null} }
10-02 15:02:59.704 19752 19977 I VRI[MainActivity]@ba2ccdd: mWNT: t=0xb400007b7866e9e0 mBlastBufferQueue=0xb400007c57f142d0 fn= 7928 HdrRenderState mRenderHdrSdrRatio=1.0 caller= android.view.ViewRootImpl$10.onFrameDraw:6615 android.view.ViewRootImpl$4.onFrameDraw:2485 android.view.ThreadedRenderer$1.onFrameDraw:751 
10-02 15:02:59.704 19752 19752 I VRI[MainActivity]@ba2ccdd: handleResized, frames=ClientWindowFrames{frame=[0,0][1080,2340] display=[0,0][1080,2340] parentFrame=[0,0][0,0]} displayId=0 dragResizing=false compatScale=1.0 frameChanged=false attachedFrameChanged=false configChanged=false displayChanged=false compatScaleChanged=false dragResizingChanged=false
10-02 15:02:59.705 19752 19752 I InsetsSourceConsumer: applyRequestedVisibilityToControl: visible=true, type=navigationBars, host=com.negi.survey.local/com.negi.survey.MainActivity
10-02 15:02:59.706 19752 19752 I ImeTracker: system_server:2987e61e: onCancelled at PHASE_CLIENT_ON_CONTROLS_CHANGED
10-02 15:02:59.715 19752 19978 I VRI[MainActivity]@ba2ccdd: mWNT: t=0xb400007b78656c50 mBlastBufferQueue=0xb400007c57f142d0 fn= 7929 HdrRenderState mRenderHdrSdrRatio=1.0 caller= android.view.SyncRtSurfaceTransactionApplier.applyTransaction:102 android.view.SyncRtSurfaceTransactionApplier.lambda$scheduleApply$0:75 android.view.SyncRtSurfaceTransactionApplier.$r8$lambda$afI4fXg3U3-nBZQEDQMiNy-B06s:0 
10-02 15:02:59.731 19752 19977 I VRI[MainActivity]@ba2ccdd: mWNT: t=0xb400007b786844c0 mBlastBufferQueue=0xb400007c57f142d0 fn= 7931 HdrRenderState mRenderHdrSdrRatio=1.0 caller= android.view.SyncRtSurfaceTransactionApplier.applyTransaction:102 android.view.SyncRtSurfaceTransactionApplier.lambda$scheduleApply$0:75 android.view.SyncRtSurfaceTransactionApplier.$r8$lambda$afI4fXg3U3-nBZQEDQMiNy-B06s:0 
10-02 15:02:59.736 19752 19944 D LiteRtLM: sendMessageAsync accepted: key='fs|dev=65088|ino=45187|size=4919541760|mtime=1790971030441' runId=1 dispatchMs=51
10-02 15:02:59.740 19752 19978 I VRI[MainActivity]@ba2ccdd: mWNT: t=0xb400007b7866d9b0 mBlastBufferQueue=0xb400007c57f142d0 fn= 7933 HdrRenderState mRenderHdrSdrRatio=1.0 caller= android.view.SyncRtSurfaceTransactionApplier.applyTransaction:102 android.view.SyncRtSurfaceTransactionApplier.lambda$scheduleApply$0:75 android.view.SyncRtSurfaceTransactionApplier.$r8$lambda$afI4fXg3U3-nBZQEDQMiNy-B06s:0 
10-02 15:02:59.745 19752 19977 I VRI[MainActivity]@ba2ccdd: mWNT: t=0xb400007b78680650 mBlastBufferQueue=0xb400007c57f142d0 fn= 7933 HdrRenderState mRenderHdrSdrRatio=1.0 caller= android.view.SyncRtSurfaceTransactionApplier.applyTransaction:102 android.view.SyncRtSurfaceTransactionApplier.lambda$scheduleApply$0:75 android.view.SyncRtSurfaceTransactionApplier.$r8$lambda$afI4fXg3U3-nBZQEDQMiNy-B06s:0 
10-02 15:02:59.771 19752 19978 I VRI[MainActivity]@ba2ccdd: mWNT: t=0xb400007b78666170 mBlastBufferQueue=0xb400007c57f142d0 fn= 7934 HdrRenderState mRenderHdrSdrRatio=1.0 caller= android.view.SyncRtSurfaceTransactionApplier.applyTransaction:102 android.view.SyncRtSurfaceTransactionApplier.lambda$scheduleApply$0:75 android.view.SyncRtSurfaceTransactionApplier.$r8$lambda$afI4fXg3U3-nBZQEDQMiNy-B06s:0 
10-02 15:02:59.780 19752 19977 I VRI[MainActivity]@ba2ccdd: mWNT: t=0xb400007b78673880 mBlastBufferQueue=0xb400007c57f142d0 fn= 7934 HdrRenderState mRenderHdrSdrRatio=1.0 caller= android.view.SyncRtSurfaceTransactionApplier.applyTransaction:102 android.view.SyncRtSurfaceTransactionApplier.lambda$scheduleApply$0:75 android.view.SyncRtSurfaceTransactionApplier.$r8$lambda$afI4fXg3U3-nBZQEDQMiNy-B06s:0 
10-02 15:02:59.787 19752 19978 I VRI[MainActivity]@ba2ccdd: mWNT: t=0xb400007b78684bb0 mBlastBufferQueue=0xb400007c57f142d0 fn= 7935 HdrRenderState mRenderHdrSdrRatio=1.0 caller= android.view.SyncRtSurfaceTransactionApplier.applyTransaction:102 android.view.SyncRtSurfaceTransactionApplier.lambda$scheduleApply$0:75 android.view.SyncRtSurfaceTransactionApplier.$r8$lambda$afI4fXg3U3-nBZQEDQMiNy-B06s:0 
10-02 15:02:59.793 19752 19977 I VRI[MainActivity]@ba2ccdd: mWNT: t=0xb400007b77fdfe30 mBlastBufferQueue=0xb400007c57f142d0 fn= 7936 HdrRenderState mRenderHdrSdrRatio=1.0 caller= android.view.SyncRtSurfaceTransactionApplier.applyTransaction:102 android.view.SyncRtSurfaceTransactionApplier.lambda$scheduleApply$0:75 android.view.SyncRtSurfaceTransactionApplier.$r8$lambda$afI4fXg3U3-nBZQEDQMiNy-B06s:0 
10-02 15:02:59.802 19752 19978 I VRI[MainActivity]@ba2ccdd: mWNT: t=0xb400007b77f32290 mBlastBufferQueue=0xb400007c57f142d0 fn= 7936 HdrRenderState mRenderHdrSdrRatio=1.0 caller= android.view.SyncRtSurfaceTransactionApplier.applyTransaction:102 android.view.SyncRtSurfaceTransactionApplier.lambda$scheduleApply$0:75 android.view.SyncRtSurfaceTransactionApplier.$r8$lambda$afI4fXg3U3-nBZQEDQMiNy-B06s:0 
10-02 15:02:59.811 19752 19977 I VRI[MainActivity]@ba2ccdd: mWNT: t=0xb400007b7867bc50 mBlastBufferQueue=0xb400007c57f142d0 fn= 7937 HdrRenderState mRenderHdrSdrRatio=1.0 caller= android.view.SyncRtSurfaceTransactionApplier.applyTransaction:102 android.view.SyncRtSurfaceTransactionApplier.lambda$scheduleApply$0:75 android.view.SyncRtSurfaceTransactionApplier.$r8$lambda$afI4fXg3U3-nBZQEDQMiNy-B06s:0 
10-02 15:02:59.816 19752 19978 I VRI[MainActivity]@ba2ccdd: mWNT: t=0xb400007b7867fac0 mBlastBufferQueue=0xb400007c57f142d0 fn= 7938 HdrRenderState mRenderHdrSdrRatio=1.0 caller= android.view.SyncRtSurfaceTransactionApplier.applyTransaction:102 android.view.SyncRtSurfaceTransactionApplier.lambda$scheduleApply$0:75 android.view.SyncRtSurfaceTransactionApplier.$r8$lambda$afI4fXg3U3-nBZQEDQMiNy-B06s:0 
10-02 15:02:59.825 19752 19977 I VRI[MainActivity]@ba2ccdd: mWNT: t=0xb400007b7866a6d0 mBlastBufferQueue=0xb400007c57f142d0 fn= 7939 HdrRenderState mRenderHdrSdrRatio=1.0 caller= android.view.SyncRtSurfaceTransactionApplier.applyTransaction:102 android.view.SyncRtSurfaceTransactionApplier.lambda$scheduleApply$0:75 android.view.SyncRtSurfaceTransactionApplier.$r8$lambda$afI4fXg3U3-nBZQEDQMiNy-B06s:0 
10-02 15:02:59.833 19752 19978 I VRI[MainActivity]@ba2ccdd: mWNT: t=0xb400007b77f2e670 mBlastBufferQueue=0xb400007c57f142d0 fn= 7940 HdrRenderState mRenderHdrSdrRatio=1.0 caller= android.view.SyncRtSurfaceTransactionApplier.applyTransaction:102 android.view.SyncRtSurfaceTransactionApplier.lambda$scheduleApply$0:75 android.view.SyncRtSurfaceTransactionApplier.$r8$lambda$afI4fXg3U3-nBZQEDQMiNy-B06s:0 
10-02 15:02:59.842 19752 19977 I VRI[MainActivity]@ba2ccdd: mWNT: t=0xb400007b78657340 mBlastBufferQueue=0xb400007c57f142d0 fn= 7941 HdrRenderState mRenderHdrSdrRatio=1.0 caller= android.view.SyncRtSurfaceTransactionApplier.applyTransaction:102 android.view.SyncRtSurfaceTransactionApplier.lambda$scheduleApply$0:75 android.view.SyncRtSurfaceTransactionApplier.$r8$lambda$afI4fXg3U3-nBZQEDQMiNy-B06s:0 
10-02 15:02:59.860 19752 19978 I VRI[MainActivity]@ba2ccdd: mWNT: t=0xb400007b78493b00 mBlastBufferQueue=0xb400007c57f142d0 fn= 7942 HdrRenderState mRenderHdrSdrRatio=1.0 caller= android.view.SyncRtSurfaceTransactionApplier.applyTransaction:102 android.view.SyncRtSurfaceTransactionApplier.lambda$scheduleApply$0:75 android.view.SyncRtSurfaceTransactionApplier.$r8$lambda$afI4fXg3U3-nBZQEDQMiNy-B06s:0 
10-02 15:02:59.867 19752 19977 I VRI[MainActivity]@ba2ccdd: mWNT: t=0xb400007b7867f870 mBlastBufferQueue=0xb400007c57f142d0 fn= 7943 HdrRenderState mRenderHdrSdrRatio=1.0 caller= android.view.SyncRtSurfaceTransactionApplier.applyTransaction:102 android.view.SyncRtSurfaceTransactionApplier.lambda$scheduleApply$0:75 android.view.SyncRtSurfaceTransactionApplier.$r8$lambda$afI4fXg3U3-nBZQEDQMiNy-B06s:0 
10-02 15:02:59.875 19752 19978 I VRI[MainActivity]@ba2ccdd: mWNT: t=0xb400007b78682210 mBlastBufferQueue=0xb400007c57f142d0 fn= 7945 HdrRenderState mRenderHdrSdrRatio=1.0 caller= android.view.SyncRtSurfaceTransactionApplier.applyTransaction:102 android.view.SyncRtSurfaceTransactionApplier.lambda$scheduleApply$0:75 android.view.SyncRtSurfaceTransactionApplier.$r8$lambda$afI4fXg3U3-nBZQEDQMiNy-B06s:0 
10-02 15:02:59.882 19752 19977 I VRI[MainActivity]@ba2ccdd: mWNT: t=0xb400007b78684e00 mBlastBufferQueue=0xb400007c57f142d0 fn= 7946 HdrRenderState mRenderHdrSdrRatio=1.0 caller= android.view.SyncRtSurfaceTransactionApplier.applyTransaction:102 android.view.SyncRtSurfaceTransactionApplier.lambda$scheduleApply$0:75 android.view.SyncRtSurfaceTransactionApplier.$r8$lambda$afI4fXg3U3-nBZQEDQMiNy-B06s:0 
10-02 15:02:59.885 19752 19978 I VRI[MainActivity]@ba2ccdd: mWNT: t=0xb400007b780251e0 mBlastBufferQueue=0xb400007c57f142d0 fn= 7946 HdrRenderState mRenderHdrSdrRatio=1.0 caller= android.view.SyncRtSurfaceTransactionApplier.applyTransaction:102 android.view.SyncRtSurfaceTransactionApplier.lambda$scheduleApply$0:75 android.view.SyncRtSurfaceTransactionApplier.$r8$lambda$afI4fXg3U3-nBZQEDQMiNy-B06s:0 
10-02 15:02:59.890 19752 19977 I VRI[MainActivity]@ba2ccdd: mWNT: t=0xb400007b786707f0 mBlastBufferQueue=0xb400007c57f142d0 fn= 7946 HdrRenderState mRenderHdrSdrRatio=1.0 caller= android.view.SyncRtSurfaceTransactionApplier.applyTransaction:102 android.view.SyncRtSurfaceTransactionApplier.lambda$scheduleApply$0:75 android.view.SyncRtSurfaceTransactionApplier.$r8$lambda$afI4fXg3U3-nBZQEDQMiNy-B06s:0 
10-02 15:02:59.899 19752 19978 I VRI[MainActivity]@ba2ccdd: mWNT: t=0xb400007b785abca0 mBlastBufferQueue=0xb400007c57f142d0 fn= 7947 HdrRenderState mRenderHdrSdrRatio=1.0 caller= android.view.SyncRtSurfaceTransactionApplier.applyTransaction:102 android.view.SyncRtSurfaceTransactionApplier.lambda$scheduleApply$0:75 android.view.SyncRtSurfaceTransactionApplier.$r8$lambda$afI4fXg3U3-nBZQEDQMiNy-B06s:0 
10-02 15:02:59.908 19752 19977 I VRI[MainActivity]@ba2ccdd: mWNT: t=0xb400007b7866d070 mBlastBufferQueue=0xb400007c57f142d0 fn= 7948 HdrRenderState mRenderHdrSdrRatio=1.0 caller= android.view.SyncRtSurfaceTransactionApplier.applyTransaction:102 android.view.SyncRtSurfaceTransactionApplier.lambda$scheduleApply$0:75 android.view.SyncRtSurfaceTransactionApplier.$r8$lambda$afI4fXg3U3-nBZQEDQMiNy-B06s:0 
10-02 15:02:59.918 19752 19978 I VRI[MainActivity]@ba2ccdd: mWNT: t=0xb400007b78674660 mBlastBufferQueue=0xb400007c57f142d0 fn= 7949 HdrRenderState mRenderHdrSdrRatio=1.0 caller= android.view.SyncRtSurfaceTransactionApplier.applyTransaction:102 android.view.SyncRtSurfaceTransactionApplier.lambda$scheduleApply$0:75 android.view.SyncRtSurfaceTransactionApplier.$r8$lambda$afI4fXg3U3-nBZQEDQMiNy-B06s:0 
10-02 15:02:59.925 19752 19977 I VRI[MainActivity]@ba2ccdd: mWNT: t=0xb400007b77efe900 mBlastBufferQueue=0xb400007c57f142d0 fn= 7950 HdrRenderState mRenderHdrSdrRatio=1.0 caller= android.view.SyncRtSurfaceTransactionApplier.applyTransaction:102 android.view.SyncRtSurfaceTransactionApplier.lambda$scheduleApply$0:75 android.view.SyncRtSurfaceTransactionApplier.$r8$lambda$afI4fXg3U3-nBZQEDQMiNy-B06s:0 
10-02 15:02:59.933 19752 19978 I VRI[MainActivity]@ba2ccdd: mWNT: t=0xb400007b78682460 mBlastBufferQueue=0xb400007c57f142d0 fn= 7951 HdrRenderState mRenderHdrSdrRatio=1.0 caller= android.view.SyncRtSurfaceTransactionApplier.applyTransaction:102 android.view.SyncRtSurfaceTransactionApplier.lambda$scheduleApply$0:75 android.view.SyncRtSurfaceTransactionApplier.$r8$lambda$afI4fXg3U3-nBZQEDQMiNy-B06s:0 
10-02 15:02:59.942 19752 19977 I VRI[MainActivity]@ba2ccdd: mWNT: t=0xb400007b77f417b0 mBlastBufferQueue=0xb400007c57f142d0 fn= 7952 HdrRenderState mRenderHdrSdrRatio=1.0 caller= android.view.SyncRtSurfaceTransactionApplier.applyTransaction:102 android.view.SyncRtSurfaceTransactionApplier.lambda$scheduleApply$0:75 android.view.SyncRtSurfaceTransactionApplier.$r8$lambda$afI4fXg3U3-nBZQEDQMiNy-B06s:0 
10-02 15:02:59.950 19752 19978 I VRI[MainActivity]@ba2ccdd: mWNT: t=0xb400007b78673190 mBlastBufferQueue=0xb400007c57f142d0 fn= 7953 HdrRenderState mRenderHdrSdrRatio=1.0 caller= android.view.SyncRtSurfaceTransactionApplier.applyTransaction:102 android.view.SyncRtSurfaceTransactionApplier.lambda$scheduleApply$0:75 android.view.SyncRtSurfaceTransactionApplier.$r8$lambda$afI4fXg3U3-nBZQEDQMiNy-B06s:0 
10-02 15:02:59.958 19752 19977 I VRI[MainActivity]@ba2ccdd: mWNT: t=0xb400007b7865cb20 mBlastBufferQueue=0xb400007c57f142d0 fn= 7954 HdrRenderState mRenderHdrSdrRatio=1.0 caller= android.view.SyncRtSurfaceTransactionApplier.applyTransaction:102 android.view.SyncRtSurfaceTransactionApplier.lambda$scheduleApply$0:75 android.view.SyncRtSurfaceTransactionApplier.$r8$lambda$afI4fXg3U3-nBZQEDQMiNy-B06s:0 
10-02 15:02:59.967 19752 19978 I VRI[MainActivity]@ba2ccdd: mWNT: t=0xb400007b786808a0 mBlastBufferQueue=0xb400007c57f142d0 fn= 7955 HdrRenderState mRenderHdrSdrRatio=1.0 caller= android.view.SyncRtSurfaceTransactionApplier.applyTransaction:102 android.view.SyncRtSurfaceTransactionApplier.lambda$scheduleApply$0:75 android.view.SyncRtSurfaceTransactionApplier.$r8$lambda$afI4fXg3U3-nBZQEDQMiNy-B06s:0 
10-02 15:02:59.975 19752 19977 I VRI[MainActivity]@ba2ccdd: mWNT: t=0xb400007b78025b20 mBlastBufferQueue=0xb400007c57f142d0 fn= 7956 HdrRenderState mRenderHdrSdrRatio=1.0 caller= android.view.SyncRtSurfaceTransactionApplier.applyTransaction:102 android.view.SyncRtSurfaceTransactionApplier.lambda$scheduleApply$0:75 android.view.SyncRtSurfaceTransactionApplier.$r8$lambda$afI4fXg3U3-nBZQEDQMiNy-B06s:0 
10-02 15:02:59.984 19752 19978 I VRI[MainActivity]@ba2ccdd: mWNT: t=0xb400007b7866b700 mBlastBufferQueue=0xb400007c57f142d0 fn= 7957 HdrRenderState mRenderHdrSdrRatio=1.0 caller= android.view.SyncRtSurfaceTransactionApplier.applyTransaction:102 android.view.SyncRtSurfaceTransactionApplier.lambda$scheduleApply$0:75 android.view.SyncRtSurfaceTransactionApplier.$r8$lambda$afI4fXg3U3-nBZQEDQMiNy-B06s:0 
10-02 15:02:59.992 19752 19977 I VRI[MainActivity]@ba2ccdd: mWNT: t=0xb400007b786698f0 mBlastBufferQueue=0xb400007c57f142d0 fn= 7958 HdrRenderState mRenderHdrSdrRatio=1.0 caller= android.view.SyncRtSurfaceTransactionApplier.applyTransaction:102 android.view.SyncRtSurfaceTransactionApplier.lambda$scheduleApply$0:75 android.view.SyncRtSurfaceTransactionApplier.$r8$lambda$afI4fXg3U3-nBZQEDQMiNy-B06s:0 
10-02 15:03:00.000 19752 19978 I VRI[MainActivity]@ba2ccdd: mWNT: t=0xb400007b7867e5f0 mBlastBufferQueue=0xb400007c57f142d0 fn= 7959 HdrRenderState mRenderHdrSdrRatio=1.0 caller= android.view.SyncRtSurfaceTransactionApplier.applyTransaction:102 android.view.SyncRtSurfaceTransactionApplier.lambda$scheduleApply$0:75 android.view.SyncRtSurfaceTransactionApplier.$r8$lambda$afI4fXg3U3-nBZQEDQMiNy-B06s:0 
10-02 15:03:00.008 19752 19977 I VRI[MainActivity]@ba2ccdd: mWNT: t=0xb400007b77f03c40 mBlastBufferQueue=0xb400007c57f142d0 fn= 7960 HdrRenderState mRenderHdrSdrRatio=1.0 caller= android.view.SyncRtSurfaceTransactionApplier.applyTransaction:102 android.view.SyncRtSurfaceTransactionApplier.lambda$scheduleApply$0:75 android.view.SyncRtSurfaceTransactionApplier.$r8$lambda$afI4fXg3U3-nBZQEDQMiNy-B06s:0 
10-02 15:03:00.056 19752 19752 I View    : setRequestedFrameRate frameRate=NaN, this=android.view.View{fcdbddb V.ED..... ........ 0,0-0,0}, caller=androidx.compose.ui.platform.Api35Impl.setRequestedFrameRate:4047 androidx.compose.ui.platform.AndroidComposeView.dispatchDraw:2282 android.view.View.draw:26758 android.view.View.updateDisplayListIfDirty:25577 android.view.ViewGroup.recreateChildDisplayList:4881 
10-02 15:03:00.065 19752 19752 I View    : setRequestedFrameRate frameRate=-4.0, this=android.view.View{fcdbddb V.ED..... ........ 0,0-0,0}, caller=androidx.compose.ui.platform.Api35Impl.setRequestedFrameRate:4047 androidx.compose.ui.platform.AndroidComposeView.dispatchDraw:2282 android.view.View.draw:26758 android.view.View.updateDisplayListIfDirty:25577 android.view.ViewGroup.recreateChildDisplayList:4881 
10-02 15:03:00.073 19752 19752 I View    : setRequestedFrameRate frameRate=NaN, this=android.view.View{fcdbddb V.ED..... ........ 0,0-0,0}, caller=androidx.compose.ui.platform.Api35Impl.setRequestedFrameRate:4047 androidx.compose.ui.platform.AndroidComposeView.dispatchDraw:2282 android.view.View.draw:26758 android.view.View.updateDisplayListIfDirty:25577 android.view.ViewGroup.recreateChildDisplayList:4881 
10-02 15:03:00.082 19752 19752 I View    : setRequestedFrameRate frameRate=-4.0, this=android.view.View{fcdbddb V.ED..... ........ 0,0-0,0}, caller=androidx.compose.ui.platform.Api35Impl.setRequestedFrameRate:4047 androidx.compose.ui.platform.AndroidComposeView.dispatchDraw:2282 android.view.View.draw:26758 android.view.View.updateDisplayListIfDirty:25577 android.view.ViewGroup.recreateChildDisplayList:4881 
10-02 15:03:00.089 19752 19752 I View    : setRequestedFrameRate frameRate=NaN, this=android.view.View{fcdbddb V.ED..... ........ 0,0-0,0}, caller=androidx.compose.ui.platform.Api35Impl.setRequestedFrameRate:4047 androidx.compose.ui.platform.AndroidComposeView.dispatchDraw:2282 android.view.View.draw:26758 android.view.View.updateDisplayListIfDirty:25577 android.view.ViewGroup.recreateChildDisplayList:4881 
10-02 15:03:00.099 19752 19752 I View    : setRequestedFrameRate frameRate=-4.0, this=android.view.View{fcdbddb V.ED..... ........ 0,0-0,0}, caller=androidx.compose.ui.platform.Api35Impl.setRequestedFrameRate:4047 androidx.compose.ui.platform.AndroidComposeView.dispatchDraw:2282 android.view.View.draw:26758 android.view.View.updateDisplayListIfDirty:25577 android.view.ViewGroup.recreateChildDisplayList:4881 
10-02 15:03:00.116 19752 19752 I View    : setRequestedFrameRate frameRate=NaN, this=android.view.View{fcdbddb V.ED..... ........ 0,0-0,0}, caller=androidx.compose.ui.platform.Api35Impl.setRequestedFrameRate:4047 androidx.compose.ui.platform.AndroidComposeView.dispatchDraw:2282 android.view.View.draw:26758 android.view.View.updateDisplayListIfDirty:25577 android.view.ViewGroup.recreateChildDisplayList:4881 
10-02 15:03:00.133 19752 19752 I View    : setRequestedFrameRate frameRate=-4.0, this=android.view.View{fcdbddb V.ED..... ........ 0,0-0,0}, caller=androidx.compose.ui.platform.Api35Impl.setRequestedFrameRate:4047 androidx.compose.ui.platform.AndroidComposeView.dispatchDraw:2282 android.view.View.draw:26758 android.view.View.updateDisplayListIfDirty:25577 android.view.ViewGroup.recreateChildDisplayList:4881 
10-02 15:03:00.140 19752 19752 I View    : setRequestedFrameRate frameRate=NaN, this=android.view.View{fcdbddb V.ED..... ........ 0,0-0,0}, caller=androidx.compose.ui.platform.Api35Impl.setRequestedFrameRate:4047 androidx.compose.ui.platform.AndroidComposeView.dispatchDraw:2282 android.view.View.draw:26758 android.view.View.updateDisplayListIfDirty:25577 android.view.ViewGroup.recreateChildDisplayList:4881 
10-02 15:03:00.383 19752 19752 I InsetsController: onStateChanged: host=com.negi.survey.local/com.negi.survey.MainActivity, from=android.view.ViewRootImpl.onInsetsStateChanged:3038, state=InsetsState: {mDisplayFrame=Rect(0, 0 - 1080, 2340), mDisplayCutout=DisplayCutout{insets=Rect(0, 82 - 0, 0) waterfall=Insets{left=0, top=0, right=0, bottom=0} boundingRect={Bounds=[Rect(0, 0 - 0, 0), Rect(511, 24 - 569, 82), Rect(0, 0 - 0, 0), Rect(0, 0 - 0, 0)]} cutoutPathParserInfo={CutoutPathParserInfo{displayWidth=1080 displayHeight=2340 physicalDisplayWidth=1080 physicalDisplayHeight=2340 density={2.8125} cutoutSpec={M 0,0 M 0, 8.533333333333333 a 10.31111111111111,10.31111111111111 0 1,0 0,20.62222222222222 a 10.31111111111111,10.31111111111111 0 1,0 0,-20.62222222222222 Z @dp} rotation={0} scale={1.0} physicalPixelDisplaySizeRatio={1.0}}} sideOverrides={}}, mRoundedCorners=RoundedCorners{[RoundedCorner{position=TopLeft, radius=113, center=Point(113, 113)}, RoundedCorner{position=TopRight, radius=113, center=Point(967, 113)}, RoundedCorner{position=BottomRight, radius=113, center=Point(967, 2227)}, RoundedCorner{position=BottomLeft, radius=113, center=Point(113, 2227)}]}  mRoundedCornerFrame=Rect(0, 0 - 1080, 2340), mPrivacyIndicatorBounds=PrivacyIndicatorBounds {static bounds=Rect(956, 0 - 1080, 97) rotation=0}, mDisplayShape=DisplayShape{ spec=-311912193 displayWidth=1080 displayHeight=2340 physicalPixelDisplaySizeRatio=1.0 rotation=0 offsetX=0 offsetY=0 scale=1.0}, mSources= { InsetsSource: {d29a0000 mType=statusBars mFrame=[0,0][1080,97] mAttachedInsets=null mVisible=true mFlags= mSideHint=TOP mBoundingRects=null}, InsetsSource: {d29a0005 mType=mandatorySystemGestures mFrame=[0,0][1080,116] mAttachedInsets=null mVisible=true mFlags= mSideHint=TOP mBoundingRects=null}, InsetsSource: {d29a0006 mType=tappableElement mFrame=[0,0][1080,97] mAttachedInsets=null mVisible=true mFlags= mSideHint=TOP mBoundingRects=null}, InsetsSource: {3 mType=ime mFrame=[0,0][0,0] mAttachedInsets=null mVisible=false mFlags=INVALID mSideHint=NONE mBoundingRects=null}, InsetsSource: {27 mType=displayCutout mFrame=[0,0][1080,82] mAttachedInsets=null mVisible=true mFlags= mSideHint=TOP mBoundingRects=null}, InsetsSource: {4b5d0001 mType=navigationBars mFrame=[0,2205][1080,2340] mAttachedInsets=null mVisible=true mFlags= mSideHint=BOTTOM mBoundingRects=null}, InsetsSource: {4b5d0004 mType=systemGestures mFrame=[0,0][0,0] mAttachedInsets=null mVisible=true mFlags= mSideHint=NONE mBoundingRects=null}, InsetsSource: {4b5d0005 mType=mandatorySystemGestures mFrame=[0,2205][1080,2340] mAttachedInsets=null mVisible=true mFlags= mSideHint=BOTTOM mBoundingRects=null}, InsetsSource: {4b5d0006 mType=tappableElement mFrame=[0,2205][1080,2340] mAttachedInsets=null mVisible=true mFlags= mSideHint=BOTTOM mBoundingRects=null}, InsetsSource: {4b5d0024 mType=systemGestures mFrame=[0,0][0,0] mAttachedInsets=null mVisible=true mFlags= mSideHint=NONE mBoundingRects=null} }
10-02 15:03:00.383 19752 19752 I VRI[MainActivity]@ba2ccdd: handleResized, frames=ClientWindowFrames{frame=[0,0][1080,2340] display=[0,0][1080,2340] parentFrame=[0,0][0,0]} displayId=0 dragResizing=false compatScale=1.0 frameChanged=false attachedFrameChanged=false configChanged=false displayChanged=false compatScaleChanged=false dragResizingChanged=false
10-02 15:03:02.665 19752 19752 I VRI[MainActivity]@ba2ccdd: call setFrameRateCategory for touch hint category=no preference, reason=boost timeout, vri=VRI[MainActivity]@ba2ccdd
10-02 15:03:04.403 19752 26803 W native  : W0000 00:00:1790971384.402836   26803 sampler_factory.cc:408] OpenCL sampler not available, falling back to statically linked C API: UNAVAILABLE: ERROR: [third_party/odml/litert_lm/runtime/components/sampler_factory.cc:324]
10-02 15:03:04.403 19752 26803 W native  : └ Could not load shared library libLiteRtTopKOpenClSampler.so: dlopen failed: library "libLiteRtTopKOpenClSampler.so" not found.
10-02 15:03:04.403 19752 26803 W native  : === Source Location Trace: ===
10-02 15:03:04.403 19752 26803 W native  : ./third_party/odml/litert/litert/cc/litert_macros.h:578
10-02 15:03:05.309 19752 26803 W LiteRtLM: Inference first output: key='fs|dev=65088|ino=45187|size=4919541760|mtime=1790971030441' runId=1 ttftMs=5624 dispatchMs=51 postDispatchTtftMs=5573 requestToFirstOutputMs=5628
10-02 15:03:05.309 19752 26803 W LiteRtLM: Inference first output: key='fs|dev=65088|ino=45187|size=4919541760|mtime=1790971030441' runId=1 ttftMs=5624 dispatchMs=51 postDispatchTtftMs=5573 requestToFirstOutputMs=5628
10-02 15:03:05.309 19752 26803 D LiteRtLM: stream[key=fs|dev=65088|ino=45187|size=4919541760|mtime=1790971030441 runId=1] msg#1 rawChunkLen=2 deltaLen=2 emittedChars=2
10-02 15:03:05.309 19752 19752 D LiteRtRepository: stream[rid=1 msg#1] done=false deltaLen=2 outLen=2 outPreview='{"' deltaPreview='{"'
10-02 15:03:05.309 19752 19944 D AiViewModel: run[1] chunk[1].preview='{"'
10-02 15:03:05.426 19752 19944 D AiViewModel: run[1] chunk[2].preview='score'
10-02 15:03:05.552 19752 19944 D AiViewModel: run[1] chunk[3].preview='":'
10-02 15:03:05.675 19752 19944 D AiViewModel: run[1] chunk[4].preview='1'
10-02 15:03:05.793 19752 19944 D AiViewModel: run[1] chunk[5].preview='0'
10-02 15:03:05.917 19752 19944 D AiViewModel: run[1] chunk[6].preview='0'
10-02 15:03:06.042 19752 19944 D AiViewModel: run[1] chunk[7].preview=',"'
10-02 15:03:06.166 19752 19752 D LiteRtRepository: stream[rid=1 msg#8] done=false deltaLen=7 outLen=21 outPreview='{"score":100,"missing' deltaPreview='missing'
10-02 15:03:06.166 19752 19944 D AiViewModel: run[1] chunk[8].preview='missing'
10-02 15:03:06.284 19752 19944 D AiViewModel: run[1] chunk[9].preview='_'
10-02 15:03:06.408 19752 19944 D AiViewModel: run[1] chunk[10].preview='points'
10-02 15:03:06.523 19752 19944 D AiViewModel: run[1] chunk[11].preview='":[],'
10-02 15:03:06.632 19752 19838 D InputTransport: Input channel destroyed: 'ClientS', fd=151
10-02 15:03:06.639 19752 19944 D AiViewModel: run[1] chunk[12].preview='"'
10-02 15:03:06.757 19752 20037 D AiViewModel: run[1] chunk[13].preview='follow'
10-02 15:03:06.867 19752 19944 D AiViewModel: run[1] chunk[14].preview='up'
10-02 15:03:06.982 19752 19944 D AiViewModel: run[1] chunk[15].preview='_'
10-02 15:03:07.108 19752 26803 D LiteRtLM: stream[key=fs|dev=65088|ino=45187|size=4919541760|mtime=1790971030441 runId=1] msg#16 rawChunkLen=6 deltaLen=6 emittedChars=49
10-02 15:03:07.108 19752 19752 D LiteRtRepository: stream[rid=1 msg#16] done=false deltaLen=6 outLen=49 outPreview='{"score":100,"missing_points":[],"followup_needed' deltaPreview='needed'
10-02 15:03:07.109 19752 19944 D AiViewModel: run[1] chunk[16].preview='needed'
10-02 15:03:07.235 19752 19944 D AiViewModel: run[1] chunk[17].preview='":'
10-02 15:03:07.358 19752 19944 D AiViewModel: run[1] chunk[18].preview='false'
10-02 15:03:07.481 19752 26816 D LiteRtLM: state[logicalDone] key='fs|dev=65088|ino=45187|size=4919541760|mtime=1790971030441' runId=1 active=true terminated=true logicalDone=true cancel=false pendingCancel=false lastMsgAt=73113113 lastTermAt=73113114
10-02 15:03:07.482 19752 20037 D AiViewModel: run[1] chunk[19].preview='}'
10-02 15:03:07.482 19752 26816 D LiteRtLM: state[nativeDone:beforeRelease] key='fs|dev=65088|ino=45187|size=4919541760|mtime=1790971030441' runId=1 active=true terminated=true logicalDone=true cancel=false pendingCancel=false lastMsgAt=73113113 lastTermAt=73113114
10-02 15:03:07.482 19752 26816 W LiteRtLM: Inference timing: key='fs|dev=65088|ino=45187|size=4919541760|mtime=1790971030441' runId=1 ttftMs=5624 dispatchMs=51 postDispatchTtftMs=5573 totalMs=7797 callbacks=19 outputChars=57 cancelled=false error=false requestTotalMs=7801
10-02 15:03:07.482 19752 26816 W LiteRtLM: Inference timing: key='fs|dev=65088|ino=45187|size=4919541760|mtime=1790971030441' runId=1 ttftMs=5624 dispatchMs=51 postDispatchTtftMs=5573 totalMs=7797 callbacks=19 outputChars=57 cancelled=false error=false requestTotalMs=7801
10-02 15:03:07.482 19752 26816 I LiteRtLM: LiteRT completion: runId=1 terminal=normal_onDone phase=unavailable engineTokenCapacity=1024 prefillTokens=-1 decodeTokens=-1 kvTokens=-1 outputChars=57 callbacks=19
10-02 15:03:07.483 19752 26816 I LiteRtLM: LiteRT completion: runId=1 terminal=normal_onDone phase=unavailable engineTokenCapacity=1024 prefillTokens=-1 decodeTokens=-1 kvTokens=-1 outputChars=57 callbacks=19
10-02 15:03:07.483 19752 19752 D LiteRtRepository: [1] logical done=true; responseClosed=true; waiting native cleanup
10-02 15:03:07.483 19752 19939 D AiViewModel: run[1] stats: chunks=19, chars=57, raw.len=57
10-02 15:03:07.483 19752 19752 D LiteRtRepository: [1] native cleanup safepoint
10-02 15:03:07.484 19752 19939 D AiViewModel: run[1] sha(raw)=ab14b55001d2beb69ad04631415bb763a2b057d9ad93175f37b561b905266cd3
10-02 15:03:07.484 19752 19939 D AiViewModel: run[1] rawVisible='{"score":100,"missing_points":[],"followup_needed":false}'
10-02 15:03:07.484 19752 20679 D SLM     : resetConversationAndWait: model='Gemma3n4B' image=false audio=false
10-02 15:03:07.492 19752 19902 D LiteRtRepository: [1] Conversation reset completed after safepoint
10-02 15:03:07.493 19752 20037 D LiteRtRepository: [part=000] [1] FINALIZE: native-terminated
10-02 15:03:07.493 19752 20037 D LiteRtRepository: === AI TRACE STATS (LiteRtRepository) ===
10-02 15:03:07.493 19752 20037 D LiteRtRepository: rid=1 model='Gemma3n4B' reason=native-terminated
10-02 15:03:07.493 19752 20037 D LiteRtRepository: totalMs=7818 inferenceMs=7814 firstTokenMs=5630
10-02 15:03:07.493 19752 20037 D LiteRtRepository: logicalDone=true logicalDoneAt=73113115
10-02 15:03:07.493 19752 20037 D LiteRtRepository: nativeTerminated=true cancelTag='null'
10-02 15:03:07.493 19752 20037 D LiteRtRepository: lastDeltaMsAgo=11 lastEventMsAgo=9
10-02 15:03:07.493 19752 20037 D LiteRtRepository: chunks=19 emittedChars=57 capturedAll=true out.len=57
10-02 15:03:07.493 19752 20037 D LiteRtRepository: === OUTPUT (FULL) ===
10-02 15:03:07.493 19752 20037 D LiteRtRepository: {"score":100,"missing_points":[],"followup_needed":false}
10-02 15:03:07.495 19752 19939 D AiViewModel: run[1]: EVAL_JSON parsed score=100 followups=0 fu0=''
10-02 15:03:07.495 19752 19939 D AiViewModel: stepHistory+ runId=1 phase=EVAL mode=EVAL_JSON raw.len=57 score=100 FU=0 FU0='<none>' timeout=false err=null
10-02 15:03:07.496 19752 19939 I AiViewModel: run[1] done: phase=EVAL mode=EVAL_JSON score=100 FU0.len=0 FU0.sha16=none commit=true err=<none>
10-02 15:03:07.496 19752 19939 I FullTextOut: [part=000] run[1]: RawTextOut
10-02 15:03:07.496 19752 19939 I FullTextOut: {"score":100,"missing_points":[],"followup_needed":false}
10-02 15:03:07.501 19752 19939 D AiViewModel: chain2: step2 skipped (score=100, followups=0, timedOut=false, rawPreview='{"score":100,"missing_points":[],"followup_needed":false}')
10-02 15:03:07.501 19752 19752 I View    : setRequestedFrameRate frameRate=-4.0, this=android.view.View{fcdbddb V.ED..... ........ 0,0-0,0}, caller=androidx.compose.ui.platform.Api35Impl.setRequestedFrameRate:4047 androidx.compose.ui.platform.AndroidComposeView.dispatchDraw:2282 android.view.View.draw:26758 android.view.View.updateDisplayListIfDirty:25577 android.view.ViewGroup.recreateChildDisplayList:4881 
10-02 15:03:07.530 19752 19752 I View    : setRequestedFrameRate frameRate=NaN, this=android.view.View{fcdbddb V.ED..... ........ 0,0-0,0}, caller=androidx.compose.ui.platform.Api35Impl.setRequestedFrameRate:4047 androidx.compose.ui.platform.AndroidComposeView.dispatchDraw:2282 android.view.View.draw:26758 android.view.View.updateDisplayListIfDirty:25577 android.view.ViewGroup.recreateChildDisplayList:4881 
10-02 15:03:07.556 19752 19752 I View    : setRequestedFrameRate frameRate=-4.0, this=android.view.View{fcdbddb V.ED..... ........ 0,0-0,0}, caller=androidx.compose.ui.platform.Api35Impl.setRequestedFrameRate:4047 androidx.compose.ui.platform.AndroidComposeView.dispatchDraw:2282 android.view.View.draw:26758 android.view.View.updateDisplayListIfDirty:25577 android.view.ViewGroup.recreateChildDisplayList:4881 
10-02 15:03:07.560 19752 19752 I View    : setRequestedFrameRate frameRate=NaN, this=android.view.View{fcdbddb V.ED..... ........ 0,0-0,0}, caller=androidx.compose.ui.platform.Api35Impl.setRequestedFrameRate:4047 androidx.compose.ui.platform.AndroidComposeView.dispatchDraw:2282 android.view.View.draw:26758 android.view.View.updateDisplayListIfDirty:25577 android.view.ViewGroup.recreateChildDisplayList:4881 
10-02 15:03:41.568 19752 19752 I VRI[MainActivity]@ba2ccdd: ViewPostIme pointer 0
10-02 15:03:41.572 19752 19752 I VRI[MainActivity]@ba2ccdd: call setFrameRateCategory for touch hint category=high hint, reason=touch, vri=VRI[MainActivity]@ba2ccdd
10-02 15:03:41.573 19752 19752 I VRI[MainActivity]@ba2ccdd: ViewPostIme pointer 1
10-02 15:03:41.575 19752 19752 D InsetsController: hide(ime())
10-02 15:03:41.575 19752 19752 I ImeTracker: com.negi.survey.local:5fec7d95: onRequestHide at ORIGIN_CLIENT reason HIDE_SOFT_INPUT_BY_INSETS_API fromUser false
10-02 15:03:41.575 19752 19752 I ImeTracker: com.negi.survey.local:5fec7d95: onCancelled at PHASE_CLIENT_ALREADY_HIDDEN
10-02 15:03:44.579 19752 19752 I VRI[MainActivity]@ba2ccdd: call setFrameRateCategory for touch hint category=no preference, reason=boost timeout, vri=VRI[MainActivity]@ba2ccdd
10-02 15:03:58.351 19752 19752 I VRI[MainActivity]@ba2ccdd: ViewPostIme pointer 0
10-02 15:03:58.354 19752 19752 I VRI[MainActivity]@ba2ccdd: call setFrameRateCategory for touch hint category=high hint, reason=touch, vri=VRI[MainActivity]@ba2ccdd
10-02 15:03:58.357 19752 19752 I VRI[MainActivity]@ba2ccdd: ViewPostIme pointer 1
10-02 15:03:58.359 19752 19752 D SurveyVM: push -> Q8, navSize=11, stackSize=11
10-02 15:03:58.369 19752 19752 D SurveyVM: hasTwoStepPrompt[Q8] -> true (eval=190, fu=215)
10-02 15:03:58.380 19752 19752 I View    : setRequestedFrameRate frameRate=-4.0, this=android.view.View{fcdbddb V.ED..... ........ 0,0-0,0}, caller=androidx.compose.ui.platform.Api35Impl.setRequestedFrameRate:4047 androidx.compose.ui.platform.AndroidComposeView.dispatchDraw:2282 android.view.View.draw:26758 android.view.View.updateDisplayListIfDirty:25577 android.view.ViewGroup.recreateChildDisplayList:4881 
10-02 15:03:58.381 19752 19752 D WhisperSpeechController: updateContext: surveyId=e62d665e-992d-4f7a-833f-8c7e102fb2f6, questionId=Q8
10-02 15:03:58.388 19752 19752 D WhisperSpeechController: updateContext: surveyId=e62d665e-992d-4f7a-833f-8c7e102fb2f6, questionId=Q8
10-02 15:03:58.417 19752 19752 I View    : setRequestedFrameRate frameRate=NaN, this=android.view.View{fcdbddb V.ED..... ........ 0,0-0,0}, caller=androidx.compose.ui.platform.Api35Impl.setRequestedFrameRate:4047 androidx.compose.ui.platform.AndroidComposeView.dispatchDraw:2282 android.view.View.draw:26758 android.view.View.updateDisplayListIfDirty:25577 android.view.ViewGroup.recreateChildDisplayList:4881 
10-02 15:03:58.427 19752 19752 D InputMethodManagerUtils: startInputInner - Id : 0
10-02 15:03:58.427 19752 19752 I InputMethodManager: startInputInner - IInputMethodManagerGlobalInvoker.startInputOrWindowGainedFocus
10-02 15:03:58.428 19752 19752 D InsetsController: show(ime())
10-02 15:03:58.428 19752 19752 I ImeTracker: com.negi.survey.local:8fb8c845: onRequestShow at ORIGIN_CLIENT reason SHOW_SOFT_INPUT_BY_INSETS_API fromUser false
10-02 15:03:58.428 19752 19752 D InsetsController: Setting requestedVisibleTypes to 511 (was 503)
10-02 15:03:58.429 19752 19752 I InsetsController: setRequestedVisibleTypes: visible=true, mask=ime, host=com.negi.survey.local/com.negi.survey.MainActivity, from=android.view.InsetsController.controlAnimationUnchecked:1646 android.view.InsetsController.applyAnimation:2278 android.view.InsetsController.applyAnimation:2207 android.view.InsetsController.show:1498 android.view.InsetsController.show:1435 androidx.core.view.SoftwareKeyboardControllerCompat$Impl30.show:189 androidx.core.view.SoftwareKeyboardControllerCompat.show:70 androidx.compose.ui.text.input.InputMethodManagerImpl.showSoftInput:81 androidx.compose.ui.text.input.TextInputServiceAndroid.setKeyboardVisibleImmediately:468 androidx.compose.ui.text.input.TextInputServiceAndroid.processInputCommands:352 
10-02 15:03:58.438 19752 19752 I InputMethodManager_LC: showSoftInput(View,I)
10-02 15:03:58.438 19752 19752 I ImeTracker: com.negi.survey.local:84c8ce66: onRequestShow at ORIGIN_CLIENT reason SHOW_SOFT_INPUT fromUser false
10-02 15:03:58.438 19752 19752 I InputMethodManager_LC: ssi(): flags=0 view=com.negi.survey.local reason=SHOW_SOFT_INPUT
10-02 15:03:58.438 19752 19752 I InputMethodManager_LC: ssi() view is not EditText
10-02 15:03:58.438 19752 19752 D InsetsController: show(ime())
10-02 15:03:58.438 19752 19752 I ImeTracker: com.negi.survey.local:84c8ce66: onCancelled at PHASE_CLIENT_REPORT_REQUESTED_VISIBLE_TYPES
10-02 15:03:58.451 19752 19752 I VRI[MainActivity]@ba2ccdd: handleResized, frames=ClientWindowFrames{frame=[0,0][1080,2340] display=[0,0][1080,2340] parentFrame=[0,0][0,0]} displayId=0 dragResizing=false compatScale=1.0 frameChanged=false attachedFrameChanged=false configChanged=false displayChanged=false compatScaleChanged=false dragResizingChanged=false
10-02 15:03:58.464 19752 19859 D InputTransport: Input channel constructed: 'ClientS', fd=165
10-02 15:03:58.635 19752 19752 D WindowOnBackDispatcher: setTopOnBackInvokedCallback (unwrapped): android.view.ImeBackAnimationController@d88cdb2
10-02 15:03:58.695 19752 19752 I InsetsController: onStateChanged: host=com.negi.survey.local/com.negi.survey.MainActivity, from=android.view.ViewRootImpl.onInsetsStateChanged:3038, state=InsetsState: {mDisplayFrame=Rect(0, 0 - 1080, 2340), mDisplayCutout=DisplayCutout{insets=Rect(0, 82 - 0, 0) waterfall=Insets{left=0, top=0, right=0, bottom=0} boundingRect={Bounds=[Rect(0, 0 - 0, 0), Rect(511, 24 - 569, 82), Rect(0, 0 - 0, 0), Rect(0, 0 - 0, 0)]} cutoutPathParserInfo={CutoutPathParserInfo{displayWidth=1080 displayHeight=2340 physicalDisplayWidth=1080 physicalDisplayHeight=2340 density={2.8125} cutoutSpec={M 0,0 M 0, 8.533333333333333 a 10.31111111111111,10.31111111111111 0 1,0 0,20.62222222222222 a 10.31111111111111,10.31111111111111 0 1,0 0,-20.62222222222222 Z @dp} rotation={0} scale={1.0} physicalPixelDisplaySizeRatio={1.0}}} sideOverrides={}}, mRoundedCorners=RoundedCorners{[RoundedCorner{position=TopLeft, radius=113, center=Point(113, 113)}, RoundedCorner{position=TopRight, radius=113, center=Point(967, 113)}, RoundedCorner{position=BottomRight, radius=113, center=Point(967, 2227)}, RoundedCorner{position=BottomLeft, radius=113, center=Point(113, 2227)}]}  mRoundedCornerFrame=Rect(0, 0 - 1080, 2340), mPrivacyIndicatorBounds=PrivacyIndicatorBounds {static bounds=Rect(956, 0 - 1080, 97) rotation=0}, mDisplayShape=DisplayShape{ spec=-311912193 displayWidth=1080 displayHeight=2340 physicalPixelDisplaySizeRatio=1.0 rotation=0 offsetX=0 offsetY=0 scale=1.0}, mSources= { InsetsSource: {d29a0000 mType=statusBars mFrame=[0,0][1080,97] mAttachedInsets=null mVisible=true mFlags= mSideHint=TOP mBoundingRects=null}, InsetsSource: {d29a0005 mType=mandatorySystemGestures mFrame=[0,0][1080,116] mAttachedInsets=null mVisible=true mFlags= mSideHint=TOP mBoundingRects=null}, InsetsSource: {d29a0006 mType=tappableElement mFrame=[0,0][1080,97] mAttachedInsets=null mVisible=true mFlags= mSideHint=TOP mBoundingRects=null}, InsetsSource: {3 mType=ime mFrame=[0,1332][1080,2340] mAttachedInsets=null mVisible=true mFlags= mSideHint=BOTTOM mBoundingRects=null}, InsetsSource: {27 mType=displayCutout mFrame=[0,0][1080,82] mAttachedInsets=null mVisible=true mFlags= mSideHint=TOP mBoundingRects=null}, InsetsSource: {4b5d0001 mType=navigationBars mFrame=[0,2205][1080,2340] mAttachedInsets=null mVisible=true mFlags= mSideHint=BOTTOM mBoundingRects=null}, InsetsSource: {4b5d0004 mType=systemGestures mFrame=[0,0][0,0] mAttachedInsets=null mVisible=true mFlags= mSideHint=NONE mBoundingRects=null}, InsetsSource: {4b5d0005 mType=mandatorySystemGestures mFrame=[0,2205][1080,2340] mAttachedInsets=null mVisible=true mFlags= mSideHint=BOTTOM mBoundingRects=null}, InsetsSource: {4b5d0006 mType=tappableElement mFrame=[0,2205][1080,2340] mAttachedInsets=null mVisible=true mFlags= mSideHint=BOTTOM mBoundingRects=null}, InsetsSource: {4b5d0024 mType=systemGestures mFrame=[0,0][0,0] mAttachedInsets=null mVisible=true mFlags= mSideHint=NONE mBoundingRects=null} }
10-02 15:03:58.695 19752 19752 I VRI[MainActivity]@ba2ccdd: handleResized, frames=ClientWindowFrames{frame=[0,0][1080,2340] display=[0,0][1080,2340] parentFrame=[0,0][0,0]} displayId=0 dragResizing=false compatScale=1.0 frameChanged=false attachedFrameChanged=false configChanged=false displayChanged=false compatScaleChanged=false dragResizingChanged=false
10-02 15:03:58.711 19752 19752 I InsetsController: onStateChanged: host=com.negi.survey.local/com.negi.survey.MainActivity, from=android.view.ViewRootImpl.onInsetsStateChanged:3038, state=InsetsState: {mDisplayFrame=Rect(0, 0 - 1080, 2340), mDisplayCutout=DisplayCutout{insets=Rect(0, 82 - 0, 0) waterfall=Insets{left=0, top=0, right=0, bottom=0} boundingRect={Bounds=[Rect(0, 0 - 0, 0), Rect(511, 24 - 569, 82), Rect(0, 0 - 0, 0), Rect(0, 0 - 0, 0)]} cutoutPathParserInfo={CutoutPathParserInfo{displayWidth=1080 displayHeight=2340 physicalDisplayWidth=1080 physicalDisplayHeight=2340 density={2.8125} cutoutSpec={M 0,0 M 0, 8.533333333333333 a 10.31111111111111,10.31111111111111 0 1,0 0,20.62222222222222 a 10.31111111111111,10.31111111111111 0 1,0 0,-20.62222222222222 Z @dp} rotation={0} scale={1.0} physicalPixelDisplaySizeRatio={1.0}}} sideOverrides={}}, mRoundedCorners=RoundedCorners{[RoundedCorner{position=TopLeft, radius=113, center=Point(113, 113)}, RoundedCorner{position=TopRight, radius=113, center=Point(967, 113)}, RoundedCorner{position=BottomRight, radius=113, center=Point(967, 2227)}, RoundedCorner{position=BottomLeft, radius=113, center=Point(113, 2227)}]}  mRoundedCornerFrame=Rect(0, 0 - 1080, 2340), mPrivacyIndicatorBounds=PrivacyIndicatorBounds {static bounds=Rect(956, 0 - 1080, 97) rotation=0}, mDisplayShape=DisplayShape{ spec=-311912193 displayWidth=1080 displayHeight=2340 physicalPixelDisplaySizeRatio=1.0 rotation=0 offsetX=0 offsetY=0 scale=1.0}, mSources= { InsetsSource: {d29a0000 mType=statusBars mFrame=[0,0][1080,97] mAttachedInsets=null mVisible=true mFlags= mSideHint=TOP mBoundingRects=null}, InsetsSource: {d29a0005 mType=mandatorySystemGestures mFrame=[0,0][1080,116] mAttachedInsets=null mVisible=true mFlags= mSideHint=TOP mBoundingRects=null}, InsetsSource: {d29a0006 mType=tappableElement mFrame=[0,0][1080,97] mAttachedInsets=null mVisible=true mFlags= mSideHint=TOP mBoundingRects=null}, InsetsSource: {3 mType=ime mFrame=[0,1332][1080,2340] mAttachedInsets=null mVisible=true mFlags= mSideHint=BOTTOM mBoundingRects=null}, InsetsSource: {27 mType=displayCutout mFrame=[0,0][1080,82] mAttachedInsets=null mVisible=true mFlags= mSideHint=TOP mBoundingRects=null}, InsetsSource: {4b5d0001 mType=navigationBars mFrame=[0,2205][1080,2340] mAttachedInsets=null mVisible=true mFlags= mSideHint=BOTTOM mBoundingRects=null}, InsetsSource: {4b5d0004 mType=systemGestures mFrame=[0,0][0,0] mAttachedInsets=null mVisible=true mFlags= mSideHint=NONE mBoundingRects=null}, InsetsSource: {4b5d0005 mType=mandatorySystemGestures mFrame=[0,2205][1080,2340] mAttachedInsets=null mVisible=true mFlags= mSideHint=BOTTOM mBoundingRects=null}, InsetsSource: {4b5d0006 mType=tappableElement mFrame=[0,2205][1080,2340] mAttachedInsets=null mVisible=true mFlags= mSideHint=BOTTOM mBoundingRects=null}, InsetsSource: {4b5d0024 mType=systemGestures mFrame=[0,0][0,0] mAttachedInsets=null mVisible=true mFlags= mSideHint=NONE mBoundingRects=null} }
10-02 15:03:58.715 19752 19752 D VRI[MainActivity]@ba2ccdd: WindowInsets changed: ime:[0,0,0,1008] 
10-02 15:03:58.716 19752 19752 I BLASTBufferQueue_Java: update, w= 1080 h= 2340 mName = VRI[MainActivity]@ba2ccdd mNativeObject= 0xb400007c57f142d0 sc.mNativeObject= 0xb400007ba7ee7d10 format= -1 caller= android.view.ViewRootImpl.updateBlastSurfaceIfNeeded:3592 android.view.ViewRootImpl.relayoutWindow:11813 android.view.ViewRootImpl.performTraversals:4840 android.view.ViewRootImpl.doTraversal:3959 android.view.ViewRootImpl$TraversalRunnable.run:13034 android.view.Choreographer$CallbackRecord.run:1961 
10-02 15:03:58.716 19752 19752 I VRI[MainActivity]@ba2ccdd: Relayout returned: old=(0,0,1080,2340) new=(0,0,1080,2340) relayoutAsync=true req=(1080,2340)0 dur=1 res=0x0 s={true 0xb400007b97f0de20} ch=false seqId=0
10-02 15:03:58.717 19752 19752 I VRI[MainActivity]@ba2ccdd: registerCallbackForPendingTransactions
10-02 15:03:58.718 19752 19978 I VRI[MainActivity]@ba2ccdd: mWNT: t=0xb400007b7865af60 mBlastBufferQueue=0xb400007c57f142d0 fn= 14997 HdrRenderState mRenderHdrSdrRatio=1.0 caller= android.view.SyncRtSurfaceTransactionApplier.applyTransaction:102 android.view.SyncRtSurfaceTransactionApplier.lambda$scheduleApply$0:75 android.view.SyncRtSurfaceTransactionApplier.$r8$lambda$afI4fXg3U3-nBZQEDQMiNy-B06s:0 
10-02 15:03:58.718 19752 19978 I VRI[MainActivity]@ba2ccdd: mWNT: t=0xb400007b786c93d0 mBlastBufferQueue=0xb400007c57f142d0 fn= 14997 HdrRenderState mRenderHdrSdrRatio=1.0 caller= android.view.ViewRootImpl$10.onFrameDraw:6615 android.view.ViewRootImpl$4.onFrameDraw:2485 android.view.ThreadedRenderer$1.onFrameDraw:751 
10-02 15:03:58.729 19752 19977 I VRI[MainActivity]@ba2ccdd: mWNT: t=0xb400007b786cbfc0 mBlastBufferQueue=0xb400007c57f142d0 fn= 14998 HdrRenderState mRenderHdrSdrRatio=1.0 caller= android.view.SyncRtSurfaceTransactionApplier.applyTransaction:102 android.view.SyncRtSurfaceTransactionApplier.lambda$scheduleApply$0:75 android.view.SyncRtSurfaceTransactionApplier.$r8$lambda$afI4fXg3U3-nBZQEDQMiNy-B06s:0 
10-02 15:03:58.737 19752 19752 I View    : setRequestedFrameRate frameRate=-4.0, this=android.view.View{fcdbddb V.ED..... ........ 0,0-0,0}, caller=androidx.compose.ui.platform.Api35Impl.setRequestedFrameRate:4047 androidx.compose.ui.platform.AndroidComposeView.dispatchDraw:2282 android.view.View.draw:26758 android.view.View.updateDisplayListIfDirty:25577 android.view.View.draw:26477 
10-02 15:03:58.738 19752 19978 I VRI[MainActivity]@ba2ccdd: mWNT: t=0xb400007b7866f0d0 mBlastBufferQueue=0xb400007c57f142d0 fn= 14998 HdrRenderState mRenderHdrSdrRatio=1.0 caller= android.view.SyncRtSurfaceTransactionApplier.applyTransaction:102 android.view.SyncRtSurfaceTransactionApplier.lambda$scheduleApply$0:75 android.view.SyncRtSurfaceTransactionApplier.$r8$lambda$afI4fXg3U3-nBZQEDQMiNy-B06s:0 
10-02 15:03:58.745 19752 19977 I VRI[MainActivity]@ba2ccdd: mWNT: t=0xb400007b77fdfe30 mBlastBufferQueue=0xb400007c57f142d0 fn= 14999 HdrRenderState mRenderHdrSdrRatio=1.0 caller= android.view.SyncRtSurfaceTransactionApplier.applyTransaction:102 android.view.SyncRtSurfaceTransactionApplier.lambda$scheduleApply$0:75 android.view.SyncRtSurfaceTransactionApplier.$r8$lambda$afI4fXg3U3-nBZQEDQMiNy-B06s:0 
10-02 15:03:58.753 19752 19978 I VRI[MainActivity]@ba2ccdd: mWNT: t=0xb400007b78696a70 mBlastBufferQueue=0xb400007c57f142d0 fn= 15000 HdrRenderState mRenderHdrSdrRatio=1.0 caller= android.view.SyncRtSurfaceTransactionApplier.applyTransaction:102 android.view.SyncRtSurfaceTransactionApplier.lambda$scheduleApply$0:75 android.view.SyncRtSurfaceTransactionApplier.$r8$lambda$afI4fXg3U3-nBZQEDQMiNy-B06s:0 
10-02 15:03:58.763 19752 19977 I VRI[MainActivity]@ba2ccdd: mWNT: t=0xb400007b7865b650 mBlastBufferQueue=0xb400007c57f142d0 fn= 15001 HdrRenderState mRenderHdrSdrRatio=1.0 caller= android.view.SyncRtSurfaceTransactionApplier.applyTransaction:102 android.view.SyncRtSurfaceTransactionApplier.lambda$scheduleApply$0:75 android.view.SyncRtSurfaceTransactionApplier.$r8$lambda$afI4fXg3U3-nBZQEDQMiNy-B06s:0 
10-02 15:03:58.771 19752 19978 I VRI[MainActivity]@ba2ccdd: mWNT: t=0xb400007b786c9d10 mBlastBufferQueue=0xb400007c57f142d0 fn= 15002 HdrRenderState mRenderHdrSdrRatio=1.0 caller= android.view.SyncRtSurfaceTransactionApplier.applyTransaction:102 android.view.SyncRtSurfaceTransactionApplier.lambda$scheduleApply$0:75 android.view.SyncRtSurfaceTransactionApplier.$r8$lambda$afI4fXg3U3-nBZQEDQMiNy-B06s:0 
10-02 15:03:58.780 19752 19977 I VRI[MainActivity]@ba2ccdd: mWNT: t=0xb400007b786758e0 mBlastBufferQueue=0xb400007c57f142d0 fn= 15003 HdrRenderState mRenderHdrSdrRatio=1.0 caller= android.view.SyncRtSurfaceTransactionApplier.applyTransaction:102 android.view.SyncRtSurfaceTransactionApplier.lambda$scheduleApply$0:75 android.view.SyncRtSurfaceTransactionApplier.$r8$lambda$afI4fXg3U3-nBZQEDQMiNy-B06s:0 
10-02 15:03:58.788 19752 19978 I VRI[MainActivity]@ba2ccdd: mWNT: t=0xb400007b786627a0 mBlastBufferQueue=0xb400007c57f142d0 fn= 15004 HdrRenderState mRenderHdrSdrRatio=1.0 caller= android.view.SyncRtSurfaceTransactionApplier.applyTransaction:102 android.view.SyncRtSurfaceTransactionApplier.lambda$scheduleApply$0:75 android.view.SyncRtSurfaceTransactionApplier.$r8$lambda$afI4fXg3U3-nBZQEDQMiNy-B06s:0 
10-02 15:03:58.795 19752 19977 I VRI[MainActivity]@ba2ccdd: mWNT: t=0xb400007b78674660 mBlastBufferQueue=0xb400007c57f142d0 fn= 15005 HdrRenderState mRenderHdrSdrRatio=1.0 caller= android.view.SyncRtSurfaceTransactionApplier.applyTransaction:102 android.view.SyncRtSurfaceTransactionApplier.lambda$scheduleApply$0:75 android.view.SyncRtSurfaceTransactionApplier.$r8$lambda$afI4fXg3U3-nBZQEDQMiNy-B06s:0 
10-02 15:03:58.803 19752 19978 I VRI[MainActivity]@ba2ccdd: mWNT: t=0xb400007b78695350 mBlastBufferQueue=0xb400007c57f142d0 fn= 15006 HdrRenderState mRenderHdrSdrRatio=1.0 caller= android.view.SyncRtSurfaceTransactionApplier.applyTransaction:102 android.view.SyncRtSurfaceTransactionApplier.lambda$scheduleApply$0:75 android.view.SyncRtSurfaceTransactionApplier.$r8$lambda$afI4fXg3U3-nBZQEDQMiNy-B06s:0 
10-02 15:03:58.812 19752 19977 I VRI[MainActivity]@ba2ccdd: mWNT: t=0xb400007b7865cd70 mBlastBufferQueue=0xb400007c57f142d0 fn= 15007 HdrRenderState mRenderHdrSdrRatio=1.0 caller= android.view.SyncRtSurfaceTransactionApplier.applyTransaction:102 android.view.SyncRtSurfaceTransactionApplier.lambda$scheduleApply$0:75 android.view.SyncRtSurfaceTransactionApplier.$r8$lambda$afI4fXg3U3-nBZQEDQMiNy-B06s:0 
10-02 15:03:58.820 19752 19978 I VRI[MainActivity]@ba2ccdd: mWNT: t=0xb400007b78680650 mBlastBufferQueue=0xb400007c57f142d0 fn= 15008 HdrRenderState mRenderHdrSdrRatio=1.0 caller= android.view.SyncRtSurfaceTransactionApplier.applyTransaction:102 android.view.SyncRtSurfaceTransactionApplier.lambda$scheduleApply$0:75 android.view.SyncRtSurfaceTransactionApplier.$r8$lambda$afI4fXg3U3-nBZQEDQMiNy-B06s:0 
10-02 15:03:58.828 19752 19977 I VRI[MainActivity]@ba2ccdd: mWNT: t=0xb400007b786cf050 mBlastBufferQueue=0xb400007c57f142d0 fn= 15009 HdrRenderState mRenderHdrSdrRatio=1.0 caller= android.view.SyncRtSurfaceTransactionApplier.applyTransaction:102 android.view.SyncRtSurfaceTransactionApplier.lambda$scheduleApply$0:75 android.view.SyncRtSurfaceTransactionApplier.$r8$lambda$afI4fXg3U3-nBZQEDQMiNy-B06s:0 
10-02 15:03:58.836 19752 19978 I VRI[MainActivity]@ba2ccdd: mWNT: t=0xb400007b7867d5c0 mBlastBufferQueue=0xb400007c57f142d0 fn= 15010 HdrRenderState mRenderHdrSdrRatio=1.0 caller= android.view.SyncRtSurfaceTransactionApplier.applyTransaction:102 android.view.SyncRtSurfaceTransactionApplier.lambda$scheduleApply$0:75 android.view.SyncRtSurfaceTransactionApplier.$r8$lambda$afI4fXg3U3-nBZQEDQMiNy-B06s:0 
10-02 15:03:58.845 19752 19977 I VRI[MainActivity]@ba2ccdd: mWNT: t=0xb400007b7869ab30 mBlastBufferQueue=0xb400007c57f142d0 fn= 15011 HdrRenderState mRenderHdrSdrRatio=1.0 caller= android.view.SyncRtSurfaceTransactionApplier.applyTransaction:102 android.view.SyncRtSurfaceTransactionApplier.lambda$scheduleApply$0:75 android.view.SyncRtSurfaceTransactionApplier.$r8$lambda$afI4fXg3U3-nBZQEDQMiNy-B06s:0 
10-02 15:03:58.853 19752 19978 I VRI[MainActivity]@ba2ccdd: mWNT: t=0xb400007b77f073c0 mBlastBufferQueue=0xb400007c57f142d0 fn= 15012 HdrRenderState mRenderHdrSdrRatio=1.0 caller= android.view.SyncRtSurfaceTransactionApplier.applyTransaction:102 android.view.SyncRtSurfaceTransactionApplier.lambda$scheduleApply$0:75 android.view.SyncRtSurfaceTransactionApplier.$r8$lambda$afI4fXg3U3-nBZQEDQMiNy-B06s:0 
10-02 15:03:58.861 19752 19977 I VRI[MainActivity]@ba2ccdd: mWNT: t=0xb400007b78694a10 mBlastBufferQueue=0xb400007c57f142d0 fn= 15013 HdrRenderState mRenderHdrSdrRatio=1.0 caller= android.view.SyncRtSurfaceTransactionApplier.applyTransaction:102 android.view.SyncRtSurfaceTransactionApplier.lambda$scheduleApply$0:75 android.view.SyncRtSurfaceTransactionApplier.$r8$lambda$afI4fXg3U3-nBZQEDQMiNy-B06s:0 
10-02 15:03:58.870 19752 19978 I VRI[MainActivity]@ba2ccdd: mWNT: t=0xb400007b77f34790 mBlastBufferQueue=0xb400007c57f142d0 fn= 15014 HdrRenderState mRenderHdrSdrRatio=1.0 caller= android.view.SyncRtSurfaceTransactionApplier.applyTransaction:102 android.view.SyncRtSurfaceTransactionApplier.lambda$scheduleApply$0:75 android.view.SyncRtSurfaceTransactionApplier.$r8$lambda$afI4fXg3U3-nBZQEDQMiNy-B06s:0 
10-02 15:03:58.878 19752 19977 I VRI[MainActivity]@ba2ccdd: mWNT: t=0xb400007b78680af0 mBlastBufferQueue=0xb400007c57f142d0 fn= 15015 HdrRenderState mRenderHdrSdrRatio=1.0 caller= android.view.SyncRtSurfaceTransactionApplier.applyTransaction:102 android.view.SyncRtSurfaceTransactionApplier.lambda$scheduleApply$0:75 android.view.SyncRtSurfaceTransactionApplier.$r8$lambda$afI4fXg3U3-nBZQEDQMiNy-B06s:0 
10-02 15:03:58.886 19752 19978 I VRI[MainActivity]@ba2ccdd: mWNT: t=0xb400007b786a2810 mBlastBufferQueue=0xb400007c57f142d0 fn= 15016 HdrRenderState mRenderHdrSdrRatio=1.0 caller= android.view.SyncRtSurfaceTransactionApplier.applyTransaction:102 android.view.SyncRtSurfaceTransactionApplier.lambda$scheduleApply$0:75 android.view.SyncRtSurfaceTransactionApplier.$r8$lambda$afI4fXg3U3-nBZQEDQMiNy-B06s:0 
10-02 15:03:58.894 19752 19977 I VRI[MainActivity]@ba2ccdd: mWNT: t=0xb400007b78682460 mBlastBufferQueue=0xb400007c57f142d0 fn= 15017 HdrRenderState mRenderHdrSdrRatio=1.0 caller= android.view.SyncRtSurfaceTransactionApplier.applyTransaction:102 android.view.SyncRtSurfaceTransactionApplier.lambda$scheduleApply$0:75 android.view.SyncRtSurfaceTransactionApplier.$r8$lambda$afI4fXg3U3-nBZQEDQMiNy-B06s:0 
10-02 15:03:58.903 19752 19978 I VRI[MainActivity]@ba2ccdd: mWNT: t=0xb400007b78694eb0 mBlastBufferQueue=0xb400007c57f142d0 fn= 15018 HdrRenderState mRenderHdrSdrRatio=1.0 caller= android.view.SyncRtSurfaceTransactionApplier.applyTransaction:102 android.view.SyncRtSurfaceTransactionApplier.lambda$scheduleApply$0:75 android.view.SyncRtSurfaceTransactionApplier.$r8$lambda$afI4fXg3U3-nBZQEDQMiNy-B06s:0 
10-02 15:03:58.911 19752 19977 I VRI[MainActivity]@ba2ccdd: mWNT: t=0xb400007b7869d4d0 mBlastBufferQueue=0xb400007c57f142d0 fn= 15019 HdrRenderState mRenderHdrSdrRatio=1.0 caller= android.view.SyncRtSurfaceTransactionApplier.applyTransaction:102 android.view.SyncRtSurfaceTransactionApplier.lambda$scheduleApply$0:75 android.view.SyncRtSurfaceTransactionApplier.$r8$lambda$afI4fXg3U3-nBZQEDQMiNy-B06s:0 
10-02 15:03:58.920 19752 19978 I VRI[MainActivity]@ba2ccdd: mWNT: t=0xb400007b786b7c00 mBlastBufferQueue=0xb400007c57f142d0 fn= 15020 HdrRenderState mRenderHdrSdrRatio=1.0 caller= android.view.SyncRtSurfaceTransactionApplier.applyTransaction:102 android.view.SyncRtSurfaceTransactionApplier.lambda$scheduleApply$0:75 android.view.SyncRtSurfaceTransactionApplier.$r8$lambda$afI4fXg3U3-nBZQEDQMiNy-B06s:0 
10-02 15:03:58.928 19752 19977 I VRI[MainActivity]@ba2ccdd: mWNT: t=0xb400007b7866a480 mBlastBufferQueue=0xb400007c57f142d0 fn= 15021 HdrRenderState mRenderHdrSdrRatio=1.0 caller= android.view.SyncRtSurfaceTransactionApplier.applyTransaction:102 android.view.SyncRtSurfaceTransactionApplier.lambda$scheduleApply$0:75 android.view.SyncRtSurfaceTransactionApplier.$r8$lambda$afI4fXg3U3-nBZQEDQMiNy-B06s:0 
10-02 15:03:58.936 19752 19978 I VRI[MainActivity]@ba2ccdd: mWNT: t=0xb400007b786cc460 mBlastBufferQueue=0xb400007c57f142d0 fn= 15022 HdrRenderState mRenderHdrSdrRatio=1.0 caller= android.view.SyncRtSurfaceTransactionApplier.applyTransaction:102 android.view.SyncRtSurfaceTransactionApplier.lambda$scheduleApply$0:75 android.view.SyncRtSurfaceTransactionApplier.$r8$lambda$afI4fXg3U3-nBZQEDQMiNy-B06s:0 
10-02 15:03:58.945 19752 19977 I VRI[MainActivity]@ba2ccdd: mWNT: t=0xb400007b786b90d0 mBlastBufferQueue=0xb400007c57f142d0 fn= 15023 HdrRenderState mRenderHdrSdrRatio=1.0 caller= android.view.SyncRtSurfaceTransactionApplier.applyTransaction:102 android.view.SyncRtSurfaceTransactionApplier.lambda$scheduleApply$0:75 android.view.SyncRtSurfaceTransactionApplier.$r8$lambda$afI4fXg3U3-nBZQEDQMiNy-B06s:0 
10-02 15:03:58.953 19752 19978 I VRI[MainActivity]@ba2ccdd: mWNT: t=0xb400007b7867fac0 mBlastBufferQueue=0xb400007c57f142d0 fn= 15024 HdrRenderState mRenderHdrSdrRatio=1.0 caller= android.view.SyncRtSurfaceTransactionApplier.applyTransaction:102 android.view.SyncRtSurfaceTransactionApplier.lambda$scheduleApply$0:75 android.view.SyncRtSurfaceTransactionApplier.$r8$lambda$afI4fXg3U3-nBZQEDQMiNy-B06s:0 
10-02 15:03:58.961 19752 19977 I VRI[MainActivity]@ba2ccdd: mWNT: t=0xb400007b786a1c80 mBlastBufferQueue=0xb400007c57f142d0 fn= 15025 HdrRenderState mRenderHdrSdrRatio=1.0 caller= android.view.SyncRtSurfaceTransactionApplier.applyTransaction:102 android.view.SyncRtSurfaceTransactionApplier.lambda$scheduleApply$0:75 android.view.SyncRtSurfaceTransactionApplier.$r8$lambda$afI4fXg3U3-nBZQEDQMiNy-B06s:0 
10-02 15:03:58.970 19752 19978 I VRI[MainActivity]@ba2ccdd: mWNT: t=0xb400007b77f314b0 mBlastBufferQueue=0xb400007c57f142d0 fn= 15026 HdrRenderState mRenderHdrSdrRatio=1.0 caller= android.view.SyncRtSurfaceTransactionApplier.applyTransaction:102 android.view.SyncRtSurfaceTransactionApplier.lambda$scheduleApply$0:75 android.view.SyncRtSurfaceTransactionApplier.$r8$lambda$afI4fXg3U3-nBZQEDQMiNy-B06s:0 
10-02 15:03:58.978 19752 19977 I VRI[MainActivity]@ba2ccdd: mWNT: t=0xb400007b786808a0 mBlastBufferQueue=0xb400007c57f142d0 fn= 15027 HdrRenderState mRenderHdrSdrRatio=1.0 caller= android.view.SyncRtSurfaceTransactionApplier.applyTransaction:102 android.view.SyncRtSurfaceTransactionApplier.lambda$scheduleApply$0:75 android.view.SyncRtSurfaceTransactionApplier.$r8$lambda$afI4fXg3U3-nBZQEDQMiNy-B06s:0 
10-02 15:03:58.987 19752 19978 I VRI[MainActivity]@ba2ccdd: mWNT: t=0xb400007b78673190 mBlastBufferQueue=0xb400007c57f142d0 fn= 15028 HdrRenderState mRenderHdrSdrRatio=1.0 caller= android.view.SyncRtSurfaceTransactionApplier.applyTransaction:102 android.view.SyncRtSurfaceTransactionApplier.lambda$scheduleApply$0:75 android.view.SyncRtSurfaceTransactionApplier.$r8$lambda$afI4fXg3U3-nBZQEDQMiNy-B06s:0 
10-02 15:03:58.995 19752 19977 I VRI[MainActivity]@ba2ccdd: mWNT: t=0xb400007b7866b700 mBlastBufferQueue=0xb400007c57f142d0 fn= 15029 HdrRenderState mRenderHdrSdrRatio=1.0 caller= android.view.SyncRtSurfaceTransactionApplier.applyTransaction:102 android.view.SyncRtSurfaceTransactionApplier.lambda$scheduleApply$0:75 android.view.SyncRtSurfaceTransactionApplier.$r8$lambda$afI4fXg3U3-nBZQEDQMiNy-B06s:0 
10-02 15:03:59.003 19752 19978 I VRI[MainActivity]@ba2ccdd: mWNT: t=0xb400007b78696a70 mBlastBufferQueue=0xb400007c57f142d0 fn= 15030 HdrRenderState mRenderHdrSdrRatio=1.0 caller= android.view.SyncRtSurfaceTransactionApplier.applyTransaction:102 android.view.SyncRtSurfaceTransactionApplier.lambda$scheduleApply$0:75 android.view.SyncRtSurfaceTransactionApplier.$r8$lambda$afI4fXg3U3-nBZQEDQMiNy-B06s:0 
10-02 15:03:59.012 19752 19977 I VRI[MainActivity]@ba2ccdd: mWNT: t=0xb400007b78679750 mBlastBufferQueue=0xb400007c57f142d0 fn= 15031 HdrRenderState mRenderHdrSdrRatio=1.0 caller= android.view.SyncRtSurfaceTransactionApplier.applyTransaction:102 android.view.SyncRtSurfaceTransactionApplier.lambda$scheduleApply$0:75 android.view.SyncRtSurfaceTransactionApplier.$r8$lambda$afI4fXg3U3-nBZQEDQMiNy-B06s:0 
10-02 15:03:59.020 19752 19978 I VRI[MainActivity]@ba2ccdd: mWNT: t=0xb400007b78024400 mBlastBufferQueue=0xb400007c57f142d0 fn= 15032 HdrRenderState mRenderHdrSdrRatio=1.0 caller= android.view.SyncRtSurfaceTransactionApplier.applyTransaction:102 android.view.SyncRtSurfaceTransactionApplier.lambda$scheduleApply$0:75 android.view.SyncRtSurfaceTransactionApplier.$r8$lambda$afI4fXg3U3-nBZQEDQMiNy-B06s:0 
10-02 15:03:59.028 19752 19977 I VRI[MainActivity]@ba2ccdd: mWNT: t=0xb400007b7869d720 mBlastBufferQueue=0xb400007c57f142d0 fn= 15033 HdrRenderState mRenderHdrSdrRatio=1.0 caller= android.view.SyncRtSurfaceTransactionApplier.applyTransaction:102 android.view.SyncRtSurfaceTransactionApplier.lambda$scheduleApply$0:75 android.view.SyncRtSurfaceTransactionApplier.$r8$lambda$afI4fXg3U3-nBZQEDQMiNy-B06s:0 
10-02 15:03:59.037 19752 19978 I VRI[MainActivity]@ba2ccdd: mWNT: t=0xb400007b7869cb90 mBlastBufferQueue=0xb400007c57f142d0 fn= 15034 HdrRenderState mRenderHdrSdrRatio=1.0 caller= android.view.SyncRtSurfaceTransactionApplier.applyTransaction:102 android.view.SyncRtSurfaceTransactionApplier.lambda$scheduleApply$0:75 android.view.SyncRtSurfaceTransactionApplier.$r8$lambda$afI4fXg3U3-nBZQEDQMiNy-B06s:0 
10-02 15:03:59.045 19752 19977 I VRI[MainActivity]@ba2ccdd: mWNT: t=0xb400007b78678030 mBlastBufferQueue=0xb400007c57f142d0 fn= 15035 HdrRenderState mRenderHdrSdrRatio=1.0 caller= android.view.SyncRtSurfaceTransactionApplier.applyTransaction:102 android.view.SyncRtSurfaceTransactionApplier.lambda$scheduleApply$0:75 android.view.SyncRtSurfaceTransactionApplier.$r8$lambda$afI4fXg3U3-nBZQEDQMiNy-B06s:0 
10-02 15:03:59.053 19752 19978 I VRI[MainActivity]@ba2ccdd: mWNT: t=0xb400007b78669b40 mBlastBufferQueue=0xb400007c57f142d0 fn= 15036 HdrRenderState mRenderHdrSdrRatio=1.0 caller= android.view.SyncRtSurfaceTransactionApplier.applyTransaction:102 android.view.SyncRtSurfaceTransactionApplier.lambda$scheduleApply$0:75 android.view.SyncRtSurfaceTransactionApplier.$r8$lambda$afI4fXg3U3-nBZQEDQMiNy-B06s:0 
10-02 15:03:59.057 19752 19752 I View    : setRequestedFrameRate frameRate=NaN, this=android.view.View{fcdbddb V.ED..... ........ 0,0-0,0}, caller=androidx.compose.ui.platform.Api35Impl.setRequestedFrameRate:4047 androidx.compose.ui.platform.AndroidComposeView.dispatchDraw:2282 android.view.View.draw:26758 android.view.View.updateDisplayListIfDirty:25577 android.view.ViewGroup.recreateChildDisplayList:4881 
10-02 15:03:59.058 19752 19977 I VRI[MainActivity]@ba2ccdd: mWNT: t=0xb400007b7867bea0 mBlastBufferQueue=0xb400007c57f142d0 fn= 15037 HdrRenderState mRenderHdrSdrRatio=1.0 caller= android.view.SyncRtSurfaceTransactionApplier.applyTransaction:102 android.view.SyncRtSurfaceTransactionApplier.lambda$scheduleApply$0:75 android.view.SyncRtSurfaceTransactionApplier.$r8$lambda$afI4fXg3U3-nBZQEDQMiNy-B06s:0 
10-02 15:03:59.072 19752 19752 I View    : setRequestedFrameRate frameRate=-4.0, this=android.view.View{fcdbddb V.ED..... ........ 0,0-0,0}, caller=androidx.compose.ui.platform.Api35Impl.setRequestedFrameRate:4047 androidx.compose.ui.platform.AndroidComposeView.dispatchDraw:2282 android.view.View.draw:26758 android.view.View.updateDisplayListIfDirty:25577 android.view.View.draw:26477 
10-02 15:03:59.072 19752 19978 I VRI[MainActivity]@ba2ccdd: mWNT: t=0xb400007b78698ad0 mBlastBufferQueue=0xb400007c57f142d0 fn= 15038 HdrRenderState mRenderHdrSdrRatio=1.0 caller= android.view.SyncRtSurfaceTransactionApplier.applyTransaction:102 android.view.SyncRtSurfaceTransactionApplier.lambda$scheduleApply$0:75 android.view.SyncRtSurfaceTransactionApplier.$r8$lambda$afI4fXg3U3-nBZQEDQMiNy-B06s:0 
10-02 15:03:59.075 19752 19752 I ImeTracker: com.negi.survey.local:8fb8c845: onShown
10-02 15:03:59.088 19752 19977 I VRI[MainActivity]@ba2ccdd: mWNT: t=0xb400007b78664110 mBlastBufferQueue=0xb400007c57f142d0 fn= 15039 HdrRenderState mRenderHdrSdrRatio=1.0 caller= android.view.SyncRtSurfaceTransactionApplier.applyTransaction:102 android.view.SyncRtSurfaceTransactionApplier.lambda$scheduleApply$0:75 android.view.SyncRtSurfaceTransactionApplier.$r8$lambda$afI4fXg3U3-nBZQEDQMiNy-B06s:0 
10-02 15:03:59.088 19752 19838 D InputTransport: Input channel destroyed: 'ClientS', fd=165
10-02 15:03:59.091 19752 19752 I View    : setRequestedFrameRate frameRate=NaN, this=android.view.View{fcdbddb V.ED..... ........ 0,0-0,0}, caller=androidx.compose.ui.platform.Api35Impl.setRequestedFrameRate:4047 androidx.compose.ui.platform.AndroidComposeView.dispatchDraw:2282 android.view.View.draw:26758 android.view.View.updateDisplayListIfDirty:25577 android.view.ViewGroup.recreateChildDisplayList:4881 
10-02 15:04:01.360 19752 19752 I VRI[MainActivity]@ba2ccdd: call setFrameRateCategory for touch hint category=no preference, reason=boost timeout, vri=VRI[MainActivity]@ba2ccdd
10-02 15:04:07.765 19752 19752 I VRI[MainActivity]@ba2ccdd: ViewPostIme pointer 0
10-02 15:04:07.770 19752 19752 I VRI[MainActivity]@ba2ccdd: call setFrameRateCategory for touch hint category=high hint, reason=touch, vri=VRI[MainActivity]@ba2ccdd
10-02 15:04:07.772 19752 19752 I VRI[MainActivity]@ba2ccdd: ViewPostIme pointer 1
10-02 15:04:07.774 19752 19752 D InsetsController: show(ime())
10-02 15:04:07.774 19752 19752 I ImeTracker: com.negi.survey.local:a873f07: onRequestShow at ORIGIN_CLIENT reason SHOW_SOFT_INPUT_BY_INSETS_API fromUser false
10-02 15:04:07.775 19752 19752 I ImeTracker: com.negi.survey.local:a873f07: onCancelled at PHASE_CLIENT_APPLY_ANIMATION
10-02 15:04:07.776 19752 19752 I InputMethodManager_LC: showSoftInput(View,I)
10-02 15:04:07.776 19752 19752 I ImeTracker: com.negi.survey.local:798f3114: onRequestShow at ORIGIN_CLIENT reason SHOW_SOFT_INPUT fromUser false
10-02 15:04:07.776 19752 19752 I InputMethodManager_LC: ssi(): flags=0 view=com.negi.survey.local reason=SHOW_SOFT_INPUT
10-02 15:04:07.776 19752 19752 I InputMethodManager_LC: ssi() view is not EditText
10-02 15:04:07.776 19752 19752 D InsetsController: show(ime())
10-02 15:04:07.776 19752 19752 I ImeTracker: com.negi.survey.local:798f3114: onCancelled at PHASE_CLIENT_APPLY_ANIMATION
10-02 15:04:07.851 19752 19752 I VRI[MainActivity]@ba2ccdd: ViewPostIme key 0
10-02 15:04:07.859 19752 19752 I VRI[MainActivity]@ba2ccdd: setInTouchMode(false), android.view.ViewRootImpl.checkForLeavingTouchModeAndConsume:11075 android.view.ViewRootImpl.-$$Nest$mcheckForLeavingTouchModeAndConsume:0 android.view.ViewRootImpl$EarlyPostImeInputStage.processKeyEvent:9536 android.view.ViewRootImpl$EarlyPostImeInputStage.onProcess:9520 android.view.ViewRootImpl$InputStage.deliver:8994 android.view.ViewRootImpl$InputStage.onDeliverToNext:9051 android.view.ViewRootImpl$InputStage.forward:9017 android.view.ViewRootImpl$AsyncInputStage.forward:9255 android.view.ViewRootImpl$ImeInputStage.onFinishedInputEvent:9505 android.view.inputmethod.InputMethodManager$PendingEvent.run:5454 
10-02 15:04:07.860 19752 19752 I VRI[MainActivity]@ba2ccdd: ViewPostIme key 0
10-02 15:04:07.907 19752 19752 I VRI[MainActivity]@ba2ccdd: ViewPostIme key 1
10-02 15:04:07.909 19752 19752 I VRI[MainActivity]@ba2ccdd: ViewPostIme key 1
10-02 15:04:07.911 19752 19752 I VRI[MainActivity]@ba2ccdd: ViewPostIme key 0
10-02 15:04:07.923 19752 19752 I VRI[MainActivity]@ba2ccdd: ViewPostIme key 1
10-02 15:04:07.933 19752 19752 I VRI[MainActivity]@ba2ccdd: ViewPostIme key 0
10-02 15:04:07.936 19752 19752 I VRI[MainActivity]@ba2ccdd: ViewPostIme key 1
10-02 15:04:07.947 19752 19752 I VRI[MainActivity]@ba2ccdd: ViewPostIme key 0
10-02 15:04:07.960 19752 19752 I VRI[MainActivity]@ba2ccdd: ViewPostIme key 1
10-02 15:04:07.968 19752 19752 I VRI[MainActivity]@ba2ccdd: ViewPostIme key 0
10-02 15:04:07.970 19752 19752 I VRI[MainActivity]@ba2ccdd: ViewPostIme key 1
10-02 15:04:07.986 19752 19752 I VRI[MainActivity]@ba2ccdd: ViewPostIme key 0
10-02 15:04:08.003 19752 19752 I VRI[MainActivity]@ba2ccdd: ViewPostIme key 1
10-02 15:04:08.008 19752 19752 I VRI[MainActivity]@ba2ccdd: ViewPostIme key 0
10-02 15:04:08.012 19752 19752 I VRI[MainActivity]@ba2ccdd: ViewPostIme key 1
10-02 15:04:08.027 19752 19752 I VRI[MainActivity]@ba2ccdd: ViewPostIme key 0
10-02 15:04:08.046 19752 19752 I VRI[MainActivity]@ba2ccdd: ViewPostIme key 1
10-02 15:04:08.051 19752 19752 I VRI[MainActivity]@ba2ccdd: ViewPostIme key 0
10-02 15:04:08.061 19752 19752 I VRI[MainActivity]@ba2ccdd: ViewPostIme key 1
10-02 15:04:08.075 19752 19752 I VRI[MainActivity]@ba2ccdd: ViewPostIme key 0
10-02 15:04:08.079 19752 19752 I VRI[MainActivity]@ba2ccdd: ViewPostIme key 1
10-02 15:04:08.094 19752 19752 I VRI[MainActivity]@ba2ccdd: ViewPostIme key 0
10-02 15:04:08.111 19752 19752 I VRI[MainActivity]@ba2ccdd: ViewPostIme key 1
10-02 15:04:08.117 19752 19752 I VRI[MainActivity]@ba2ccdd: ViewPostIme key 0
10-02 15:04:08.128 19752 19752 I VRI[MainActivity]@ba2ccdd: ViewPostIme key 1
10-02 15:04:08.136 19752 19752 I VRI[MainActivity]@ba2ccdd: ViewPostIme key 0
10-02 15:04:08.150 19752 19752 I VRI[MainActivity]@ba2ccdd: ViewPostIme key 1
10-02 15:04:08.153 19752 19752 I VRI[MainActivity]@ba2ccdd: ViewPostIme key 0
10-02 15:04:08.168 19752 19752 I VRI[MainActivity]@ba2ccdd: ViewPostIme key 1
10-02 15:04:08.170 19752 19752 I VRI[MainActivity]@ba2ccdd: ViewPostIme key 0
10-02 15:04:08.191 19752 19752 I VRI[MainActivity]@ba2ccdd: ViewPostIme key 1
10-02 15:04:08.194 19752 19752 I VRI[MainActivity]@ba2ccdd: ViewPostIme key 0
10-02 15:04:08.216 19752 19752 I VRI[MainActivity]@ba2ccdd: ViewPostIme key 1
10-02 15:04:08.220 19752 19752 I VRI[MainActivity]@ba2ccdd: ViewPostIme key 0
10-02 15:04:08.237 19752 19752 I VRI[MainActivity]@ba2ccdd: ViewPostIme key 1
10-02 15:04:08.243 19752 19752 I VRI[MainActivity]@ba2ccdd: ViewPostIme key 0
10-02 15:04:08.245 19752 19752 I VRI[MainActivity]@ba2ccdd: ViewPostIme key 1
10-02 15:04:08.260 19752 19752 I VRI[MainActivity]@ba2ccdd: ViewPostIme key 0
10-02 15:04:08.275 19752 19752 I VRI[MainActivity]@ba2ccdd: ViewPostIme key 1
10-02 15:04:08.278 19752 19752 I VRI[MainActivity]@ba2ccdd: ViewPostIme key 0
10-02 15:04:08.286 19752 19752 I VRI[MainActivity]@ba2ccdd: ViewPostIme key 1
10-02 15:04:08.300 19752 19752 I VRI[MainActivity]@ba2ccdd: ViewPostIme key 0
10-02 15:04:08.304 19752 19752 I VRI[MainActivity]@ba2ccdd: ViewPostIme key 1
10-02 15:04:08.320 19752 19752 I VRI[MainActivity]@ba2ccdd: ViewPostIme key 0
10-02 15:04:08.335 19752 19752 I VRI[MainActivity]@ba2ccdd: ViewPostIme key 1
10-02 15:04:08.337 19752 19752 I VRI[MainActivity]@ba2ccdd: ViewPostIme key 0
10-02 15:04:08.352 19752 19752 I VRI[MainActivity]@ba2ccdd: ViewPostIme key 1
10-02 15:04:08.358 19752 19752 I VRI[MainActivity]@ba2ccdd: ViewPostIme key 0
10-02 15:04:08.360 19752 19752 I VRI[MainActivity]@ba2ccdd: ViewPostIme key 1
10-02 15:04:08.361 19752 19752 I VRI[MainActivity]@ba2ccdd: ViewPostIme key 0
10-02 15:04:08.376 19752 19752 I VRI[MainActivity]@ba2ccdd: ViewPostIme key 1
10-02 15:04:08.378 19752 19752 I VRI[MainActivity]@ba2ccdd: ViewPostIme key 0
10-02 15:04:08.395 19752 19752 I VRI[MainActivity]@ba2ccdd: ViewPostIme key 1
10-02 15:04:08.402 19752 19752 I VRI[MainActivity]@ba2ccdd: ViewPostIme key 0
10-02 15:04:08.410 19752 19752 I VRI[MainActivity]@ba2ccdd: ViewPostIme key 1
10-02 15:04:08.420 19752 19752 I VRI[MainActivity]@ba2ccdd: ViewPostIme key 0
10-02 15:04:08.430 19752 19752 I View    : setRequestedFrameRate frameRate=-4.0, this=android.view.View{fcdbddb V.ED..... ........ 0,0-0,0}, caller=androidx.compose.ui.platform.Api35Impl.setRequestedFrameRate:4047 androidx.compose.ui.platform.AndroidComposeView.dispatchDraw:2282 android.view.View.draw:26758 android.view.View.updateDisplayListIfDirty:25577 android.view.ViewGroup.recreateChildDisplayList:4881 
10-02 15:04:08.434 19752 19752 I View    : setRequestedFrameRate frameRate=NaN, this=android.view.View{fcdbddb V.ED..... ........ 0,0-0,0}, caller=androidx.compose.ui.platform.Api35Impl.setRequestedFrameRate:4047 androidx.compose.ui.platform.AndroidComposeView.dispatchDraw:2282 android.view.View.draw:26758 android.view.View.updateDisplayListIfDirty:25577 android.view.ViewGroup.recreateChildDisplayList:4881 
10-02 15:04:08.437 19752 19752 I VRI[MainActivity]@ba2ccdd: ViewPostIme key 1
10-02 15:04:08.442 19752 19752 I VRI[MainActivity]@ba2ccdd: ViewPostIme key 0
10-02 15:04:08.445 19752 19752 I VRI[MainActivity]@ba2ccdd: ViewPostIme key 1
10-02 15:04:08.460 19752 19752 I VRI[MainActivity]@ba2ccdd: ViewPostIme key 0
10-02 15:04:08.476 19752 19752 I VRI[MainActivity]@ba2ccdd: ViewPostIme key 1
10-02 15:04:08.484 19752 19752 I VRI[MainActivity]@ba2ccdd: ViewPostIme key 0
10-02 15:04:08.504 19752 19752 I VRI[MainActivity]@ba2ccdd: ViewPostIme key 1
10-02 15:04:08.604 19752 19752 I VRI[MainActivity]@ba2ccdd: ViewPostIme pointer 0
10-02 15:04:08.609 19752 19752 I VRI[MainActivity]@ba2ccdd: ViewPostIme pointer 1
10-02 15:04:08.611 19752 19752 D InsetsController: hide(ime())
10-02 15:04:08.611 19752 19752 I ImeTracker: com.negi.survey.local:55ee74ea: onRequestHide at ORIGIN_CLIENT reason HIDE_SOFT_INPUT_BY_INSETS_API fromUser false
10-02 15:04:08.611 19752 19752 D WindowOnBackDispatcher: setTopOnBackInvokedCallback (unwrapped): androidx.navigationevent.OnBackInvokedInput$createOnBackAnimationCallback$1@d90ad5
10-02 15:04:08.611 19752 19752 D InsetsController: Setting requestedVisibleTypes to 503 (was 511)
10-02 15:04:08.611 19752 19752 I InsetsController: setRequestedVisibleTypes: visible=false, mask=ime, host=com.negi.survey.local/com.negi.survey.MainActivity, from=android.view.InsetsController.controlAnimationUnchecked:1646 android.view.InsetsController.applyAnimation:2278 android.view.InsetsController.applyAnimation:2207 android.view.InsetsController.hide:1581 android.view.InsetsController.hide:1521 androidx.core.view.SoftwareKeyboardControllerCompat$Impl30.hide:222 androidx.core.view.SoftwareKeyboardControllerCompat.hide:80 androidx.compose.ui.text.input.InputMethodManagerImpl.hideSoftInput:85 androidx.compose.ui.text.input.TextInputServiceAndroid.setKeyboardVisibleImmediately:470 androidx.compose.ui.text.input.TextInputServiceAndroid.processInputCommands:352 
10-02 15:04:08.612 19752 19752 D InputMethodManagerUtils: startInputInner - Id : 0
10-02 15:04:08.612 19752 19752 I InputMethodManager: startInputInner - IInputMethodManagerGlobalInvoker.startInputOrWindowGainedFocus
10-02 15:04:08.614 19752 19752 D SurveyVM: getEvalPrompt[Q8] -> len=328
10-02 15:04:08.617 19752 19939 D AiViewModel: run[2]: mode=EVAL_JSON phase=EVAL commit=true prompt.len=327, fullPrompt.len=2974, timeoutMs=120000
10-02 15:04:08.618 19752 19939 D AiViewModel: run[2]: sha(prompt)=044d5d88d15144fb1fe61b294cf65eb658790572a7082708f5c02d7e94d69b28 sha(full)=001d074c73cb600b0d7f371636278dd8c61e86c2b525c0068477442064bde298
10-02 15:04:08.618 19752 19939 I FullPromptReview: [part=000] run[2]: phase=EVAL FullPrompt
10-02 15:04:08.618 19752 19939 I FullPromptReview: Evaluate only the original survey target using all supplied answers.
10-02 15:04:08.618 19752 19939 I FullPromptReview: Return only compact JSON {"score":N,"missing_points":[],"followup_needed":false}. N must be an integer 1-100 for relevance, completeness and accuracy against the original target. Evaluate the original answer and all answered followup pairs together. Before emitting JSON, compare every candidate missing point against the original answer and every answered follow-up pair. If an answered follow-up directly supplies that information, do not include it in missing_points. Recompute score, missing_points, and followup_needed together as one consistent final decision. Treat each independently answerable required component as a separate missing_points item; never combine independently answerable deficiencies. After every answered follow-up, recompute components independently and omit each supplied component even when another component from the same target remains missing. When a Required component catalog is present, evaluate each catalog item independently: missing_points may contain only configured component IDs. Omit IDs whose component is supplied by the original answer or answered follow-up pairs; never return component descriptions or questions as missing_points. When a Required components block is present, missing_points may contain only the exact text of unresolved configured components. Separate relevance from completeness. An answer can discuss the right topic but still be incomplete. Score 90-100 only when the respondent explicitly provides every material component requested by the Expected answer target and Question. Do not infer missing details from general knowledge, plausibility, or a bare statement that an event occurred. A concise answer may be complete. A verbose or relevant answer that omits any material requested component must score below 90. For example, saying that an event occurred without describing its requested effect is incomplete. Consistency rule: if missing_points is non-empty or followup_needed is true, score must be an integer from 1 to 89. Scores 90-100 are allowed only when missing_points=[] and followup_needed=false. Never use score 90 as a borderline value when anything is missing. For any score below 90, missing_points must contain the specific missing or ambiguous target-required information and followup_needed must be true. Otherwise missing_points is empty and followup_needed is false. Do not generate a question. Do not penalize style or request information outside the target. Write missing_points in English.
10-02 15:04:08.618 19752 19939 I FullPromptReview: Keep missing_points concise.
10-02 15:04:08.618 19752 19939 I FullPromptReview: One JSON object only; no markdown or generated question.
10-02 15:04:08.618 19752 19939 I FullPromptReview: INPUT:
10-02 15:04:08.618 19752 19939 I FullPromptReview: Expected answer target: Maximum yield loss acceptable for harvesting 20 days earlier (% or bags/acre).
10-02 15:04:08.618 19752 19939 I FullPromptReview: Question: If you could harvest your maize 20 days earlier but this reduced your yield, how much yield would you be willing to lose to harvest earlier?
10-02 15:04:08.618 19752 19939 I FullPromptReview: Original answer: I would accept some yield loss.
10-02 15:04:08.618 19752 19939 I FullPromptReview: Answered followup pairs:
10-02 15:04:08.619 19752 19939 D LiteRtRepository: [2] request start model='Gemma3n4B' prompt.len=2974 sha=001d074c73cb600b gateWaitMs=1
10-02 15:04:08.619 19752 19939 D LiteRtRepository: [part=000] [2] PROMPT (FULL) sha=001d074c73cb600b
10-02 15:04:08.619 19752 19939 D LiteRtRepository: Evaluate only the original survey target using all supplied answers.
10-02 15:04:08.619 19752 19939 D LiteRtRepository: Return only compact JSON {"score":N,"missing_points":[],"followup_needed":false}. N must be an integer 1-100 for relevance, completeness and accuracy against the original target. Evaluate the original answer and all answered followup pairs together. Before emitting JSON, compare every candidate missing point against the original answer and every answered follow-up pair. If an answered follow-up directly supplies that information, do not include it in missing_points. Recompute score, missing_points, and followup_needed together as one consistent final decision. Treat each independently answerable required component as a separate missing_points item; never combine independently answerable deficiencies. After every answered follow-up, recompute components independently and omit each supplied component even when another component from the same target remains missing. When a Required component catalog is present, evaluate each catalog item independently: missing_points may contain only configured component IDs. Omit IDs whose component is supplied by the original answer or answered follow-up pairs; never return component descriptions or questions as missing_points. When a Required components block is present, missing_points may contain only the exact text of unresolved configured components. Separate relevance from completeness. An answer can discuss the right topic but still be incomplete. Score 90-100 only when the respondent explicitly provides every material component requested by the Expected answer target and Question. Do not infer missing details from general knowledge, plausibility, or a bare statement that an event occurred. A concise answer may be complete. A verbose or relevant answer that omits any material requested component must score below 90. For example, saying that an event occurred without describing its requested effect is incomplete. Consistency rule: if missing_points is non-empty or followup_needed is true, score must be an integer from 1 to 89. Scores 90-100 are allowed only when missing_points=[] and followup_needed=false. Never use score 90 as a borderline value when anything is missing. For any score below 90, missing_points must contain the specific missing or ambiguous target-required information and followup_needed must be true. Otherwise missing_points is empty and followup_needed is false. Do not generate a question. Do not penalize style or request information outside the target. Write missing_points in English.
10-02 15:04:08.619 19752 19939 D LiteRtRepository: Keep missing_points concise.
10-02 15:04:08.619 19752 19939 D LiteRtRepository: One JSON object only; no markdown or generated question.
10-02 15:04:08.619 19752 19939 D LiteRtRepository: INPUT:
10-02 15:04:08.619 19752 19939 D LiteRtRepository: Expected answer target: Maximum yield loss acceptable for harvesting 20 days earlier (% or bags/acre).
10-02 15:04:08.619 19752 19939 D LiteRtRepository: Question: If you could harvest your maize 20 days earlier but this reduced your yield, how much yield would you be willing to lose to harvest earlier?
10-02 15:04:08.619 19752 19939 D LiteRtRepository: Original answer: I would accept some yield loss.
10-02 15:04:08.619 19752 19939 D LiteRtRepository: Answered followup pairs:
10-02 15:04:08.620 19752 20679 D SLM     : initializeIfNeeded: model='Gemma3n4B' image=false audio=false
10-02 15:04:08.622 19752 20679 D LiteRtLM: initializeIfNeeded: warm runtime already ready: key='fs|dev=65088|ino=45187|size=4919541760|mtime=1790971030441'
10-02 15:04:08.623 19752 19939 D LiteRtRepository: [2] initializeIfNeeded ok initMs=4
10-02 15:04:08.625 19752 20679 D SLM     : runInference: model='Gemma3n4B' textLen=2974 images=0 audio=0
10-02 15:04:08.625 19752 19939 D LiteRtLM: state[run:start] key='fs|dev=65088|ino=45187|size=4919541760|mtime=1790971030441' runId=2 active=true terminated=false logicalDone=false cancel=false pendingCancel=false lastMsgAt=73174258 lastTermAt=73113114
10-02 15:04:08.625 19752 19939 D LiteRtLM: runInference start: key='fs|dev=65088|ino=45187|size=4919541760|mtime=1790971030441' runId=2 hasText=true originalTextLen=2974 effectiveTextLen=2974 images=0 audioClips=0
10-02 15:04:08.626 19752 19752 D VRI[MainActivity]@ba2ccdd: WindowInsets changed: ime:null 
10-02 15:04:08.626 19752 19939 D LiteRtLM: LiteRT-LM sendMessageAsync(text): key='fs|dev=65088|ino=45187|size=4919541760|mtime=1790971030441' runId=2 len=2974 maxOutputTokens=64
10-02 15:04:08.626 19752 19752 I BLASTBufferQueue_Java: update, w= 1080 h= 2340 mName = VRI[MainActivity]@ba2ccdd mNativeObject= 0xb400007c57f142d0 sc.mNativeObject= 0xb400007ba7ee7d10 format= -1 caller= android.view.ViewRootImpl.updateBlastSurfaceIfNeeded:3592 android.view.ViewRootImpl.relayoutWindow:11813 android.view.ViewRootImpl.performTraversals:4840 android.view.ViewRootImpl.doTraversal:3959 android.view.ViewRootImpl$TraversalRunnable.run:13034 android.view.Choreographer$CallbackRecord.run:1961 
10-02 15:04:08.626 19752 19752 I VRI[MainActivity]@ba2ccdd: Relayout returned: old=(0,0,1080,2340) new=(0,0,1080,2340) relayoutAsync=true req=(1080,2340)0 dur=0 res=0x0 s={true 0xb400007b97f0de20} ch=false seqId=0
10-02 15:04:08.628 19752 19752 I VRI[MainActivity]@ba2ccdd: registerCallbackForPendingTransactions
10-02 15:04:08.633 19752 21458 D InputTransport: Input channel constructed: 'ClientS', fd=119
10-02 15:04:08.637 19752 19752 I View    : setRequestedFrameRate frameRate=-4.0, this=android.view.View{fcdbddb V.ED..... ........ 0,0-0,0}, caller=androidx.compose.ui.platform.Api35Impl.setRequestedFrameRate:4047 androidx.compose.ui.platform.AndroidComposeView.dispatchDraw:2282 android.view.View.draw:26758 android.view.View.updateDisplayListIfDirty:25577 android.view.ViewGroup.recreateChildDisplayList:4881 
10-02 15:04:08.637 19752 19978 I VRI[MainActivity]@ba2ccdd: mWNT: t=0xb400007b786a0ea0 mBlastBufferQueue=0xb400007c57f142d0 fn= 15799 HdrRenderState mRenderHdrSdrRatio=1.0 caller= android.view.SyncRtSurfaceTransactionApplier.applyTransaction:102 android.view.SyncRtSurfaceTransactionApplier.lambda$scheduleApply$0:75 android.view.SyncRtSurfaceTransactionApplier.$r8$lambda$afI4fXg3U3-nBZQEDQMiNy-B06s:0 
10-02 15:04:08.638 19752 19978 I VRI[MainActivity]@ba2ccdd: mWNT: t=0xb400007b7869d280 mBlastBufferQueue=0xb400007c57f142d0 fn= 15799 HdrRenderState mRenderHdrSdrRatio=1.0 caller= android.view.ViewRootImpl$10.onFrameDraw:6615 android.view.ViewRootImpl$4.onFrameDraw:2485 android.view.ThreadedRenderer$1.onFrameDraw:751 
10-02 15:04:08.643 19752 19939 D LiteRtLM: sendMessageAsync accepted: key='fs|dev=65088|ino=45187|size=4919541760|mtime=1790971030441' runId=2 dispatchMs=17
10-02 15:04:08.649 19752 19977 I VRI[MainActivity]@ba2ccdd: mWNT: t=0xb400007b7867d120 mBlastBufferQueue=0xb400007c57f142d0 fn= 15800 HdrRenderState mRenderHdrSdrRatio=1.0 caller= android.view.SyncRtSurfaceTransactionApplier.applyTransaction:102 android.view.SyncRtSurfaceTransactionApplier.lambda$scheduleApply$0:75 android.view.SyncRtSurfaceTransactionApplier.$r8$lambda$afI4fXg3U3-nBZQEDQMiNy-B06s:0 
10-02 15:04:08.650 19752 19752 I InsetsController: onStateChanged: host=com.negi.survey.local/com.negi.survey.MainActivity, from=android.view.ViewRootImpl.onInsetsStateChanged:3038, state=InsetsState: {mDisplayFrame=Rect(0, 0 - 1080, 2340), mDisplayCutout=DisplayCutout{insets=Rect(0, 82 - 0, 0) waterfall=Insets{left=0, top=0, right=0, bottom=0} boundingRect={Bounds=[Rect(0, 0 - 0, 0), Rect(511, 24 - 569, 82), Rect(0, 0 - 0, 0), Rect(0, 0 - 0, 0)]} cutoutPathParserInfo={CutoutPathParserInfo{displayWidth=1080 displayHeight=2340 physicalDisplayWidth=1080 physicalDisplayHeight=2340 density={2.8125} cutoutSpec={M 0,0 M 0, 8.533333333333333 a 10.31111111111111,10.31111111111111 0 1,0 0,20.62222222222222 a 10.31111111111111,10.31111111111111 0 1,0 0,-20.62222222222222 Z @dp} rotation={0} scale={1.0} physicalPixelDisplaySizeRatio={1.0}}} sideOverrides={}}, mRoundedCorners=RoundedCorners{[RoundedCorner{position=TopLeft, radius=113, center=Point(113, 113)}, RoundedCorner{position=TopRight, radius=113, center=Point(967, 113)}, RoundedCorner{position=BottomRight, radius=113, center=Point(967, 2227)}, RoundedCorner{position=BottomLeft, radius=113, center=Point(113, 2227)}]}  mRoundedCornerFrame=Rect(0, 0 - 1080, 2340), mPrivacyIndicatorBounds=PrivacyIndicatorBounds {static bounds=Rect(956, 0 - 1080, 97) rotation=0}, mDisplayShape=DisplayShape{ spec=-311912193 displayWidth=1080 displayHeight=2340 physicalPixelDisplaySizeRatio=1.0 rotation=0 offsetX=0 offsetY=0 scale=1.0}, mSources= { InsetsSource: {d29a0000 mType=statusBars mFrame=[0,0][1080,97] mAttachedInsets=null mVisible=true mFlags= mSideHint=TOP mBoundingRects=null}, InsetsSource: {d29a0005 mType=mandatorySystemGestures mFrame=[0,0][1080,116] mAttachedInsets=null mVisible=true mFlags= mSideHint=TOP mBoundingRects=null}, InsetsSource: {d29a0006 mType=tappableElement mFrame=[0,0][1080,97] mAttachedInsets=null mVisible=true mFlags= mSideHint=TOP mBoundingRects=null}, InsetsSource: {3 mType=ime mFrame=[0,1332][1080,2340] mAttachedInsets=null mVisible=false mFlags= mSideHint=BOTTOM mBoundingRects=null}, InsetsSource: {27 mType=displayCutout mFrame=[0,0][1080,82] mAttachedInsets=null mVisible=true mFlags= mSideHint=TOP mBoundingRects=null}, InsetsSource: {4b5d0001 mType=navigationBars mFrame=[0,2205][1080,2340] mAttachedInsets=null mVisible=true mFlags= mSideHint=BOTTOM mBoundingRects=null}, InsetsSource: {4b5d0004 mType=systemGestures mFrame=[0,0][0,0] mAttachedInsets=null mVisible=true mFlags= mSideHint=NONE mBoundingRects=null}, InsetsSource: {4b5d0005 mType=mandatorySystemGestures mFrame=[0,2205][1080,2340] mAttachedInsets=null mVisible=true mFlags= mSideHint=BOTTOM mBoundingRects=null}, InsetsSource: {4b5d0006 mType=tappableElement mFrame=[0,2205][1080,2340] mAttachedInsets=null mVisible=true mFlags= mSideHint=BOTTOM mBoundingRects=null}, InsetsSource: {4b5d0024 mType=systemGestures mFrame=[0,0][0,0] mAttachedInsets=null mVisible=true mFlags= mSideHint=NONE mBoundingRects=null} }
10-02 15:04:08.650 19752 19752 I VRI[MainActivity]@ba2ccdd: handleResized, frames=ClientWindowFrames{frame=[0,0][1080,2340] display=[0,0][1080,2340] parentFrame=[0,0][0,0]} displayId=0 dragResizing=false compatScale=1.0 frameChanged=false attachedFrameChanged=false configChanged=false displayChanged=false compatScaleChanged=false dragResizingChanged=false
10-02 15:04:08.650 19752 19752 I InsetsSourceConsumer: applyRequestedVisibilityToControl: visible=true, type=navigationBars, host=com.negi.survey.local/com.negi.survey.MainActivity
10-02 15:04:08.650 19752 19752 I ImeTracker: system_server:20f3cd8d: onCancelled at PHASE_CLIENT_ON_CONTROLS_CHANGED
10-02 15:04:08.663 19752 19978 I VRI[MainActivity]@ba2ccdd: mWNT: t=0xb400007b786a0c50 mBlastBufferQueue=0xb400007c57f142d0 fn= 15802 HdrRenderState mRenderHdrSdrRatio=1.0 caller= android.view.SyncRtSurfaceTransactionApplier.applyTransaction:102 android.view.SyncRtSurfaceTransactionApplier.lambda$scheduleApply$0:75 android.view.SyncRtSurfaceTransactionApplier.$r8$lambda$afI4fXg3U3-nBZQEDQMiNy-B06s:0 
10-02 15:04:08.671 19752 19977 I VRI[MainActivity]@ba2ccdd: mWNT: t=0xb400007b786630e0 mBlastBufferQueue=0xb400007c57f142d0 fn= 15803 HdrRenderState mRenderHdrSdrRatio=1.0 caller= android.view.SyncRtSurfaceTransactionApplier.applyTransaction:102 android.view.SyncRtSurfaceTransactionApplier.lambda$scheduleApply$0:75 android.view.SyncRtSurfaceTransactionApplier.$r8$lambda$afI4fXg3U3-nBZQEDQMiNy-B06s:0 
10-02 15:04:08.677 19752 19978 I VRI[MainActivity]@ba2ccdd: mWNT: t=0xb400007b7867d810 mBlastBufferQueue=0xb400007c57f142d0 fn= 15804 HdrRenderState mRenderHdrSdrRatio=1.0 caller= android.view.SyncRtSurfaceTransactionApplier.applyTransaction:102 android.view.SyncRtSurfaceTransactionApplier.lambda$scheduleApply$0:75 android.view.SyncRtSurfaceTransactionApplier.$r8$lambda$afI4fXg3U3-nBZQEDQMiNy-B06s:0 
10-02 15:04:08.684 19752 19977 I VRI[MainActivity]@ba2ccdd: mWNT: t=0xb400007b78690700 mBlastBufferQueue=0xb400007c57f142d0 fn= 15805 HdrRenderState mRenderHdrSdrRatio=1.0 caller= android.view.SyncRtSurfaceTransactionApplier.applyTransaction:102 android.view.SyncRtSurfaceTransactionApplier.lambda$scheduleApply$0:75 android.view.SyncRtSurfaceTransactionApplier.$r8$lambda$afI4fXg3U3-nBZQEDQMiNy-B06s:0 
10-02 15:04:08.692 19752 19978 I VRI[MainActivity]@ba2ccdd: mWNT: t=0xb400007b786cf050 mBlastBufferQueue=0xb400007c57f142d0 fn= 15805 HdrRenderState mRenderHdrSdrRatio=1.0 caller= android.view.SyncRtSurfaceTransactionApplier.applyTransaction:102 android.view.SyncRtSurfaceTransactionApplier.lambda$scheduleApply$0:75 android.view.SyncRtSurfaceTransactionApplier.$r8$lambda$afI4fXg3U3-nBZQEDQMiNy-B06s:0 
10-02 15:04:08.701 19752 19977 I VRI[MainActivity]@ba2ccdd: mWNT: t=0xb400007b786a4f60 mBlastBufferQueue=0xb400007c57f142d0 fn= 15806 HdrRenderState mRenderHdrSdrRatio=1.0 caller= android.view.SyncRtSurfaceTransactionApplier.applyTransaction:102 android.view.SyncRtSurfaceTransactionApplier.lambda$scheduleApply$0:75 android.view.SyncRtSurfaceTransactionApplier.$r8$lambda$afI4fXg3U3-nBZQEDQMiNy-B06s:0 
10-02 15:04:08.709 19752 19978 I VRI[MainActivity]@ba2ccdd: mWNT: t=0xb400007b786a6d70 mBlastBufferQueue=0xb400007c57f142d0 fn= 15807 HdrRenderState mRenderHdrSdrRatio=1.0 caller= android.view.SyncRtSurfaceTransactionApplier.applyTransaction:102 android.view.SyncRtSurfaceTransactionApplier.lambda$scheduleApply$0:75 android.view.SyncRtSurfaceTransactionApplier.$r8$lambda$afI4fXg3U3-nBZQEDQMiNy-B06s:0 
10-02 15:04:08.717 19752 19977 I VRI[MainActivity]@ba2ccdd: mWNT: t=0xb400007b7869d720 mBlastBufferQueue=0xb400007c57f142d0 fn= 15808 HdrRenderState mRenderHdrSdrRatio=1.0 caller= android.view.SyncRtSurfaceTransactionApplier.applyTransaction:102 android.view.SyncRtSurfaceTransactionApplier.lambda$scheduleApply$0:75 android.view.SyncRtSurfaceTransactionApplier.$r8$lambda$afI4fXg3U3-nBZQEDQMiNy-B06s:0 
10-02 15:04:08.726 19752 19978 I VRI[MainActivity]@ba2ccdd: mWNT: t=0xb400007b78664110 mBlastBufferQueue=0xb400007c57f142d0 fn= 15809 HdrRenderState mRenderHdrSdrRatio=1.0 caller= android.view.SyncRtSurfaceTransactionApplier.applyTransaction:102 android.view.SyncRtSurfaceTransactionApplier.lambda$scheduleApply$0:75 android.view.SyncRtSurfaceTransactionApplier.$r8$lambda$afI4fXg3U3-nBZQEDQMiNy-B06s:0 
10-02 15:04:08.734 19752 19977 I VRI[MainActivity]@ba2ccdd: mWNT: t=0xb400007b786a2cb0 mBlastBufferQueue=0xb400007c57f142d0 fn= 15810 HdrRenderState mRenderHdrSdrRatio=1.0 caller= android.view.SyncRtSurfaceTransactionApplier.applyTransaction:102 android.view.SyncRtSurfaceTransactionApplier.lambda$scheduleApply$0:75 android.view.SyncRtSurfaceTransactionApplier.$r8$lambda$afI4fXg3U3-nBZQEDQMiNy-B06s:0 
10-02 15:04:08.744 19752 19978 I VRI[MainActivity]@ba2ccdd: mWNT: t=0xb400007b786a1590 mBlastBufferQueue=0xb400007c57f142d0 fn= 15811 HdrRenderState mRenderHdrSdrRatio=1.0 caller= android.view.SyncRtSurfaceTransactionApplier.applyTransaction:102 android.view.SyncRtSurfaceTransactionApplier.lambda$scheduleApply$0:75 android.view.SyncRtSurfaceTransactionApplier.$r8$lambda$afI4fXg3U3-nBZQEDQMiNy-B06s:0 
10-02 15:04:08.753 19752 19977 I VRI[MainActivity]@ba2ccdd: mWNT: t=0xb400007b7869f530 mBlastBufferQueue=0xb400007c57f142d0 fn= 15812 HdrRenderState mRenderHdrSdrRatio=1.0 caller= android.view.SyncRtSurfaceTransactionApplier.applyTransaction:102 android.view.SyncRtSurfaceTransactionApplier.lambda$scheduleApply$0:75 android.view.SyncRtSurfaceTransactionApplier.$r8$lambda$afI4fXg3U3-nBZQEDQMiNy-B06s:0 
10-02 15:04:08.760 19752 19978 I VRI[MainActivity]@ba2ccdd: mWNT: t=0xb400007b7869b910 mBlastBufferQueue=0xb400007c57f142d0 fn= 15813 HdrRenderState mRenderHdrSdrRatio=1.0 caller= android.view.SyncRtSurfaceTransactionApplier.applyTransaction:102 android.view.SyncRtSurfaceTransactionApplier.lambda$scheduleApply$0:75 android.view.SyncRtSurfaceTransactionApplier.$r8$lambda$afI4fXg3U3-nBZQEDQMiNy-B06s:0 
10-02 15:04:08.767 19752 19977 I VRI[MainActivity]@ba2ccdd: mWNT: t=0xb400007b786a3a90 mBlastBufferQueue=0xb400007c57f142d0 fn= 15814 HdrRenderState mRenderHdrSdrRatio=1.0 caller= android.view.SyncRtSurfaceTransactionApplier.applyTransaction:102 android.view.SyncRtSurfaceTransactionApplier.lambda$scheduleApply$0:75 android.view.SyncRtSurfaceTransactionApplier.$r8$lambda$afI4fXg3U3-nBZQEDQMiNy-B06s:0 
10-02 15:04:08.776 19752 19978 I VRI[MainActivity]@ba2ccdd: mWNT: t=0xb400007b786a6680 mBlastBufferQueue=0xb400007c57f142d0 fn= 15815 HdrRenderState mRenderHdrSdrRatio=1.0 caller= android.view.SyncRtSurfaceTransactionApplier.applyTransaction:102 android.view.SyncRtSurfaceTransactionApplier.lambda$scheduleApply$0:75 android.view.SyncRtSurfaceTransactionApplier.$r8$lambda$afI4fXg3U3-nBZQEDQMiNy-B06s:0 
10-02 15:04:08.785 19752 19977 I VRI[MainActivity]@ba2ccdd: mWNT: t=0xb400007b7869bdb0 mBlastBufferQueue=0xb400007c57f142d0 fn= 15816 HdrRenderState mRenderHdrSdrRatio=1.0 caller= android.view.SyncRtSurfaceTransactionApplier.applyTransaction:102 android.view.SyncRtSurfaceTransactionApplier.lambda$scheduleApply$0:75 android.view.SyncRtSurfaceTransactionApplier.$r8$lambda$afI4fXg3U3-nBZQEDQMiNy-B06s:0 
10-02 15:04:08.793 19752 19978 I VRI[MainActivity]@ba2ccdd: mWNT: t=0xb400007b7869cde0 mBlastBufferQueue=0xb400007c57f142d0 fn= 15817 HdrRenderState mRenderHdrSdrRatio=1.0 caller= android.view.SyncRtSurfaceTransactionApplier.applyTransaction:102 android.view.SyncRtSurfaceTransactionApplier.lambda$scheduleApply$0:75 android.view.SyncRtSurfaceTransactionApplier.$r8$lambda$afI4fXg3U3-nBZQEDQMiNy-B06s:0 
10-02 15:04:08.801 19752 19977 I VRI[MainActivity]@ba2ccdd: mWNT: t=0xb400007b786a1ed0 mBlastBufferQueue=0xb400007c57f142d0 fn= 15818 HdrRenderState mRenderHdrSdrRatio=1.0 caller= android.view.SyncRtSurfaceTransactionApplier.applyTransaction:102 android.view.SyncRtSurfaceTransactionApplier.lambda$scheduleApply$0:75 android.view.SyncRtSurfaceTransactionApplier.$r8$lambda$afI4fXg3U3-nBZQEDQMiNy-B06s:0 
10-02 15:04:08.809 19752 19978 I VRI[MainActivity]@ba2ccdd: mWNT: t=0xb400007b786a0310 mBlastBufferQueue=0xb400007c57f142d0 fn= 15819 HdrRenderState mRenderHdrSdrRatio=1.0 caller= android.view.SyncRtSurfaceTransactionApplier.applyTransaction:102 android.view.SyncRtSurfaceTransactionApplier.lambda$scheduleApply$0:75 android.view.SyncRtSurfaceTransactionApplier.$r8$lambda$afI4fXg3U3-nBZQEDQMiNy-B06s:0 
10-02 15:04:08.817 19752 19977 I VRI[MainActivity]@ba2ccdd: mWNT: t=0xb400007b7867d5c0 mBlastBufferQueue=0xb400007c57f142d0 fn= 15820 HdrRenderState mRenderHdrSdrRatio=1.0 caller= android.view.SyncRtSurfaceTransactionApplier.applyTransaction:102 android.view.SyncRtSurfaceTransactionApplier.lambda$scheduleApply$0:75 android.view.SyncRtSurfaceTransactionApplier.$r8$lambda$afI4fXg3U3-nBZQEDQMiNy-B06s:0 
10-02 15:04:08.826 19752 19978 I VRI[MainActivity]@ba2ccdd: mWNT: t=0xb400007b786f59c0 mBlastBufferQueue=0xb400007c57f142d0 fn= 15821 HdrRenderState mRenderHdrSdrRatio=1.0 caller= android.view.SyncRtSurfaceTransactionApplier.applyTransaction:102 android.view.SyncRtSurfaceTransactionApplier.lambda$scheduleApply$0:75 android.view.SyncRtSurfaceTransactionApplier.$r8$lambda$afI4fXg3U3-nBZQEDQMiNy-B06s:0 
10-02 15:04:08.834 19752 19977 I VRI[MainActivity]@ba2ccdd: mWNT: t=0xb400007b786f16b0 mBlastBufferQueue=0xb400007c57f142d0 fn= 15822 HdrRenderState mRenderHdrSdrRatio=1.0 caller= android.view.SyncRtSurfaceTransactionApplier.applyTransaction:102 android.view.SyncRtSurfaceTransactionApplier.lambda$scheduleApply$0:75 android.view.SyncRtSurfaceTransactionApplier.$r8$lambda$afI4fXg3U3-nBZQEDQMiNy-B06s:0 
10-02 15:04:08.843 19752 19978 I VRI[MainActivity]@ba2ccdd: mWNT: t=0xb400007b787f7050 mBlastBufferQueue=0xb400007c57f142d0 fn= 15823 HdrRenderState mRenderHdrSdrRatio=1.0 caller= android.view.SyncRtSurfaceTransactionApplier.applyTransaction:102 android.view.SyncRtSurfaceTransactionApplier.lambda$scheduleApply$0:75 android.view.SyncRtSurfaceTransactionApplier.$r8$lambda$afI4fXg3U3-nBZQEDQMiNy-B06s:0 
10-02 15:04:08.853 19752 19977 I VRI[MainActivity]@ba2ccdd: mWNT: t=0xb400007b787fd610 mBlastBufferQueue=0xb400007c57f142d0 fn= 15824 HdrRenderState mRenderHdrSdrRatio=1.0 caller= android.view.SyncRtSurfaceTransactionApplier.applyTransaction:102 android.view.SyncRtSurfaceTransactionApplier.lambda$scheduleApply$0:75 android.view.SyncRtSurfaceTransactionApplier.$r8$lambda$afI4fXg3U3-nBZQEDQMiNy-B06s:0 
10-02 15:04:08.861 19752 19978 I VRI[MainActivity]@ba2ccdd: mWNT: t=0xb400007b786a3f30 mBlastBufferQueue=0xb400007c57f142d0 fn= 15825 HdrRenderState mRenderHdrSdrRatio=1.0 caller= android.view.SyncRtSurfaceTransactionApplier.applyTransaction:102 android.view.SyncRtSurfaceTransactionApplier.lambda$scheduleApply$0:75 android.view.SyncRtSurfaceTransactionApplier.$r8$lambda$afI4fXg3U3-nBZQEDQMiNy-B06s:0 
10-02 15:04:08.868 19752 19977 I VRI[MainActivity]@ba2ccdd: mWNT: t=0xb400007b78673880 mBlastBufferQueue=0xb400007c57f142d0 fn= 15826 HdrRenderState mRenderHdrSdrRatio=1.0 caller= android.view.SyncRtSurfaceTransactionApplier.applyTransaction:102 android.view.SyncRtSurfaceTransactionApplier.lambda$scheduleApply$0:75 android.view.SyncRtSurfaceTransactionApplier.$r8$lambda$afI4fXg3U3-nBZQEDQMiNy-B06s:0 
10-02 15:04:08.876 19752 19978 I VRI[MainActivity]@ba2ccdd: mWNT: t=0xb400007b78698ad0 mBlastBufferQueue=0xb400007c57f142d0 fn= 15827 HdrRenderState mRenderHdrSdrRatio=1.0 caller= android.view.SyncRtSurfaceTransactionApplier.applyTransaction:102 android.view.SyncRtSurfaceTransactionApplier.lambda$scheduleApply$0:75 android.view.SyncRtSurfaceTransactionApplier.$r8$lambda$afI4fXg3U3-nBZQEDQMiNy-B06s:0 
10-02 15:04:08.884 19752 19977 I VRI[MainActivity]@ba2ccdd: mWNT: t=0xb400007b78694a10 mBlastBufferQueue=0xb400007c57f142d0 fn= 15828 HdrRenderState mRenderHdrSdrRatio=1.0 caller= android.view.SyncRtSurfaceTransactionApplier.applyTransaction:102 android.view.SyncRtSurfaceTransactionApplier.lambda$scheduleApply$0:75 android.view.SyncRtSurfaceTransactionApplier.$r8$lambda$afI4fXg3U3-nBZQEDQMiNy-B06s:0 
10-02 15:04:08.893 19752 19978 I VRI[MainActivity]@ba2ccdd: mWNT: t=0xb400007b78695350 mBlastBufferQueue=0xb400007c57f142d0 fn= 15829 HdrRenderState mRenderHdrSdrRatio=1.0 caller= android.view.SyncRtSurfaceTransactionApplier.applyTransaction:102 android.view.SyncRtSurfaceTransactionApplier.lambda$scheduleApply$0:75 android.view.SyncRtSurfaceTransactionApplier.$r8$lambda$afI4fXg3U3-nBZQEDQMiNy-B06s:0 
10-02 15:04:08.901 19752 19977 I VRI[MainActivity]@ba2ccdd: mWNT: t=0xb400007b786f5520 mBlastBufferQueue=0xb400007c57f142d0 fn= 15831 HdrRenderState mRenderHdrSdrRatio=1.0 caller= android.view.SyncRtSurfaceTransactionApplier.applyTransaction:102 android.view.SyncRtSurfaceTransactionApplier.lambda$scheduleApply$0:75 android.view.SyncRtSurfaceTransactionApplier.$r8$lambda$afI4fXg3U3-nBZQEDQMiNy-B06s:0 
10-02 15:04:08.910 19752 19978 I VRI[MainActivity]@ba2ccdd: mWNT: t=0xb400007b7869c250 mBlastBufferQueue=0xb400007c57f142d0 fn= 15832 HdrRenderState mRenderHdrSdrRatio=1.0 caller= android.view.SyncRtSurfaceTransactionApplier.applyTransaction:102 android.view.SyncRtSurfaceTransactionApplier.lambda$scheduleApply$0:75 android.view.SyncRtSurfaceTransactionApplier.$r8$lambda$afI4fXg3U3-nBZQEDQMiNy-B06s:0 
10-02 15:04:08.918 19752 19977 I VRI[MainActivity]@ba2ccdd: mWNT: t=0xb400007b786a4d10 mBlastBufferQueue=0xb400007c57f142d0 fn= 15832 HdrRenderState mRenderHdrSdrRatio=1.0 caller= android.view.SyncRtSurfaceTransactionApplier.applyTransaction:102 android.view.SyncRtSurfaceTransactionApplier.lambda$scheduleApply$0:75 android.view.SyncRtSurfaceTransactionApplier.$r8$lambda$afI4fXg3U3-nBZQEDQMiNy-B06s:0 
10-02 15:04:08.926 19752 19978 I VRI[MainActivity]@ba2ccdd: mWNT: t=0xb400007b786a0560 mBlastBufferQueue=0xb400007c57f142d0 fn= 15833 HdrRenderState mRenderHdrSdrRatio=1.0 caller= android.view.SyncRtSurfaceTransactionApplier.applyTransaction:102 android.view.SyncRtSurfaceTransactionApplier.lambda$scheduleApply$0:75 android.view.SyncRtSurfaceTransactionApplier.$r8$lambda$afI4fXg3U3-nBZQEDQMiNy-B06s:0 
10-02 15:04:08.934 19752 19977 I VRI[MainActivity]@ba2ccdd: mWNT: t=0xb400007b77f0c950 mBlastBufferQueue=0xb400007c57f142d0 fn= 15835 HdrRenderState mRenderHdrSdrRatio=1.0 caller= android.view.SyncRtSurfaceTransactionApplier.applyTransaction:102 android.view.SyncRtSurfaceTransactionApplier.lambda$scheduleApply$0:75 android.view.SyncRtSurfaceTransactionApplier.$r8$lambda$afI4fXg3U3-nBZQEDQMiNy-B06s:0 
10-02 15:04:08.941 19752 19752 I View    : setRequestedFrameRate frameRate=NaN, this=android.view.View{fcdbddb V.ED..... ........ 0,0-0,0}, caller=androidx.compose.ui.platform.Api35Impl.setRequestedFrameRate:4047 androidx.compose.ui.platform.AndroidComposeView.dispatchDraw:2282 android.view.View.draw:26758 android.view.View.updateDisplayListIfDirty:25577 android.view.ViewGroup.recreateChildDisplayList:4881 
10-02 15:04:08.947 19752 19978 I VRI[MainActivity]@ba2ccdd: mWNT: t=0xb400007b786f3960 mBlastBufferQueue=0xb400007c57f142d0 fn= 15835 HdrRenderState mRenderHdrSdrRatio=1.0 caller= android.view.SyncRtSurfaceTransactionApplier.applyTransaction:102 android.view.SyncRtSurfaceTransactionApplier.lambda$scheduleApply$0:75 android.view.SyncRtSurfaceTransactionApplier.$r8$lambda$afI4fXg3U3-nBZQEDQMiNy-B06s:0 
10-02 15:04:08.951 19752 19752 I View    : setRequestedFrameRate frameRate=-4.0, this=android.view.View{fcdbddb V.ED..... ........ 0,0-0,0}, caller=androidx.compose.ui.platform.Api35Impl.setRequestedFrameRate:4047 androidx.compose.ui.platform.AndroidComposeView.dispatchDraw:2282 android.view.View.draw:26758 android.view.View.updateDisplayListIfDirty:25577 android.view.ViewGroup.recreateChildDisplayList:4881 
10-02 15:04:08.958 19752 19752 I View    : setRequestedFrameRate frameRate=NaN, this=android.view.View{fcdbddb V.ED..... ........ 0,0-0,0}, caller=androidx.compose.ui.platform.Api35Impl.setRequestedFrameRate:4047 androidx.compose.ui.platform.AndroidComposeView.dispatchDraw:2282 android.view.View.draw:26758 android.view.View.updateDisplayListIfDirty:25577 android.view.ViewGroup.recreateChildDisplayList:4881 
10-02 15:04:09.321 19752 19752 I InsetsController: onStateChanged: host=com.negi.survey.local/com.negi.survey.MainActivity, from=android.view.ViewRootImpl.onInsetsStateChanged:3038, state=InsetsState: {mDisplayFrame=Rect(0, 0 - 1080, 2340), mDisplayCutout=DisplayCutout{insets=Rect(0, 82 - 0, 0) waterfall=Insets{left=0, top=0, right=0, bottom=0} boundingRect={Bounds=[Rect(0, 0 - 0, 0), Rect(511, 24 - 569, 82), Rect(0, 0 - 0, 0), Rect(0, 0 - 0, 0)]} cutoutPathParserInfo={CutoutPathParserInfo{displayWidth=1080 displayHeight=2340 physicalDisplayWidth=1080 physicalDisplayHeight=2340 density={2.8125} cutoutSpec={M 0,0 M 0, 8.533333333333333 a 10.31111111111111,10.31111111111111 0 1,0 0,20.62222222222222 a 10.31111111111111,10.31111111111111 0 1,0 0,-20.62222222222222 Z @dp} rotation={0} scale={1.0} physicalPixelDisplaySizeRatio={1.0}}} sideOverrides={}}, mRoundedCorners=RoundedCorners{[RoundedCorner{position=TopLeft, radius=113, center=Point(113, 113)}, RoundedCorner{position=TopRight, radius=113, center=Point(967, 113)}, RoundedCorner{position=BottomRight, radius=113, center=Point(967, 2227)}, RoundedCorner{position=BottomLeft, radius=113, center=Point(113, 2227)}]}  mRoundedCornerFrame=Rect(0, 0 - 1080, 2340), mPrivacyIndicatorBounds=PrivacyIndicatorBounds {static bounds=Rect(956, 0 - 1080, 97) rotation=0}, mDisplayShape=DisplayShape{ spec=-311912193 displayWidth=1080 displayHeight=2340 physicalPixelDisplaySizeRatio=1.0 rotation=0 offsetX=0 offsetY=0 scale=1.0}, mSources= { InsetsSource: {d29a0000 mType=statusBars mFrame=[0,0][1080,97] mAttachedInsets=null mVisible=true mFlags= mSideHint=TOP mBoundingRects=null}, InsetsSource: {d29a0005 mType=mandatorySystemGestures mFrame=[0,0][1080,116] mAttachedInsets=null mVisible=true mFlags= mSideHint=TOP mBoundingRects=null}, InsetsSource: {d29a0006 mType=tappableElement mFrame=[0,0][1080,97] mAttachedInsets=null mVisible=true mFlags= mSideHint=TOP mBoundingRects=null}, InsetsSource: {3 mType=ime mFrame=[0,0][0,0] mAttachedInsets=null mVisible=false mFlags=INVALID mSideHint=NONE mBoundingRects=null}, InsetsSource: {27 mType=displayCutout mFrame=[0,0][1080,82] mAttachedInsets=null mVisible=true mFlags= mSideHint=TOP mBoundingRects=null}, InsetsSource: {4b5d0001 mType=navigationBars mFrame=[0,2205][1080,2340] mAttachedInsets=null mVisible=true mFlags= mSideHint=BOTTOM mBoundingRects=null}, InsetsSource: {4b5d0004 mType=systemGestures mFrame=[0,0][0,0] mAttachedInsets=null mVisible=true mFlags= mSideHint=NONE mBoundingRects=null}, InsetsSource: {4b5d0005 mType=mandatorySystemGestures mFrame=[0,2205][1080,2340] mAttachedInsets=null mVisible=true mFlags= mSideHint=BOTTOM mBoundingRects=null}, InsetsSource: {4b5d0006 mType=tappableElement mFrame=[0,2205][1080,2340] mAttachedInsets=null mVisible=true mFlags= mSideHint=BOTTOM mBoundingRects=null}, InsetsSource: {4b5d0024 mType=systemGestures mFrame=[0,0][0,0] mAttachedInsets=null mVisible=true mFlags= mSideHint=NONE mBoundingRects=null} }
10-02 15:04:09.322 19752 19752 I VRI[MainActivity]@ba2ccdd: handleResized, frames=ClientWindowFrames{frame=[0,0][1080,2340] display=[0,0][1080,2340] parentFrame=[0,0][0,0]} displayId=0 dragResizing=false compatScale=1.0 frameChanged=false attachedFrameChanged=false configChanged=false displayChanged=false compatScaleChanged=false dragResizingChanged=false
10-02 15:04:10.781 19752 19838 D InputTransport: Input channel destroyed: 'ClientS', fd=119
10-02 15:04:11.611 19752 19752 I VRI[MainActivity]@ba2ccdd: call setFrameRateCategory for touch hint category=no preference, reason=boost timeout, vri=VRI[MainActivity]@ba2ccdd
10-02 15:04:12.801 19752 26803 W LiteRtLM: Inference first output: key='fs|dev=65088|ino=45187|size=4919541760|mtime=1790971030441' runId=2 ttftMs=4175 dispatchMs=17 postDispatchTtftMs=4158 requestToFirstOutputMs=4176
10-02 15:04:12.802 19752 26803 W LiteRtLM: Inference first output: key='fs|dev=65088|ino=45187|size=4919541760|mtime=1790971030441' runId=2 ttftMs=4175 dispatchMs=17 postDispatchTtftMs=4158 requestToFirstOutputMs=4176
10-02 15:04:12.802 19752 26803 D LiteRtLM: stream[key=fs|dev=65088|ino=45187|size=4919541760|mtime=1790971030441 runId=2] msg#1 rawChunkLen=2 deltaLen=2 emittedChars=2
10-02 15:04:12.802 19752 19752 D LiteRtRepository: stream[rid=2 msg#1] done=false deltaLen=2 outLen=2 outPreview='{"' deltaPreview='{"'
10-02 15:04:12.803 19752 19939 D AiViewModel: run[2] chunk[1].preview='{"'
10-02 15:04:12.926 19752 19939 D AiViewModel: run[2] chunk[2].preview='score'
10-02 15:04:13.053 19752 19939 D AiViewModel: run[2] chunk[3].preview='":'
10-02 15:04:13.178 19752 19939 D AiViewModel: run[2] chunk[4].preview='␠'
10-02 15:04:13.307 19752 19939 D AiViewModel: run[2] chunk[5].preview='6'
10-02 15:04:13.420 19752 19939 D AiViewModel: run[2] chunk[6].preview='5'
10-02 15:04:13.545 19752 19939 D AiViewModel: run[2] chunk[7].preview=','
10-02 15:04:13.669 19752 19752 D LiteRtRepository: stream[rid=2 msg#8] done=false deltaLen=2 outLen=15 outPreview='{"score": 65, "' deltaPreview=' "'
10-02 15:04:13.670 19752 19939 D AiViewModel: run[2] chunk[8].preview='␠"'
10-02 15:04:13.786 19752 19939 D AiViewModel: run[2] chunk[9].preview='missing'
10-02 15:04:13.911 19752 19939 D AiViewModel: run[2] chunk[10].preview='_'
10-02 15:04:14.033 19752 19939 D AiViewModel: run[2] chunk[11].preview='points'
10-02 15:04:14.151 19752 19939 D AiViewModel: run[2] chunk[12].preview='":'
10-02 15:04:14.275 19752 19939 D AiViewModel: run[2] chunk[13].preview='␠["'
10-02 15:04:14.402 19752 19939 D AiViewModel: run[2] chunk[14].preview='acceptable'
10-02 15:04:14.526 19752 19939 D AiViewModel: run[2] chunk[15].preview='␠yield'
10-02 15:04:14.644 19752 26803 D LiteRtLM: stream[key=fs|dev=65088|ino=45187|size=4919541760|mtime=1790971030441 runId=2] msg#16 rawChunkLen=5 deltaLen=5 emittedChars=55
10-02 15:04:14.645 19752 19752 D LiteRtRepository: stream[rid=2 msg#16] done=false deltaLen=5 outLen=55 outPreview='{"score": 65, "missing_points": ["acceptable yield loss' deltaPreview=' loss'
10-02 15:04:14.645 19752 19939 D AiViewModel: run[2] chunk[16].preview='␠loss'
10-02 15:04:14.773 19752 20037 D AiViewModel: run[2] chunk[17].preview='"],'
10-02 15:04:14.899 19752 20037 D AiViewModel: run[2] chunk[18].preview='␠"'
10-02 15:04:15.018 19752 20037 D AiViewModel: run[2] chunk[19].preview='follow'
10-02 15:04:15.141 19752 20037 D AiViewModel: run[2] chunk[20].preview='up'
10-02 15:04:15.268 19752 19939 D AiViewModel: run[2] chunk[21].preview='_'
10-02 15:04:15.400 19752 19939 D AiViewModel: run[2] chunk[22].preview='needed'
10-02 15:04:15.524 19752 20037 D AiViewModel: run[2] chunk[23].preview='":'
10-02 15:04:15.652 19752 19752 D LiteRtRepository: stream[rid=2 msg#24] done=false deltaLen=5 outLen=82 outPreview='{"score": 65, "missing_points": ["acceptable yield loss"], "followup_needed": true' deltaPreview=' true'
10-02 15:04:15.652 19752 19939 D AiViewModel: run[2] chunk[24].preview='␠true'
10-02 15:04:15.767 19752 19902 D AiViewModel: run[2] chunk[25].preview='}'
10-02 15:04:15.767 19752 26816 D LiteRtLM: state[logicalDone] key='fs|dev=65088|ino=45187|size=4919541760|mtime=1790971030441' runId=2 active=true terminated=true logicalDone=true cancel=false pendingCancel=false lastMsgAt=73181398 lastTermAt=73181399
10-02 15:04:15.768 19752 26816 D LiteRtLM: state[nativeDone:beforeRelease] key='fs|dev=65088|ino=45187|size=4919541760|mtime=1790971030441' runId=2 active=true terminated=true logicalDone=true cancel=false pendingCancel=false lastMsgAt=73181398 lastTermAt=73181399
10-02 15:04:15.768 19752 26816 W LiteRtLM: Inference timing: key='fs|dev=65088|ino=45187|size=4919541760|mtime=1790971030441' runId=2 ttftMs=4175 dispatchMs=17 postDispatchTtftMs=4158 totalMs=7141 callbacks=25 outputChars=83 cancelled=false error=false requestTotalMs=7142
10-02 15:04:15.768 19752 26816 W LiteRtLM: Inference timing: key='fs|dev=65088|ino=45187|size=4919541760|mtime=1790971030441' runId=2 ttftMs=4175 dispatchMs=17 postDispatchTtftMs=4158 totalMs=7141 callbacks=25 outputChars=83 cancelled=false error=false requestTotalMs=7142
10-02 15:04:15.768 19752 26816 I LiteRtLM: LiteRT completion: runId=2 terminal=normal_onDone phase=unavailable engineTokenCapacity=1024 prefillTokens=-1 decodeTokens=-1 kvTokens=-1 outputChars=83 callbacks=25
10-02 15:04:15.768 19752 26816 I LiteRtLM: LiteRT completion: runId=2 terminal=normal_onDone phase=unavailable engineTokenCapacity=1024 prefillTokens=-1 decodeTokens=-1 kvTokens=-1 outputChars=83 callbacks=25
10-02 15:04:15.769 19752 19752 D LiteRtRepository: [2] logical done=true; responseClosed=true; waiting native cleanup
10-02 15:04:15.770 19752 19752 D LiteRtRepository: [2] native cleanup safepoint
10-02 15:04:15.770 19752 19901 D AiViewModel: run[2] stats: chunks=25, chars=83, raw.len=83
10-02 15:04:15.771 19752 19901 D AiViewModel: run[2] sha(raw)=6ceeefe7120551f6472d056dd7ac9fbd8ea046f9632e41ba3ccc2431a240ead9
10-02 15:04:15.771 19752 19901 D AiViewModel: run[2] rawVisible='{"score":␠65,␠"missing_points":␠["acceptable␠yield␠loss"],␠"followup_needed":␠true}'
10-02 15:04:15.771 19752 20679 D SLM     : resetConversationAndWait: model='Gemma3n4B' image=false audio=false
10-02 15:04:15.775 19752 19901 D AiViewModel: run[2]: EVAL_JSON parsed score=65 followups=0 fu0=''
10-02 15:04:15.775 19752 19901 D AiViewModel: stepHistory+ runId=2 phase=EVAL mode=EVAL_JSON raw.len=83 score=65 FU=0 FU0='<none>' timeout=false err=null
10-02 15:04:15.776 19752 19901 I AiViewModel: run[2] done: phase=EVAL mode=EVAL_JSON score=65 FU0.len=0 FU0.sha16=none commit=true err=<none>
10-02 15:04:15.776 19752 19901 I FullTextOut: [part=000] run[2]: RawTextOut
10-02 15:04:15.776 19752 19901 I FullTextOut: {"score": 65, "missing_points": ["acceptable yield loss"], "followup_needed": true}
10-02 15:04:15.777 19752 19901 D SurveyVM: getFollowupPrompt[Q8] -> len=423 evalLen=83
10-02 15:04:15.778 19752 19901 D AiViewModel: run[3]: mode=FOLLOWUP_JSON_OR_TEXT phase=FOLLOWUP commit=false prompt.len=423, fullPrompt.len=960, timeoutMs=120000
10-02 15:04:15.779 19752 19901 D AiViewModel: run[3]: sha(prompt)=04d3bc73294157e95b02a71731ad03e3f24f299b38699d8b4770419f81addbe1 sha(full)=b015da3ee741198d770d3cecd9558ec472bc28b6a700fec2ae11f5079d1171d8
10-02 15:04:15.779 19752 19901 I FullPromptReview: [part=000] run[3]: phase=FOLLOWUP FullPrompt
10-02 15:04:15.779 19752 19901 I FullPromptReview: Evaluate only the original survey target using all supplied answers.
10-02 15:04:15.779 19752 19901 I FullPromptReview: Generate exactly one short English question addressing one unresolved target-required deficiency in EVAL_JSON. Use the original target, original answer and accumulated answered followup pairs. Do not repeat an earlier question or ask for information already provided. Never add new objectives. Output only the question on one line; no JSON, score, analysis, labels, or quotes.
10-02 15:04:15.779 19752 19901 I FullPromptReview: Keep the question short and single-scope.
10-02 15:04:15.779 19752 19901 I FullPromptReview: Exactly one English question on one line.
10-02 15:04:15.779 19752 19901 I FullPromptReview: INPUT:
10-02 15:04:15.779 19752 19901 I FullPromptReview: Expected answer target: Maximum yield loss acceptable for harvesting 20 days earlier (% or bags/acre).
10-02 15:04:15.779 19752 19901 I FullPromptReview: Question: If you could harvest your maize 20 days earlier but this reduced your yield, how much yield would you be willing to lose to harvest earlier?
10-02 15:04:15.779 19752 19901 I FullPromptReview: Original answer: I would accept some yield loss.
10-02 15:04:15.779 19752 19901 I FullPromptReview: Answered followup pairs: 
10-02 15:04:15.779 19752 19901 I FullPromptReview: EVAL_JSON: {"score": 65, "missing_points": ["acceptable yield loss"], "followup_needed": true}
10-02 15:04:15.784 19752 19902 D LiteRtRepository: [2] Conversation reset completed after safepoint
10-02 15:04:15.785 19752 19752 I View    : setRequestedFrameRate frameRate=-4.0, this=android.view.View{fcdbddb V.ED..... ........ 0,0-0,0}, caller=androidx.compose.ui.platform.Api35Impl.setRequestedFrameRate:4047 androidx.compose.ui.platform.AndroidComposeView.dispatchDraw:2282 android.view.View.draw:26758 android.view.View.updateDisplayListIfDirty:25577 android.view.ViewGroup.recreateChildDisplayList:4881 
10-02 15:04:15.785 19752 19939 D LiteRtRepository: [3] request start model='Gemma3n4B' prompt.len=960 sha=b015da3ee741198d gateWaitMs=6
10-02 15:04:15.785 19752 19944 D LiteRtRepository: [part=000] [2] FINALIZE: native-terminated
10-02 15:04:15.785 19752 19944 D LiteRtRepository: === AI TRACE STATS (LiteRtRepository) ===
10-02 15:04:15.785 19752 19944 D LiteRtRepository: rid=2 model='Gemma3n4B' reason=native-terminated
10-02 15:04:15.785 19752 19944 D LiteRtRepository: totalMs=7166 inferenceMs=7160 firstTokenMs=4178
10-02 15:04:15.785 19752 19944 D LiteRtRepository: logicalDone=true logicalDoneAt=73181401
10-02 15:04:15.785 19752 19944 D LiteRtRepository: nativeTerminated=true cancelTag='null'
10-02 15:04:15.785 19752 19944 D LiteRtRepository: lastDeltaMsAgo=19 lastEventMsAgo=15
10-02 15:04:15.785 19752 19944 D LiteRtRepository: chunks=25 emittedChars=83 capturedAll=true out.len=83
10-02 15:04:15.785 19752 19944 D LiteRtRepository: === OUTPUT (FULL) ===
10-02 15:04:15.785 19752 19944 D LiteRtRepository: {"score": 65, "missing_points": ["acceptable yield loss"], "followup_needed": true}
10-02 15:04:15.786 19752 19939 D LiteRtRepository: [part=000] [3] PROMPT (FULL) sha=b015da3ee741198d
10-02 15:04:15.786 19752 19939 D LiteRtRepository: Evaluate only the original survey target using all supplied answers.
10-02 15:04:15.786 19752 19939 D LiteRtRepository: Generate exactly one short English question addressing one unresolved target-required deficiency in EVAL_JSON. Use the original target, original answer and accumulated answered followup pairs. Do not repeat an earlier question or ask for information already provided. Never add new objectives. Output only the question on one line; no JSON, score, analysis, labels, or quotes.
10-02 15:04:15.786 19752 19939 D LiteRtRepository: Keep the question short and single-scope.
10-02 15:04:15.786 19752 19939 D LiteRtRepository: Exactly one English question on one line.
10-02 15:04:15.786 19752 19939 D LiteRtRepository: INPUT:
10-02 15:04:15.786 19752 19939 D LiteRtRepository: Expected answer target: Maximum yield loss acceptable for harvesting 20 days earlier (% or bags/acre).
10-02 15:04:15.786 19752 19939 D LiteRtRepository: Question: If you could harvest your maize 20 days earlier but this reduced your yield, how much yield would you be willing to lose to harvest earlier?
10-02 15:04:15.786 19752 19939 D LiteRtRepository: Original answer: I would accept some yield loss.
10-02 15:04:15.786 19752 19939 D LiteRtRepository: Answered followup pairs: 
10-02 15:04:15.786 19752 19939 D LiteRtRepository: EVAL_JSON: {"score": 65, "missing_points": ["acceptable yield loss"], "followup_needed": true}
10-02 15:04:15.786 19752 20679 D SLM     : initializeIfNeeded: model='Gemma3n4B' image=false audio=false
10-02 15:04:15.786 19752 20679 D LiteRtLM: initializeIfNeeded: warm runtime already ready: key='fs|dev=65088|ino=45187|size=4919541760|mtime=1790971030441'
10-02 15:04:15.787 19752 19939 D LiteRtRepository: [3] initializeIfNeeded ok initMs=1
10-02 15:04:15.788 19752 20679 D SLM     : runInference: model='Gemma3n4B' textLen=960 images=0 audio=0
10-02 15:04:15.789 19752 19939 D LiteRtLM: state[run:start] key='fs|dev=65088|ino=45187|size=4919541760|mtime=1790971030441' runId=3 active=true terminated=false logicalDone=false cancel=false pendingCancel=false lastMsgAt=73181421 lastTermAt=73181399
10-02 15:04:15.789 19752 19939 D LiteRtLM: runInference start: key='fs|dev=65088|ino=45187|size=4919541760|mtime=1790971030441' runId=3 hasText=true originalTextLen=960 effectiveTextLen=960 images=0 audioClips=0
10-02 15:04:15.789 19752 19939 D LiteRtLM: LiteRT-LM sendMessageAsync(text): key='fs|dev=65088|ino=45187|size=4919541760|mtime=1790971030441' runId=3 len=960 maxOutputTokens=64
10-02 15:04:15.790 19752 19752 I View    : setRequestedFrameRate frameRate=NaN, this=android.view.View{fcdbddb V.ED..... ........ 0,0-0,0}, caller=androidx.compose.ui.platform.Api35Impl.setRequestedFrameRate:4047 androidx.compose.ui.platform.AndroidComposeView.dispatchDraw:2282 android.view.View.draw:26758 android.view.View.updateDisplayListIfDirty:25577 android.view.ViewGroup.recreateChildDisplayList:4881 
10-02 15:04:15.793 19752 19939 D LiteRtLM: sendMessageAsync accepted: key='fs|dev=65088|ino=45187|size=4919541760|mtime=1790971030441' runId=3 dispatchMs=4
10-02 15:04:17.465 19752 26803 W LiteRtLM: Inference first output: key='fs|dev=65088|ino=45187|size=4919541760|mtime=1790971030441' runId=3 ttftMs=1676 dispatchMs=4 postDispatchTtftMs=1672 requestToFirstOutputMs=1676
10-02 15:04:17.466 19752 26803 W LiteRtLM: Inference first output: key='fs|dev=65088|ino=45187|size=4919541760|mtime=1790971030441' runId=3 ttftMs=1676 dispatchMs=4 postDispatchTtftMs=1672 requestToFirstOutputMs=1676
10-02 15:04:17.466 19752 26803 D LiteRtLM: stream[key=fs|dev=65088|ino=45187|size=4919541760|mtime=1790971030441 runId=3] msg#1 rawChunkLen=4 deltaLen=4 emittedChars=4
10-02 15:04:17.467 19752 19752 D LiteRtRepository: stream[rid=3 msg#1] done=false deltaLen=4 outLen=4 outPreview='What' deltaPreview='What'
10-02 15:04:17.467 19752 19939 D AiViewModel: run[3] chunk[1].preview='What'
10-02 15:04:17.585 19752 19939 D AiViewModel: run[3] chunk[2].preview='␠percentage'
10-02 15:04:17.695 19752 19939 D AiViewModel: run[3] chunk[3].preview='␠yield'
10-02 15:04:17.814 19752 19939 D AiViewModel: run[3] chunk[4].preview='␠loss'
10-02 15:04:17.923 19752 19944 D AiViewModel: run[3] chunk[5].preview='␠would'
10-02 15:04:18.042 19752 19944 D AiViewModel: run[3] chunk[6].preview='␠you'
10-02 15:04:18.157 19752 19939 D AiViewModel: run[3] chunk[7].preview='␠consider'
10-02 15:04:18.273 19752 19752 D LiteRtRepository: stream[rid=3 msg#8] done=false deltaLen=11 outLen=56 outPreview='What percentage yield loss would you consider acceptable' deltaPreview=' acceptable'
10-02 15:04:18.274 19752 19939 D AiViewModel: run[3] chunk[8].preview='␠acceptable'
10-02 15:04:18.399 19752 19939 D AiViewModel: run[3] chunk[9].preview='␠to'
10-02 15:04:18.525 19752 19939 D AiViewModel: run[3] chunk[10].preview='␠harvest'
10-02 15:04:18.649 19752 19939 D AiViewModel: run[3] chunk[11].preview='␠maize'
10-02 15:04:18.770 19752 19939 D AiViewModel: run[3] chunk[12].preview='␠'
10-02 15:04:18.885 19752 19939 D AiViewModel: run[3] chunk[13].preview='2'
10-02 15:04:19.011 19752 19939 D AiViewModel: run[3] chunk[14].preview='0'
10-02 15:04:19.137 19752 19939 D AiViewModel: run[3] chunk[15].preview='␠days'
10-02 15:04:19.261 19752 26803 D LiteRtLM: stream[key=fs|dev=65088|ino=45187|size=4919541760|mtime=1790971030441 runId=3] msg#16 rawChunkLen=8 deltaLen=8 emittedChars=89
10-02 15:04:19.262 19752 19752 D LiteRtRepository: stream[rid=3 msg#16] done=false deltaLen=8 outLen=89 outPreview='What percentage yield loss would you consider acceptable to harvest maize 20 days earlier' deltaPreview=' earlier'
10-02 15:04:19.262 19752 19939 D AiViewModel: run[3] chunk[16].preview='␠earlier'
10-02 15:04:19.382 19752 19939 D AiViewModel: run[3] chunk[17].preview='?'
10-02 15:04:19.383 19752 26816 D LiteRtLM: state[logicalDone] key='fs|dev=65088|ino=45187|size=4919541760|mtime=1790971030441' runId=3 active=true terminated=true logicalDone=true cancel=false pendingCancel=false lastMsgAt=73185014 lastTermAt=73185015
10-02 15:04:19.383 19752 26816 D LiteRtLM: state[nativeDone:beforeRelease] key='fs|dev=65088|ino=45187|size=4919541760|mtime=1790971030441' runId=3 active=true terminated=true logicalDone=true cancel=false pendingCancel=false lastMsgAt=73185014 lastTermAt=73185015
10-02 15:04:19.383 19752 26816 W LiteRtLM: Inference timing: key='fs|dev=65088|ino=45187|size=4919541760|mtime=1790971030441' runId=3 ttftMs=1676 dispatchMs=4 postDispatchTtftMs=1672 totalMs=3594 callbacks=17 outputChars=90 cancelled=false error=false requestTotalMs=3594
10-02 15:04:19.383 19752 26816 W LiteRtLM: Inference timing: key='fs|dev=65088|ino=45187|size=4919541760|mtime=1790971030441' runId=3 ttftMs=1676 dispatchMs=4 postDispatchTtftMs=1672 totalMs=3594 callbacks=17 outputChars=90 cancelled=false error=false requestTotalMs=3594
10-02 15:04:19.383 19752 26816 I LiteRtLM: LiteRT completion: runId=3 terminal=normal_onDone phase=unavailable engineTokenCapacity=1024 prefillTokens=-1 decodeTokens=-1 kvTokens=-1 outputChars=90 callbacks=17
10-02 15:04:19.383 19752 26816 I LiteRtLM: LiteRT completion: runId=3 terminal=normal_onDone phase=unavailable engineTokenCapacity=1024 prefillTokens=-1 decodeTokens=-1 kvTokens=-1 outputChars=90 callbacks=17
10-02 15:04:19.384 19752 19752 D LiteRtRepository: [3] logical done=true; responseClosed=true; waiting native cleanup
10-02 15:04:19.384 19752 19944 D AiViewModel: run[3] stats: chunks=17, chars=90, raw.len=90
10-02 15:04:19.384 19752 19752 D LiteRtRepository: [3] native cleanup safepoint
10-02 15:04:19.384 19752 19944 D AiViewModel: run[3] sha(raw)=5ec316c1d1e8f6f780e3ae334dc6b19ab33415b448e9f7bddb81d4bee0a88e15
10-02 15:04:19.385 19752 19944 D AiViewModel: run[3] rawVisible='What␠percentage␠yield␠loss␠would␠you␠consider␠acceptable␠to␠harvest␠maize␠20␠days␠earlier?'
10-02 15:04:19.385 19752 20679 D SLM     : resetConversationAndWait: model='Gemma3n4B' image=false audio=false
10-02 15:04:19.387 19752 19944 D AiViewModel: run[3]: FOLLOWUP parse extractorQ='What␠percentage␠yield␠loss␠would␠you␠consider␠acceptable␠to␠harvest␠maize␠20␠days␠earlier?' textQ='What␠percentage␠yield␠loss␠would␠you␠consider␠acceptable␠to␠harvest␠maize␠20␠days␠earlier?' best='What␠percentage␠yield␠loss␠would␠you␠consider␠acceptable␠to␠harvest␠maize␠20␠days␠earlier?'
10-02 15:04:19.387 19752 19944 D AiViewModel: stepHistory+ runId=3 phase=FOLLOWUP mode=FOLLOWUP_JSON_OR_TEXT raw.len=90 score=null FU=1 FU0='What␠percentage␠yield␠loss␠would␠you␠consider␠acceptable␠to␠harvest␠maize␠20␠days␠earlier?' timeout=false err=null
10-02 15:04:19.388 19752 19944 I AiViewModel: run[3] done: phase=FOLLOWUP mode=FOLLOWUP_JSON_OR_TEXT score=null FU0.len=90 FU0.sha16=5ec316c1d1e8f6f7 commit=false err=<none>
10-02 15:04:19.388 19752 19944 I FullTextOut: [part=000] run[3]: RawTextOut
10-02 15:04:19.388 19752 19944 I FullTextOut: What percentage yield loss would you consider acceptable to harvest maize 20 days earlier?
10-02 15:04:19.390 19752 19902 D LiteRtRepository: [3] Conversation reset completed after safepoint
10-02 15:04:19.393 19752 20037 D LiteRtRepository: [part=000] [3] FINALIZE: native-terminated
10-02 15:04:19.393 19752 20037 D LiteRtRepository: === AI TRACE STATS (LiteRtRepository) ===
10-02 15:04:19.393 19752 20037 D LiteRtRepository: rid=3 model='Gemma3n4B' reason=native-terminated
10-02 15:04:19.393 19752 20037 D LiteRtRepository: totalMs=3607 inferenceMs=3605 firstTokenMs=1680
10-02 15:04:19.393 19752 20037 D LiteRtRepository: logicalDone=true logicalDoneAt=73185016
10-02 15:04:19.393 19752 20037 D LiteRtRepository: nativeTerminated=true cancelTag='null'
10-02 15:04:19.393 19752 20037 D LiteRtRepository: lastDeltaMsAgo=10 lastEventMsAgo=8
10-02 15:04:19.393 19752 20037 D LiteRtRepository: chunks=17 emittedChars=90 capturedAll=true out.len=90
10-02 15:04:19.393 19752 20037 D LiteRtRepository: === OUTPUT (FULL) ===
10-02 15:04:19.393 19752 20037 D LiteRtRepository: What percentage yield loss would you consider acceptable to harvest maize 20 days earlier?
10-02 15:04:19.431 19752 19752 I View    : setRequestedFrameRate frameRate=-4.0, this=android.view.View{fcdbddb V.ED..... ........ 0,0-0,0}, caller=androidx.compose.ui.platform.Api35Impl.setRequestedFrameRate:4047 androidx.compose.ui.platform.AndroidComposeView.dispatchDraw:2282 android.view.View.draw:26758 android.view.View.updateDisplayListIfDirty:25577 android.view.ViewGroup.recreateChildDisplayList:4881 
10-02 15:04:19.437 19752 19752 I View    : setRequestedFrameRate frameRate=NaN, this=android.view.View{fcdbddb V.ED..... ........ 0,0-0,0}, caller=androidx.compose.ui.platform.Api35Impl.setRequestedFrameRate:4047 androidx.compose.ui.platform.AndroidComposeView.dispatchDraw:2282 android.view.View.draw:26758 android.view.View.updateDisplayListIfDirty:25577 android.view.ViewGroup.recreateChildDisplayList:4881 
10-02 15:04:19.443 19752 19752 I View    : setRequestedFrameRate frameRate=-4.0, this=android.view.View{fcdbddb V.ED..... ........ 0,0-0,0}, caller=androidx.compose.ui.platform.Api35Impl.setRequestedFrameRate:4047 androidx.compose.ui.platform.AndroidComposeView.dispatchDraw:2282 android.view.View.draw:26758 android.view.View.updateDisplayListIfDirty:25577 android.view.ViewGroup.recreateChildDisplayList:4881 
10-02 15:04:19.447 19752 19752 I View    : setRequestedFrameRate frameRate=NaN, this=android.view.View{fcdbddb V.ED..... ........ 0,0-0,0}, caller=androidx.compose.ui.platform.Api35Impl.setRequestedFrameRate:4047 androidx.compose.ui.platform.AndroidComposeView.dispatchDraw:2282 android.view.View.draw:26758 android.view.View.updateDisplayListIfDirty:25577 android.view.ViewGroup.recreateChildDisplayList:4881 
10-02 15:04:41.254 19752 19752 I VRI[MainActivity]@ba2ccdd: ViewPostIme pointer 0
10-02 15:04:41.257 19752 19752 I VRI[MainActivity]@ba2ccdd: call setFrameRateCategory for touch hint category=high hint, reason=touch, vri=VRI[MainActivity]@ba2ccdd
10-02 15:04:41.259 19752 19752 I VRI[MainActivity]@ba2ccdd: ViewPostIme pointer 1
10-02 15:04:41.260 19752 19752 D InsetsController: hide(ime())
10-02 15:04:41.260 19752 19752 I ImeTracker: com.negi.survey.local:c6389475: onRequestHide at ORIGIN_CLIENT reason HIDE_SOFT_INPUT_BY_INSETS_API fromUser false
10-02 15:04:41.260 19752 19752 I ImeTracker: com.negi.survey.local:c6389475: onCancelled at PHASE_CLIENT_ALREADY_HIDDEN
10-02 15:04:41.354 19752 19752 I VRI[MainActivity]@ba2ccdd: setInTouchMode(false), android.view.ViewRootImpl.checkForLeavingTouchModeAndConsume:11075 android.view.ViewRootImpl.-$$Nest$mcheckForLeavingTouchModeAndConsume:0 android.view.ViewRootImpl$EarlyPostImeInputStage.processKeyEvent:9536 android.view.ViewRootImpl$EarlyPostImeInputStage.onProcess:9520 android.view.ViewRootImpl$InputStage.deliver:8994 android.view.ViewRootImpl$InputStage.onDeliverToNext:9051 android.view.ViewRootImpl$InputStage.forward:9017 android.view.ViewRootImpl$AsyncInputStage.forward:9255 android.view.ViewRootImpl$ImeInputStage.onFinishedInputEvent:9505 android.view.inputmethod.InputMethodManager$PendingEvent.run:5454 
10-02 15:04:41.360 19752 19752 I VRI[MainActivity]@ba2ccdd: ViewPostIme key 0
10-02 15:04:41.368 19752 19752 I VRI[MainActivity]@ba2ccdd: ViewPostIme key 1
10-02 15:04:41.374 19752 19752 I VRI[MainActivity]@ba2ccdd: ViewPostIme key 0
10-02 15:04:41.379 19752 19752 I VRI[MainActivity]@ba2ccdd: ViewPostIme key 1
10-02 15:04:41.383 19752 19752 I VRI[MainActivity]@ba2ccdd: ViewPostIme key 0
10-02 15:04:41.389 19752 19752 I VRI[MainActivity]@ba2ccdd: ViewPostIme key 1
10-02 15:04:41.396 19752 19752 I VRI[MainActivity]@ba2ccdd: ViewPostIme key 0
10-02 15:04:41.398 19752 19752 I VRI[MainActivity]@ba2ccdd: ViewPostIme key 1
10-02 15:04:41.400 19752 19752 I VRI[MainActivity]@ba2ccdd: ViewPostIme key 0
10-02 15:04:41.407 19752 19752 I VRI[MainActivity]@ba2ccdd: ViewPostIme key 1
10-02 15:04:41.413 19752 19752 I VRI[MainActivity]@ba2ccdd: ViewPostIme key 0
10-02 15:04:41.415 19752 19752 I VRI[MainActivity]@ba2ccdd: ViewPostIme key 1
10-02 15:04:41.417 19752 19752 I VRI[MainActivity]@ba2ccdd: ViewPostIme key 0
10-02 15:04:41.421 19752 19752 I VRI[MainActivity]@ba2ccdd: ViewPostIme key 1
10-02 15:04:41.423 19752 19752 I VRI[MainActivity]@ba2ccdd: ViewPostIme key 0
10-02 15:04:41.430 19752 19752 I VRI[MainActivity]@ba2ccdd: ViewPostIme key 1
10-02 15:04:41.432 19752 19752 I VRI[MainActivity]@ba2ccdd: ViewPostIme key 0
10-02 15:04:41.439 19752 19752 I VRI[MainActivity]@ba2ccdd: ViewPostIme key 1
10-02 15:04:41.441 19752 19752 I VRI[MainActivity]@ba2ccdd: ViewPostIme key 0
10-02 15:04:41.448 19752 19752 I VRI[MainActivity]@ba2ccdd: ViewPostIme key 1
10-02 15:04:41.450 19752 19752 I VRI[MainActivity]@ba2ccdd: ViewPostIme key 0
10-02 15:04:41.455 19752 19752 I VRI[MainActivity]@ba2ccdd: ViewPostIme key 1
10-02 15:04:41.521 19752 19752 I VRI[MainActivity]@ba2ccdd: ViewPostIme pointer 0
10-02 15:04:41.525 19752 19752 I VRI[MainActivity]@ba2ccdd: ViewPostIme pointer 1
10-02 15:04:41.525 19752 19752 D InsetsController: hide(ime())
10-02 15:04:41.526 19752 19752 I ImeTracker: com.negi.survey.local:5883c96: onRequestHide at ORIGIN_CLIENT reason HIDE_SOFT_INPUT_BY_INSETS_API fromUser false
10-02 15:04:41.526 19752 19752 I ImeTracker: com.negi.survey.local:5883c96: onCancelled at PHASE_CLIENT_ALREADY_HIDDEN
10-02 15:04:44.525 19752 19752 I VRI[MainActivity]@ba2ccdd: call setFrameRateCategory for touch hint category=no preference, reason=boost timeout, vri=VRI[MainActivity]@ba2ccdd
10-02 15:05:08.941 19752 21288 I gi.survey.local: Explicit concurrent mark compact GC freed 18MB AllocSpace bytes, 0(0B) LOS objects, 75% free, 7955KB/31MB, paused 318us,3.135ms total 45.086ms
10-02 15:05:21.984 19752 19752 I VRI[MainActivity]@ba2ccdd: ViewPostIme pointer 0
10-02 15:05:21.988 19752 19752 I VRI[MainActivity]@ba2ccdd: call setFrameRateCategory for touch hint category=high hint, reason=touch, vri=VRI[MainActivity]@ba2ccdd
10-02 15:05:21.989 19752 19752 I VRI[MainActivity]@ba2ccdd: ViewPostIme pointer 1
10-02 15:05:21.996 19752 19752 D InputMethodManagerUtils: startInputInner - Id : 0
10-02 15:05:21.997 19752 19752 I InputMethodManager: startInputInner - IInputMethodManagerGlobalInvoker.startInputOrWindowGainedFocus
10-02 15:05:21.997 19752 19752 D InsetsController: show(ime())
10-02 15:05:21.998 19752 19752 I ImeTracker: com.negi.survey.local:6512fc76: onRequestShow at ORIGIN_CLIENT reason SHOW_SOFT_INPUT_BY_INSETS_API fromUser false
10-02 15:05:21.998 19752 19752 D InsetsController: Setting requestedVisibleTypes to 511 (was 503)
10-02 15:05:21.998 19752 19752 I InsetsController: setRequestedVisibleTypes: visible=true, mask=ime, host=com.negi.survey.local/com.negi.survey.MainActivity, from=android.view.InsetsController.controlAnimationUnchecked:1646 android.view.InsetsController.applyAnimation:2278 android.view.InsetsController.applyAnimation:2207 android.view.InsetsController.show:1498 android.view.InsetsController.show:1435 androidx.core.view.SoftwareKeyboardControllerCompat$Impl30.show:189 androidx.core.view.SoftwareKeyboardControllerCompat.show:70 androidx.compose.ui.text.input.InputMethodManagerImpl.showSoftInput:81 androidx.compose.ui.text.input.TextInputServiceAndroid.setKeyboardVisibleImmediately:468 androidx.compose.ui.text.input.TextInputServiceAndroid.processInputCommands:352 
10-02 15:05:22.007 19752 19752 I InputMethodManager_LC: showSoftInput(View,I)
10-02 15:05:22.008 19752 19752 I ImeTracker: com.negi.survey.local:ef01faa9: onRequestShow at ORIGIN_CLIENT reason SHOW_SOFT_INPUT fromUser false
10-02 15:05:22.008 19752 19752 I InputMethodManager_LC: ssi(): flags=0 view=com.negi.survey.local reason=SHOW_SOFT_INPUT
10-02 15:05:22.008 19752 19752 I InputMethodManager_LC: ssi() view is not EditText
10-02 15:05:22.008 19752 19752 D InsetsController: show(ime())
10-02 15:05:22.008 19752 19752 I ImeTracker: com.negi.survey.local:ef01faa9: onCancelled at PHASE_CLIENT_REPORT_REQUESTED_VISIBLE_TYPES
10-02 15:05:22.017 19752 19752 I VRI[MainActivity]@ba2ccdd: handleResized, frames=ClientWindowFrames{frame=[0,0][1080,2340] display=[0,0][1080,2340] parentFrame=[0,0][0,0]} displayId=0 dragResizing=false compatScale=1.0 frameChanged=false attachedFrameChanged=false configChanged=false displayChanged=false compatScaleChanged=false dragResizingChanged=false
10-02 15:05:22.036 19752 19859 D InputTransport: Input channel constructed: 'ClientS', fd=169
10-02 15:05:22.101 19752 19752 D WindowOnBackDispatcher: setTopOnBackInvokedCallback (unwrapped): android.view.ImeBackAnimationController@d88cdb2
10-02 15:05:22.102 19752 19752 I VRI[MainActivity]@ba2ccdd: setInTouchMode(false), android.view.ViewRootImpl.checkForLeavingTouchModeAndConsume:11075 android.view.ViewRootImpl.-$$Nest$mcheckForLeavingTouchModeAndConsume:0 android.view.ViewRootImpl$EarlyPostImeInputStage.processKeyEvent:9536 android.view.ViewRootImpl$EarlyPostImeInputStage.onProcess:9520 android.view.ViewRootImpl$InputStage.deliver:8994 android.view.ViewRootImpl$InputStage.onDeliverToNext:9051 android.view.ViewRootImpl$InputStage.forward:9017 android.view.ViewRootImpl$AsyncInputStage.forward:9255 android.view.ViewRootImpl$ImeInputStage.onFinishedInputEvent:9505 android.view.inputmethod.InputMethodManager$PendingEvent.run:5454 
10-02 15:05:22.102 19752 19752 I VRI[MainActivity]@ba2ccdd: ViewPostIme key 0
10-02 15:05:22.130 19752 19752 I VRI[MainActivity]@ba2ccdd: ViewPostIme key 1
10-02 15:05:22.135 19752 19752 I InsetsController: onStateChanged: host=com.negi.survey.local/com.negi.survey.MainActivity, from=android.view.ViewRootImpl.onInsetsStateChanged:3038, state=InsetsState: {mDisplayFrame=Rect(0, 0 - 1080, 2340), mDisplayCutout=DisplayCutout{insets=Rect(0, 82 - 0, 0) waterfall=Insets{left=0, top=0, right=0, bottom=0} boundingRect={Bounds=[Rect(0, 0 - 0, 0), Rect(511, 24 - 569, 82), Rect(0, 0 - 0, 0), Rect(0, 0 - 0, 0)]} cutoutPathParserInfo={CutoutPathParserInfo{displayWidth=1080 displayHeight=2340 physicalDisplayWidth=1080 physicalDisplayHeight=2340 density={2.8125} cutoutSpec={M 0,0 M 0, 8.533333333333333 a 10.31111111111111,10.31111111111111 0 1,0 0,20.62222222222222 a 10.31111111111111,10.31111111111111 0 1,0 0,-20.62222222222222 Z @dp} rotation={0} scale={1.0} physicalPixelDisplaySizeRatio={1.0}}} sideOverrides={}}, mRoundedCorners=RoundedCorners{[RoundedCorner{position=TopLeft, radius=113, center=Point(113, 113)}, RoundedCorner{position=TopRight, radius=113, center=Point(967, 113)}, RoundedCorner{position=BottomRight, radius=113, center=Point(967, 2227)}, RoundedCorner{position=BottomLeft, radius=113, center=Point(113, 2227)}]}  mRoundedCornerFrame=Rect(0, 0 - 1080, 2340), mPrivacyIndicatorBounds=PrivacyIndicatorBounds {static bounds=Rect(956, 0 - 1080, 97) rotation=0}, mDisplayShape=DisplayShape{ spec=-311912193 displayWidth=1080 displayHeight=2340 physicalPixelDisplaySizeRatio=1.0 rotation=0 offsetX=0 offsetY=0 scale=1.0}, mSources= { InsetsSource: {d29a0000 mType=statusBars mFrame=[0,0][1080,97] mAttachedInsets=null mVisible=true mFlags= mSideHint=TOP mBoundingRects=null}, InsetsSource: {d29a0005 mType=mandatorySystemGestures mFrame=[0,0][1080,116] mAttachedInsets=null mVisible=true mFlags= mSideHint=TOP mBoundingRects=null}, InsetsSource: {d29a0006 mType=tappableElement mFrame=[0,0][1080,97] mAttachedInsets=null mVisible=true mFlags= mSideHint=TOP mBoundingRects=null}, InsetsSource: {3 mType=ime mFrame=[0,1332][1080,2340] mAttachedInsets=null mVisible=true mFlags= mSideHint=BOTTOM mBoundingRects=null}, InsetsSource: {27 mType=displayCutout mFrame=[0,0][1080,82] mAttachedInsets=null mVisible=true mFlags= mSideHint=TOP mBoundingRects=null}, InsetsSource: {4b5d0001 mType=navigationBars mFrame=[0,2205][1080,2340] mAttachedInsets=null mVisible=true mFlags= mSideHint=BOTTOM mBoundingRects=null}, InsetsSource: {4b5d0004 mType=systemGestures mFrame=[0,0][0,0] mAttachedInsets=null mVisible=true mFlags= mSideHint=NONE mBoundingRects=null}, InsetsSource: {4b5d0005 mType=mandatorySystemGestures mFrame=[0,2205][1080,2340] mAttachedInsets=null mVisible=true mFlags= mSideHint=BOTTOM mBoundingRects=null}, InsetsSource: {4b5d0006 mType=tappableElement mFrame=[0,2205][1080,2340] mAttachedInsets=null mVisible=true mFlags= mSideHint=BOTTOM mBoundingRects=null}, InsetsSource: {4b5d0024 mType=systemGestures mFrame=[0,0][0,0] mAttachedInsets=null mVisible=true mFlags= mSideHint=NONE mBoundingRects=null} }
10-02 15:05:22.135 19752 19752 I VRI[MainActivity]@ba2ccdd: handleResized, frames=ClientWindowFrames{frame=[0,0][1080,2340] display=[0,0][1080,2340] parentFrame=[0,0][0,0]} displayId=0 dragResizing=false compatScale=1.0 frameChanged=false attachedFrameChanged=false configChanged=false displayChanged=false compatScaleChanged=false dragResizingChanged=false
10-02 15:05:22.137 19752 19752 I InsetsController: onStateChanged: host=com.negi.survey.local/com.negi.survey.MainActivity, from=android.view.ViewRootImpl.onInsetsStateChanged:3038, state=InsetsState: {mDisplayFrame=Rect(0, 0 - 1080, 2340), mDisplayCutout=DisplayCutout{insets=Rect(0, 82 - 0, 0) waterfall=Insets{left=0, top=0, right=0, bottom=0} boundingRect={Bounds=[Rect(0, 0 - 0, 0), Rect(511, 24 - 569, 82), Rect(0, 0 - 0, 0), Rect(0, 0 - 0, 0)]} cutoutPathParserInfo={CutoutPathParserInfo{displayWidth=1080 displayHeight=2340 physicalDisplayWidth=1080 physicalDisplayHeight=2340 density={2.8125} cutoutSpec={M 0,0 M 0, 8.533333333333333 a 10.31111111111111,10.31111111111111 0 1,0 0,20.62222222222222 a 10.31111111111111,10.31111111111111 0 1,0 0,-20.62222222222222 Z @dp} rotation={0} scale={1.0} physicalPixelDisplaySizeRatio={1.0}}} sideOverrides={}}, mRoundedCorners=RoundedCorners{[RoundedCorner{position=TopLeft, radius=113, center=Point(113, 113)}, RoundedCorner{position=TopRight, radius=113, center=Point(967, 113)}, RoundedCorner{position=BottomRight, radius=113, center=Point(967, 2227)}, RoundedCorner{position=BottomLeft, radius=113, center=Point(113, 2227)}]}  mRoundedCornerFrame=Rect(0, 0 - 1080, 2340), mPrivacyIndicatorBounds=PrivacyIndicatorBounds {static bounds=Rect(956, 0 - 1080, 97) rotation=0}, mDisplayShape=DisplayShape{ spec=-311912193 displayWidth=1080 displayHeight=2340 physicalPixelDisplaySizeRatio=1.0 rotation=0 offsetX=0 offsetY=0 scale=1.0}, mSources= { InsetsSource: {d29a0000 mType=statusBars mFrame=[0,0][1080,97] mAttachedInsets=null mVisible=true mFlags= mSideHint=TOP mBoundingRects=null}, InsetsSource: {d29a0005 mType=mandatorySystemGestures mFrame=[0,0][1080,116] mAttachedInsets=null mVisible=true mFlags= mSideHint=TOP mBoundingRects=null}, InsetsSource: {d29a0006 mType=tappableElement mFrame=[0,0][1080,97] mAttachedInsets=null mVisible=true mFlags= mSideHint=TOP mBoundingRects=null}, InsetsSource: {3 mType=ime mFrame=[0,1332][1080,2340] mAttachedInsets=null mVisible=true mFlags= mSideHint=BOTTOM mBoundingRects=null}, InsetsSource: {27 mType=displayCutout mFrame=[0,0][1080,82] mAttachedInsets=null mVisible=true mFlags= mSideHint=TOP mBoundingRects=null}, InsetsSource: {4b5d0001 mType=navigationBars mFrame=[0,2205][1080,2340] mAttachedInsets=null mVisible=true mFlags= mSideHint=BOTTOM mBoundingRects=null}, InsetsSource: {4b5d0004 mType=systemGestures mFrame=[0,0][0,0] mAttachedInsets=null mVisible=true mFlags= mSideHint=NONE mBoundingRects=null}, InsetsSource: {4b5d0005 mType=mandatorySystemGestures mFrame=[0,2205][1080,2340] mAttachedInsets=null mVisible=true mFlags= mSideHint=BOTTOM mBoundingRects=null}, InsetsSource: {4b5d0006 mType=tappableElement mFrame=[0,2205][1080,2340] mAttachedInsets=null mVisible=true mFlags= mSideHint=BOTTOM mBoundingRects=null}, InsetsSource: {4b5d0024 mType=systemGestures mFrame=[0,0][0,0] mAttachedInsets=null mVisible=true mFlags= mSideHint=NONE mBoundingRects=null} }
10-02 15:05:22.138 19752 19752 I VRI[MainActivity]@ba2ccdd: ViewPostIme key 0
10-02 15:05:22.143 19752 19752 D VRI[MainActivity]@ba2ccdd: WindowInsets changed: ime:[0,0,0,1008] 
10-02 15:05:22.143 19752 19752 I BLASTBufferQueue_Java: update, w= 1080 h= 2340 mName = VRI[MainActivity]@ba2ccdd mNativeObject= 0xb400007c57f142d0 sc.mNativeObject= 0xb400007ba7ee7d10 format= -1 caller= android.view.ViewRootImpl.updateBlastSurfaceIfNeeded:3592 android.view.ViewRootImpl.relayoutWindow:11813 android.view.ViewRootImpl.performTraversals:4840 android.view.ViewRootImpl.doTraversal:3959 android.view.ViewRootImpl$TraversalRunnable.run:13034 android.view.Choreographer$CallbackRecord.run:1961 
10-02 15:05:22.143 19752 19752 I VRI[MainActivity]@ba2ccdd: Relayout returned: old=(0,0,1080,2340) new=(0,0,1080,2340) relayoutAsync=true req=(1080,2340)0 dur=0 res=0x0 s={true 0xb400007b97f0de20} ch=false seqId=0
10-02 15:05:22.145 19752 19752 I VRI[MainActivity]@ba2ccdd: registerCallbackForPendingTransactions
10-02 15:05:22.148 19752 19977 I VRI[MainActivity]@ba2ccdd: mWNT: t=0xb400007b786a3f30 mBlastBufferQueue=0xb400007c57f142d0 fn= 24609 HdrRenderState mRenderHdrSdrRatio=1.0 caller= android.view.SyncRtSurfaceTransactionApplier.applyTransaction:102 android.view.SyncRtSurfaceTransactionApplier.lambda$scheduleApply$0:75 android.view.SyncRtSurfaceTransactionApplier.$r8$lambda$afI4fXg3U3-nBZQEDQMiNy-B06s:0 
10-02 15:05:22.148 19752 19977 I VRI[MainActivity]@ba2ccdd: mWNT: t=0xb400007b786aff20 mBlastBufferQueue=0xb400007c57f142d0 fn= 24609 HdrRenderState mRenderHdrSdrRatio=1.0 caller= android.view.ViewRootImpl$10.onFrameDraw:6615 android.view.ViewRootImpl$4.onFrameDraw:2485 android.view.ThreadedRenderer$1.onFrameDraw:751 
10-02 15:05:22.153 19752 19978 I VRI[MainActivity]@ba2ccdd: mWNT: t=0xb400007b786cc460 mBlastBufferQueue=0xb400007c57f142d0 fn= 24610 HdrRenderState mRenderHdrSdrRatio=1.0 caller= android.view.SyncRtSurfaceTransactionApplier.applyTransaction:102 android.view.SyncRtSurfaceTransactionApplier.lambda$scheduleApply$0:75 android.view.SyncRtSurfaceTransactionApplier.$r8$lambda$afI4fXg3U3-nBZQEDQMiNy-B06s:0 
10-02 15:05:22.162 19752 19752 I View    : setRequestedFrameRate frameRate=-4.0, this=android.view.View{fcdbddb V.ED..... ........ 0,0-0,0}, caller=androidx.compose.ui.platform.Api35Impl.setRequestedFrameRate:4047 androidx.compose.ui.platform.AndroidComposeView.dispatchDraw:2282 android.view.View.draw:26758 android.view.View.updateDisplayListIfDirty:25577 android.view.View.draw:26477 
10-02 15:05:22.162 19752 19977 I VRI[MainActivity]@ba2ccdd: mWNT: t=0xb400007b78673880 mBlastBufferQueue=0xb400007c57f142d0 fn= 24611 HdrRenderState mRenderHdrSdrRatio=1.0 caller= android.view.SyncRtSurfaceTransactionApplier.applyTransaction:102 android.view.SyncRtSurfaceTransactionApplier.lambda$scheduleApply$0:75 android.view.SyncRtSurfaceTransactionApplier.$r8$lambda$afI4fXg3U3-nBZQEDQMiNy-B06s:0 
10-02 15:05:22.163 19752 19752 I VRI[MainActivity]@ba2ccdd: ViewPostIme key 1
10-02 15:05:22.170 19752 19978 I VRI[MainActivity]@ba2ccdd: mWNT: t=0xb400007b77f34790 mBlastBufferQueue=0xb400007c57f142d0 fn= 24612 HdrRenderState mRenderHdrSdrRatio=1.0 caller= android.view.SyncRtSurfaceTransactionApplier.applyTransaction:102 android.view.SyncRtSurfaceTransactionApplier.lambda$scheduleApply$0:75 android.view.SyncRtSurfaceTransactionApplier.$r8$lambda$afI4fXg3U3-nBZQEDQMiNy-B06s:0 
10-02 15:05:22.179 19752 19752 I VRI[MainActivity]@ba2ccdd: ViewPostIme key 0
10-02 15:05:22.179 19752 19977 I VRI[MainActivity]@ba2ccdd: mWNT: t=0xb400007b7866adc0 mBlastBufferQueue=0xb400007c57f142d0 fn= 24613 HdrRenderState mRenderHdrSdrRatio=1.0 caller= android.view.SyncRtSurfaceTransactionApplier.applyTransaction:102 android.view.SyncRtSurfaceTransactionApplier.lambda$scheduleApply$0:75 android.view.SyncRtSurfaceTransactionApplier.$r8$lambda$afI4fXg3U3-nBZQEDQMiNy-B06s:0 
10-02 15:05:22.191 19752 19978 I VRI[MainActivity]@ba2ccdd: mWNT: t=0xb400007b77f07ab0 mBlastBufferQueue=0xb400007c57f142d0 fn= 24614 HdrRenderState mRenderHdrSdrRatio=1.0 caller= android.view.SyncRtSurfaceTransactionApplier.applyTransaction:102 android.view.SyncRtSurfaceTransactionApplier.lambda$scheduleApply$0:75 android.view.SyncRtSurfaceTransactionApplier.$r8$lambda$afI4fXg3U3-nBZQEDQMiNy-B06s:0 
10-02 15:05:22.191 19752 19752 I VRI[MainActivity]@ba2ccdd: ViewPostIme key 1
10-02 15:05:22.197 19752 19977 I VRI[MainActivity]@ba2ccdd: mWNT: t=0xb400007b786808a0 mBlastBufferQueue=0xb400007c57f142d0 fn= 24615 HdrRenderState mRenderHdrSdrRatio=1.0 caller= android.view.SyncRtSurfaceTransactionApplier.applyTransaction:102 android.view.SyncRtSurfaceTransactionApplier.lambda$scheduleApply$0:75 android.view.SyncRtSurfaceTransactionApplier.$r8$lambda$afI4fXg3U3-nBZQEDQMiNy-B06s:0 
10-02 15:05:22.202 19752 19978 I VRI[MainActivity]@ba2ccdd: mWNT: t=0xb400007b7866a480 mBlastBufferQueue=0xb400007c57f142d0 fn= 24616 HdrRenderState mRenderHdrSdrRatio=1.0 caller= android.view.SyncRtSurfaceTransactionApplier.applyTransaction:102 android.view.SyncRtSurfaceTransactionApplier.lambda$scheduleApply$0:75 android.view.SyncRtSurfaceTransactionApplier.$r8$lambda$afI4fXg3U3-nBZQEDQMiNy-B06s:0 
10-02 15:05:22.202 19752 19752 I VRI[MainActivity]@ba2ccdd: ViewPostIme key 0
10-02 15:05:22.204 19752 19752 I VRI[MainActivity]@ba2ccdd: ViewPostIme key 1
10-02 15:05:22.213 19752 19752 I VRI[MainActivity]@ba2ccdd: ViewPostIme key 0
10-02 15:05:22.213 19752 19977 I VRI[MainActivity]@ba2ccdd: mWNT: t=0xb400007b7869fc20 mBlastBufferQueue=0xb400007c57f142d0 fn= 24617 HdrRenderState mRenderHdrSdrRatio=1.0 caller= android.view.SyncRtSurfaceTransactionApplier.applyTransaction:102 android.view.SyncRtSurfaceTransactionApplier.lambda$scheduleApply$0:75 android.view.SyncRtSurfaceTransactionApplier.$r8$lambda$afI4fXg3U3-nBZQEDQMiNy-B06s:0 
10-02 15:05:22.220 19752 19978 I VRI[MainActivity]@ba2ccdd: mWNT: t=0xb400007b7866b700 mBlastBufferQueue=0xb400007c57f142d0 fn= 24618 HdrRenderState mRenderHdrSdrRatio=1.0 caller= android.view.SyncRtSurfaceTransactionApplier.applyTransaction:102 android.view.SyncRtSurfaceTransactionApplier.lambda$scheduleApply$0:75 android.view.SyncRtSurfaceTransactionApplier.$r8$lambda$afI4fXg3U3-nBZQEDQMiNy-B06s:0 
10-02 15:05:22.227 19752 19752 I VRI[MainActivity]@ba2ccdd: ViewPostIme key 1
10-02 15:05:22.227 19752 19977 I VRI[MainActivity]@ba2ccdd: mWNT: t=0xb400007b78681fc0 mBlastBufferQueue=0xb400007c57f142d0 fn= 24619 HdrRenderState mRenderHdrSdrRatio=1.0 caller= android.view.SyncRtSurfaceTransactionApplier.applyTransaction:102 android.view.SyncRtSurfaceTransactionApplier.lambda$scheduleApply$0:75 android.view.SyncRtSurfaceTransactionApplier.$r8$lambda$afI4fXg3U3-nBZQEDQMiNy-B06s:0 
10-02 15:05:22.236 19752 19752 I VRI[MainActivity]@ba2ccdd: ViewPostIme key 0
10-02 15:05:22.236 19752 19978 I VRI[MainActivity]@ba2ccdd: mWNT: t=0xb400007b786b2670 mBlastBufferQueue=0xb400007c57f142d0 fn= 24620 HdrRenderState mRenderHdrSdrRatio=1.0 caller= android.view.SyncRtSurfaceTransactionApplier.applyTransaction:102 android.view.SyncRtSurfaceTransactionApplier.lambda$scheduleApply$0:75 android.view.SyncRtSurfaceTransactionApplier.$r8$lambda$afI4fXg3U3-nBZQEDQMiNy-B06s:0 
10-02 15:05:22.237 19752 19752 I VRI[MainActivity]@ba2ccdd: ViewPostIme key 1
10-02 15:05:22.238 19752 19752 I VRI[MainActivity]@ba2ccdd: ViewPostIme key 0
10-02 15:05:22.245 19752 19977 I VRI[MainActivity]@ba2ccdd: mWNT: t=0xb400007b786b5ba0 mBlastBufferQueue=0xb400007c57f142d0 fn= 24621 HdrRenderState mRenderHdrSdrRatio=1.0 caller= android.view.SyncRtSurfaceTransactionApplier.applyTransaction:102 android.view.SyncRtSurfaceTransactionApplier.lambda$scheduleApply$0:75 android.view.SyncRtSurfaceTransactionApplier.$r8$lambda$afI4fXg3U3-nBZQEDQMiNy-B06s:0 
10-02 15:05:22.252 19752 19978 I VRI[MainActivity]@ba2ccdd: mWNT: t=0xb400007b78695350 mBlastBufferQueue=0xb400007c57f142d0 fn= 24622 HdrRenderState mRenderHdrSdrRatio=1.0 caller= android.view.SyncRtSurfaceTransactionApplier.applyTransaction:102 android.view.SyncRtSurfaceTransactionApplier.lambda$scheduleApply$0:75 android.view.SyncRtSurfaceTransactionApplier.$r8$lambda$afI4fXg3U3-nBZQEDQMiNy-B06s:0 
10-02 15:05:22.252 19752 19752 I VRI[MainActivity]@ba2ccdd: ViewPostIme key 1
10-02 15:05:22.253 19752 19752 I VRI[MainActivity]@ba2ccdd: ViewPostIme key 0
10-02 15:05:22.255 19752 19752 I VRI[MainActivity]@ba2ccdd: ViewPostIme key 1
10-02 15:05:22.262 19752 19752 I VRI[MainActivity]@ba2ccdd: ViewPostIme key 0
10-02 15:05:22.262 19752 19977 I VRI[MainActivity]@ba2ccdd: mWNT: t=0xb400007b7869fe70 mBlastBufferQueue=0xb400007c57f142d0 fn= 24623 HdrRenderState mRenderHdrSdrRatio=1.0 caller= android.view.SyncRtSurfaceTransactionApplier.applyTransaction:102 android.view.SyncRtSurfaceTransactionApplier.lambda$scheduleApply$0:75 android.view.SyncRtSurfaceTransactionApplier.$r8$lambda$afI4fXg3U3-nBZQEDQMiNy-B06s:0 
10-02 15:05:22.270 19752 19752 I VRI[MainActivity]@ba2ccdd: ViewPostIme key 1
10-02 15:05:22.270 19752 19978 I VRI[MainActivity]@ba2ccdd: mWNT: t=0xb400007b7869d720 mBlastBufferQueue=0xb400007c57f142d0 fn= 24624 HdrRenderState mRenderHdrSdrRatio=1.0 caller= android.view.SyncRtSurfaceTransactionApplier.applyTransaction:102 android.view.SyncRtSurfaceTransactionApplier.lambda$scheduleApply$0:75 android.view.SyncRtSurfaceTransactionApplier.$r8$lambda$afI4fXg3U3-nBZQEDQMiNy-B06s:0 
10-02 15:05:22.281 19752 19752 I VRI[MainActivity]@ba2ccdd: ViewPostIme key 0
10-02 15:05:22.281 19752 19977 I VRI[MainActivity]@ba2ccdd: mWNT: t=0xb400007b786b0d00 mBlastBufferQueue=0xb400007c57f142d0 fn= 24625 HdrRenderState mRenderHdrSdrRatio=1.0 caller= android.view.SyncRtSurfaceTransactionApplier.applyTransaction:102 android.view.SyncRtSurfaceTransactionApplier.lambda$scheduleApply$0:75 android.view.SyncRtSurfaceTransactionApplier.$r8$lambda$afI4fXg3U3-nBZQEDQMiNy-B06s:0 
10-02 15:05:22.288 19752 19978 I VRI[MainActivity]@ba2ccdd: mWNT: t=0xb400007b78680400 mBlastBufferQueue=0xb400007c57f142d0 fn= 24626 HdrRenderState mRenderHdrSdrRatio=1.0 caller= android.view.SyncRtSurfaceTransactionApplier.applyTransaction:102 android.view.SyncRtSurfaceTransactionApplier.lambda$scheduleApply$0:75 android.view.SyncRtSurfaceTransactionApplier.$r8$lambda$afI4fXg3U3-nBZQEDQMiNy-B06s:0 
10-02 15:05:22.293 19752 19752 I VRI[MainActivity]@ba2ccdd: ViewPostIme key 1
10-02 15:05:22.293 19752 19977 I VRI[MainActivity]@ba2ccdd: mWNT: t=0xb400007b786a4620 mBlastBufferQueue=0xb400007c57f142d0 fn= 24627 HdrRenderState mRenderHdrSdrRatio=1.0 caller= android.view.SyncRtSurfaceTransactionApplier.applyTransaction:102 android.view.SyncRtSurfaceTransactionApplier.lambda$scheduleApply$0:75 android.view.SyncRtSurfaceTransactionApplier.$r8$lambda$afI4fXg3U3-nBZQEDQMiNy-B06s:0 
10-02 15:05:22.295 19752 19752 I VRI[MainActivity]@ba2ccdd: ViewPostIme key 0
10-02 15:05:22.296 19752 19752 I VRI[MainActivity]@ba2ccdd: ViewPostIme key 1
10-02 15:05:22.344 19752 19978 I VRI[MainActivity]@ba2ccdd: mWNT: t=0xb400007b786a5d40 mBlastBufferQueue=0xb400007c57f142d0 fn= 24628 HdrRenderState mRenderHdrSdrRatio=1.0 caller= android.view.SyncRtSurfaceTransactionApplier.applyTransaction:102 android.view.SyncRtSurfaceTransactionApplier.lambda$scheduleApply$0:75 android.view.SyncRtSurfaceTransactionApplier.$r8$lambda$afI4fXg3U3-nBZQEDQMiNy-B06s:0 
10-02 15:05:22.351 19752 19977 I VRI[MainActivity]@ba2ccdd: mWNT: t=0xb400007b78655530 mBlastBufferQueue=0xb400007c57f142d0 fn= 24629 HdrRenderState mRenderHdrSdrRatio=1.0 caller= android.view.SyncRtSurfaceTransactionApplier.applyTransaction:102 android.view.SyncRtSurfaceTransactionApplier.lambda$scheduleApply$0:75 android.view.SyncRtSurfaceTransactionApplier.$r8$lambda$afI4fXg3U3-nBZQEDQMiNy-B06s:0 
10-02 15:05:22.358 19752 19978 I VRI[MainActivity]@ba2ccdd: mWNT: t=0xb400007b786a1340 mBlastBufferQueue=0xb400007c57f142d0 fn= 24630 HdrRenderState mRenderHdrSdrRatio=1.0 caller= android.view.SyncRtSurfaceTransactionApplier.applyTransaction:102 android.view.SyncRtSurfaceTransactionApplier.lambda$scheduleApply$0:75 android.view.SyncRtSurfaceTransactionApplier.$r8$lambda$afI4fXg3U3-nBZQEDQMiNy-B06s:0 
10-02 15:05:22.361 19752 19977 I VRI[MainActivity]@ba2ccdd: mWNT: t=0xb400007b78690700 mBlastBufferQueue=0xb400007c57f142d0 fn= 24631 HdrRenderState mRenderHdrSdrRatio=1.0 caller= android.view.SyncRtSurfaceTransactionApplier.applyTransaction:102 android.view.SyncRtSurfaceTransactionApplier.lambda$scheduleApply$0:75 android.view.SyncRtSurfaceTransactionApplier.$r8$lambda$afI4fXg3U3-nBZQEDQMiNy-B06s:0 
10-02 15:05:22.367 19752 19978 I VRI[MainActivity]@ba2ccdd: mWNT: t=0xb400007b78664360 mBlastBufferQueue=0xb400007c57f142d0 fn= 24632 HdrRenderState mRenderHdrSdrRatio=1.0 caller= android.view.SyncRtSurfaceTransactionApplier.applyTransaction:102 android.view.SyncRtSurfaceTransactionApplier.lambda$scheduleApply$0:75 android.view.SyncRtSurfaceTransactionApplier.$r8$lambda$afI4fXg3U3-nBZQEDQMiNy-B06s:0 
10-02 15:05:22.379 19752 19977 I VRI[MainActivity]@ba2ccdd: mWNT: t=0xb400007b786b1ae0 mBlastBufferQueue=0xb400007c57f142d0 fn= 24633 HdrRenderState mRenderHdrSdrRatio=1.0 caller= android.view.SyncRtSurfaceTransactionApplier.applyTransaction:102 android.view.SyncRtSurfaceTransactionApplier.lambda$scheduleApply$0:75 android.view.SyncRtSurfaceTransactionApplier.$r8$lambda$afI4fXg3U3-nBZQEDQMiNy-B06s:0 
10-02 15:05:22.387 19752 19978 I VRI[MainActivity]@ba2ccdd: mWNT: t=0xb400007b7869e060 mBlastBufferQueue=0xb400007c57f142d0 fn= 24634 HdrRenderState mRenderHdrSdrRatio=1.0 caller= android.view.SyncRtSurfaceTransactionApplier.applyTransaction:102 android.view.SyncRtSurfaceTransactionApplier.lambda$scheduleApply$0:75 android.view.SyncRtSurfaceTransactionApplier.$r8$lambda$afI4fXg3U3-nBZQEDQMiNy-B06s:0 
10-02 15:05:22.395 19752 19977 I VRI[MainActivity]@ba2ccdd: mWNT: t=0xb400007b78651b60 mBlastBufferQueue=0xb400007c57f142d0 fn= 24635 HdrRenderState mRenderHdrSdrRatio=1.0 caller= android.view.SyncRtSurfaceTransactionApplier.applyTransaction:102 android.view.SyncRtSurfaceTransactionApplier.lambda$scheduleApply$0:75 android.view.SyncRtSurfaceTransactionApplier.$r8$lambda$afI4fXg3U3-nBZQEDQMiNy-B06s:0 
10-02 15:05:22.405 19752 19978 I VRI[MainActivity]@ba2ccdd: mWNT: t=0xb400007b786b9a10 mBlastBufferQueue=0xb400007c57f142d0 fn= 24636 HdrRenderState mRenderHdrSdrRatio=1.0 caller= android.view.SyncRtSurfaceTransactionApplier.applyTransaction:102 android.view.SyncRtSurfaceTransactionApplier.lambda$scheduleApply$0:75 android.view.SyncRtSurfaceTransactionApplier.$r8$lambda$afI4fXg3U3-nBZQEDQMiNy-B06s:0 
10-02 15:05:22.413 19752 19977 I VRI[MainActivity]@ba2ccdd: mWNT: t=0xb400007b7866e9e0 mBlastBufferQueue=0xb400007c57f142d0 fn= 24637 HdrRenderState mRenderHdrSdrRatio=1.0 caller= android.view.SyncRtSurfaceTransactionApplier.applyTransaction:102 android.view.SyncRtSurfaceTransactionApplier.lambda$scheduleApply$0:75 android.view.SyncRtSurfaceTransactionApplier.$r8$lambda$afI4fXg3U3-nBZQEDQMiNy-B06s:0 
10-02 15:05:22.419 19752 19978 I VRI[MainActivity]@ba2ccdd: mWNT: t=0xb400007b786a0ea0 mBlastBufferQueue=0xb400007c57f142d0 fn= 24638 HdrRenderState mRenderHdrSdrRatio=1.0 caller= android.view.SyncRtSurfaceTransactionApplier.applyTransaction:102 android.view.SyncRtSurfaceTransactionApplier.lambda$scheduleApply$0:75 android.view.SyncRtSurfaceTransactionApplier.$r8$lambda$afI4fXg3U3-nBZQEDQMiNy-B06s:0 
10-02 15:05:22.432 19752 19977 I VRI[MainActivity]@ba2ccdd: mWNT: t=0xb400007b786a00c0 mBlastBufferQueue=0xb400007c57f142d0 fn= 24639 HdrRenderState mRenderHdrSdrRatio=1.0 caller= android.view.SyncRtSurfaceTransactionApplier.applyTransaction:102 android.view.SyncRtSurfaceTransactionApplier.lambda$scheduleApply$0:75 android.view.SyncRtSurfaceTransactionApplier.$r8$lambda$afI4fXg3U3-nBZQEDQMiNy-B06s:0 
10-02 15:05:22.437 19752 19978 I VRI[MainActivity]@ba2ccdd: mWNT: t=0xb400007b786a5400 mBlastBufferQueue=0xb400007c57f142d0 fn= 24640 HdrRenderState mRenderHdrSdrRatio=1.0 caller= android.view.SyncRtSurfaceTransactionApplier.applyTransaction:102 android.view.SyncRtSurfaceTransactionApplier.lambda$scheduleApply$0:75 android.view.SyncRtSurfaceTransactionApplier.$r8$lambda$afI4fXg3U3-nBZQEDQMiNy-B06s:0 
10-02 15:05:22.442 19752 19977 I VRI[MainActivity]@ba2ccdd: mWNT: t=0xb400007b786d20e0 mBlastBufferQueue=0xb400007c57f142d0 fn= 24641 HdrRenderState mRenderHdrSdrRatio=1.0 caller= android.view.SyncRtSurfaceTransactionApplier.applyTransaction:102 android.view.SyncRtSurfaceTransactionApplier.lambda$scheduleApply$0:75 android.view.SyncRtSurfaceTransactionApplier.$r8$lambda$afI4fXg3U3-nBZQEDQMiNy-B06s:0 
10-02 15:05:22.451 19752 19978 I VRI[MainActivity]@ba2ccdd: mWNT: t=0xb400007b786a68d0 mBlastBufferQueue=0xb400007c57f142d0 fn= 24642 HdrRenderState mRenderHdrSdrRatio=1.0 caller= android.view.SyncRtSurfaceTransactionApplier.applyTransaction:102 android.view.SyncRtSurfaceTransactionApplier.lambda$scheduleApply$0:75 android.view.SyncRtSurfaceTransactionApplier.$r8$lambda$afI4fXg3U3-nBZQEDQMiNy-B06s:0 
10-02 15:05:22.460 19752 19977 I VRI[MainActivity]@ba2ccdd: mWNT: t=0xb400007b786a61e0 mBlastBufferQueue=0xb400007c57f142d0 fn= 24643 HdrRenderState mRenderHdrSdrRatio=1.0 caller= android.view.SyncRtSurfaceTransactionApplier.applyTransaction:102 android.view.SyncRtSurfaceTransactionApplier.lambda$scheduleApply$0:75 android.view.SyncRtSurfaceTransactionApplier.$r8$lambda$afI4fXg3U3-nBZQEDQMiNy-B06s:0 
10-02 15:05:22.469 19752 19978 I VRI[MainActivity]@ba2ccdd: mWNT: t=0xb400007b786b4480 mBlastBufferQueue=0xb400007c57f142d0 fn= 24644 HdrRenderState mRenderHdrSdrRatio=1.0 caller= android.view.SyncRtSurfaceTransactionApplier.applyTransaction:102 android.view.SyncRtSurfaceTransactionApplier.lambda$scheduleApply$0:75 android.view.SyncRtSurfaceTransactionApplier.$r8$lambda$afI4fXg3U3-nBZQEDQMiNy-B06s:0 
10-02 15:05:22.480 19752 19977 I VRI[MainActivity]@ba2ccdd: mWNT: t=0xb400007b786bf1f0 mBlastBufferQueue=0xb400007c57f142d0 fn= 24645 HdrRenderState mRenderHdrSdrRatio=1.0 caller= android.view.SyncRtSurfaceTransactionApplier.applyTransaction:102 android.view.SyncRtSurfaceTransactionApplier.lambda$scheduleApply$0:75 android.view.SyncRtSurfaceTransactionApplier.$r8$lambda$afI4fXg3U3-nBZQEDQMiNy-B06s:0 
10-02 15:05:22.484 19752 19978 I VRI[MainActivity]@ba2ccdd: mWNT: t=0xb400007b78673880 mBlastBufferQueue=0xb400007c57f142d0 fn= 24646 HdrRenderState mRenderHdrSdrRatio=1.0 caller= android.view.SyncRtSurfaceTransactionApplier.applyTransaction:102 android.view.SyncRtSurfaceTransactionApplier.lambda$scheduleApply$0:75 android.view.SyncRtSurfaceTransactionApplier.$r8$lambda$afI4fXg3U3-nBZQEDQMiNy-B06s:0 
10-02 15:05:22.497 19752 19977 I VRI[MainActivity]@ba2ccdd: mWNT: t=0xb400007b78674660 mBlastBufferQueue=0xb400007c57f142d0 fn= 24647 HdrRenderState mRenderHdrSdrRatio=1.0 caller= android.view.SyncRtSurfaceTransactionApplier.applyTransaction:102 android.view.SyncRtSurfaceTransactionApplier.lambda$scheduleApply$0:75 android.view.SyncRtSurfaceTransactionApplier.$r8$lambda$afI4fXg3U3-nBZQEDQMiNy-B06s:0 
10-02 15:05:22.500 19752 19752 I ImeTracker: com.negi.survey.local:6512fc76: onShown
10-02 15:05:22.505 19752 19978 I VRI[MainActivity]@ba2ccdd: mWNT: t=0xb400007b786844c0 mBlastBufferQueue=0xb400007c57f142d0 fn= 24648 HdrRenderState mRenderHdrSdrRatio=1.0 caller= android.view.SyncRtSurfaceTransactionApplier.applyTransaction:102 android.view.SyncRtSurfaceTransactionApplier.lambda$scheduleApply$0:75 android.view.SyncRtSurfaceTransactionApplier.$r8$lambda$afI4fXg3U3-nBZQEDQMiNy-B06s:0 
10-02 15:05:22.608 19752 19752 I View    : setRequestedFrameRate frameRate=NaN, this=android.view.View{fcdbddb V.ED..... ........ 0,0-0,0}, caller=androidx.compose.ui.platform.Api35Impl.setRequestedFrameRate:4047 androidx.compose.ui.platform.AndroidComposeView.dispatchDraw:2282 android.view.View.draw:26758 android.view.View.updateDisplayListIfDirty:25577 android.view.ViewGroup.recreateChildDisplayList:4881 
10-02 15:05:22.617 19752 19752 I View    : setRequestedFrameRate frameRate=-4.0, this=android.view.View{fcdbddb V.ED..... ........ 0,0-0,0}, caller=androidx.compose.ui.platform.Api35Impl.setRequestedFrameRate:4047 androidx.compose.ui.platform.AndroidComposeView.dispatchDraw:2282 android.view.View.draw:26758 android.view.View.updateDisplayListIfDirty:25577 android.view.ViewGroup.recreateChildDisplayList:4881 
10-02 15:05:22.633 19752 19752 I View    : setRequestedFrameRate frameRate=NaN, this=android.view.View{fcdbddb V.ED..... ........ 0,0-0,0}, caller=androidx.compose.ui.platform.Api35Impl.setRequestedFrameRate:4047 androidx.compose.ui.platform.AndroidComposeView.dispatchDraw:2282 android.view.View.draw:26758 android.view.View.updateDisplayListIfDirty:25577 android.view.ViewGroup.recreateChildDisplayList:4881 
10-02 15:05:22.643 19752 19752 I View    : setRequestedFrameRate frameRate=-4.0, this=android.view.View{fcdbddb V.ED..... ........ 0,0-0,0}, caller=androidx.compose.ui.platform.Api35Impl.setRequestedFrameRate:4047 androidx.compose.ui.platform.AndroidComposeView.dispatchDraw:2282 android.view.View.draw:26758 android.view.View.updateDisplayListIfDirty:25577 android.view.ViewGroup.recreateChildDisplayList:4881 
10-02 15:05:22.650 19752 19752 I View    : setRequestedFrameRate frameRate=NaN, this=android.view.View{fcdbddb V.ED..... ........ 0,0-0,0}, caller=androidx.compose.ui.platform.Api35Impl.setRequestedFrameRate:4047 androidx.compose.ui.platform.AndroidComposeView.dispatchDraw:2282 android.view.View.draw:26758 android.view.View.updateDisplayListIfDirty:25577 android.view.ViewGroup.recreateChildDisplayList:4881 
10-02 15:05:22.661 19752 19752 I View    : setRequestedFrameRate frameRate=-4.0, this=android.view.View{fcdbddb V.ED..... ........ 0,0-0,0}, caller=androidx.compose.ui.platform.Api35Impl.setRequestedFrameRate:4047 androidx.compose.ui.platform.AndroidComposeView.dispatchDraw:2282 android.view.View.draw:26758 android.view.View.updateDisplayListIfDirty:25577 android.view.ViewGroup.recreateChildDisplayList:4881 
10-02 15:05:22.667 19752 19752 I View    : setRequestedFrameRate frameRate=NaN, this=android.view.View{fcdbddb V.ED..... ........ 0,0-0,0}, caller=androidx.compose.ui.platform.Api35Impl.setRequestedFrameRate:4047 androidx.compose.ui.platform.AndroidComposeView.dispatchDraw:2282 android.view.View.draw:26758 android.view.View.updateDisplayListIfDirty:25577 android.view.ViewGroup.recreateChildDisplayList:4881 
10-02 15:05:22.677 19752 19752 I View    : setRequestedFrameRate frameRate=-4.0, this=android.view.View{fcdbddb V.ED..... ........ 0,0-0,0}, caller=androidx.compose.ui.platform.Api35Impl.setRequestedFrameRate:4047 androidx.compose.ui.platform.AndroidComposeView.dispatchDraw:2282 android.view.View.draw:26758 android.view.View.updateDisplayListIfDirty:25577 android.view.ViewGroup.recreateChildDisplayList:4881 
10-02 15:05:22.684 19752 19752 I View    : setRequestedFrameRate frameRate=NaN, this=android.view.View{fcdbddb V.ED..... ........ 0,0-0,0}, caller=androidx.compose.ui.platform.Api35Impl.setRequestedFrameRate:4047 androidx.compose.ui.platform.AndroidComposeView.dispatchDraw:2282 android.view.View.draw:26758 android.view.View.updateDisplayListIfDirty:25577 android.view.ViewGroup.recreateChildDisplayList:4881 
10-02 15:05:22.702 19752 19752 I View    : setRequestedFrameRate frameRate=-4.0, this=android.view.View{fcdbddb V.ED..... ........ 0,0-0,0}, caller=androidx.compose.ui.platform.Api35Impl.setRequestedFrameRate:4047 androidx.compose.ui.platform.AndroidComposeView.dispatchDraw:2282 android.view.View.draw:26758 android.view.View.updateDisplayListIfDirty:25577 android.view.ViewGroup.recreateChildDisplayList:4881 
10-02 15:05:22.709 19752 19752 I View    : setRequestedFrameRate frameRate=NaN, this=android.view.View{fcdbddb V.ED..... ........ 0,0-0,0}, caller=androidx.compose.ui.platform.Api35Impl.setRequestedFrameRate:4047 androidx.compose.ui.platform.AndroidComposeView.dispatchDraw:2282 android.view.View.draw:26758 android.view.View.updateDisplayListIfDirty:25577 android.view.ViewGroup.recreateChildDisplayList:4881 
10-02 15:05:23.704 19752 19838 D InputTransport: Input channel destroyed: 'ClientS', fd=169
10-02 15:05:24.995 19752 19752 I VRI[MainActivity]@ba2ccdd: call setFrameRateCategory for touch hint category=no preference, reason=boost timeout, vri=VRI[MainActivity]@ba2ccdd
10-02 15:06:01.087 19752 19752 I VRI[MainActivity]@ba2ccdd: ViewPostIme pointer 0
10-02 15:06:01.088 19752 19752 I VRI[MainActivity]@ba2ccdd: call setFrameRateCategory for touch hint category=high hint, reason=touch, vri=VRI[MainActivity]@ba2ccdd
10-02 15:06:01.092 19752 19752 I VRI[MainActivity]@ba2ccdd: ViewPostIme pointer 1
10-02 15:06:01.095 19752 19752 D InsetsController: hide(ime())
10-02 15:06:01.095 19752 19752 I ImeTracker: com.negi.survey.local:57a33395: onRequestHide at ORIGIN_CLIENT reason HIDE_SOFT_INPUT_BY_INSETS_API fromUser false
10-02 15:06:01.095 19752 19752 D WindowOnBackDispatcher: setTopOnBackInvokedCallback (unwrapped): androidx.navigationevent.OnBackInvokedInput$createOnBackAnimationCallback$1@d90ad5
10-02 15:06:01.095 19752 19752 D InsetsController: Setting requestedVisibleTypes to 503 (was 511)
10-02 15:06:01.095 19752 19752 I InsetsController: setRequestedVisibleTypes: visible=false, mask=ime, host=com.negi.survey.local/com.negi.survey.MainActivity, from=android.view.InsetsController.controlAnimationUnchecked:1646 android.view.InsetsController.applyAnimation:2278 android.view.InsetsController.applyAnimation:2207 android.view.InsetsController.hide:1581 android.view.InsetsController.hide:1521 androidx.core.view.SoftwareKeyboardControllerCompat$Impl30.hide:222 androidx.core.view.SoftwareKeyboardControllerCompat.hide:80 androidx.compose.ui.text.input.InputMethodManagerImpl.hideSoftInput:85 androidx.compose.ui.text.input.TextInputServiceAndroid.setKeyboardVisibleImmediately:470 androidx.compose.ui.text.input.TextInputServiceAndroid.processInputCommands:352 
10-02 15:06:01.096 19752 19752 D InputMethodManagerUtils: startInputInner - Id : 0
10-02 15:06:01.096 19752 19752 I InputMethodManager: startInputInner - IInputMethodManagerGlobalInvoker.startInputOrWindowGainedFocus
10-02 15:06:01.098 19752 19752 D SurveyVM: getEvalPrompt[Q8] -> len=454
10-02 15:06:01.105 19752 20037 D AiViewModel: run[4]: mode=EVAL_JSON phase=EVAL commit=true prompt.len=454, fullPrompt.len=3101, timeoutMs=120000
10-02 15:06:01.108 19752 20037 D AiViewModel: run[4]: sha(prompt)=6e54293f16d420703680ac050e458e589d3cc69840c2792b85e1fc617349ac54 sha(full)=0b674fea036e49ab59378b7c4ac1555aedb4ee2fc62fb6d012dbd639e2b5a254
10-02 15:06:01.109 19752 20037 I FullPromptReview: [part=000] run[4]: phase=EVAL FullPrompt
10-02 15:06:01.109 19752 20037 I FullPromptReview: Evaluate only the original survey target using all supplied answers.
10-02 15:06:01.109 19752 20037 I FullPromptReview: Return only compact JSON {"score":N,"missing_points":[],"followup_needed":false}. N must be an integer 1-100 for relevance, completeness and accuracy against the original target. Evaluate the original answer and all answered followup pairs together. Before emitting JSON, compare every candidate missing point against the original answer and every answered follow-up pair. If an answered follow-up directly supplies that information, do not include it in missing_points. Recompute score, missing_points, and followup_needed together as one consistent final decision. Treat each independently answerable required component as a separate missing_points item; never combine independently answerable deficiencies. After every answered follow-up, recompute components independently and omit each supplied component even when another component from the same target remains missing. When a Required component catalog is present, evaluate each catalog item independently: missing_points may contain only configured component IDs. Omit IDs whose component is supplied by the original answer or answered follow-up pairs; never return component descriptions or questions as missing_points. When a Required components block is present, missing_points may contain only the exact text of unresolved configured components. Separate relevance from completeness. An answer can discuss the right topic but still be incomplete. Score 90-100 only when the respondent explicitly provides every material component requested by the Expected answer target and Question. Do not infer missing details from general knowledge, plausibility, or a bare statement that an event occurred. A concise answer may be complete. A verbose or relevant answer that omits any material requested component must score below 90. For example, saying that an event occurred without describing its requested effect is incomplete. Consistency rule: if missing_points is non-empty or followup_needed is true, score must be an integer from 1 to 89. Scores 90-100 are allowed only when missing_points=[] and followup_needed=false. Never use score 90 as a borderline value when anything is missing. For any score below 90, missing_points must contain the specific missing or ambiguous target-required information and followup_needed must be true. Otherwise missing_points is empty and followup_needed is false. Do not generate a question. Do not penalize style or request information outside the target. Write missing_points in English.
10-02 15:06:01.109 19752 20037 I FullPromptReview: Keep missing_points concise.
10-02 15:06:01.109 19752 20037 I FullPromptReview: One JSON object only; no markdown or generated question.
10-02 15:06:01.109 19752 20037 I FullPromptReview: INPUT:
10-02 15:06:01.109 19752 20037 I FullPromptReview: Expected answer target: Maximum yield loss acceptable for harvesting 20 days earlier (% or bags/acre).
10-02 15:06:01.109 19752 20037 I FullPromptReview: Question: If you could harvest your maize 20 days earlier but this reduced your yield, how much yield would you be willing to lose to harvest earlier?
10-02 15:06:01.109 19752 20037 I FullPromptReview: Original answer: I would accept some yield loss.
10-02 15:06:01.109 19752 20037 I FullPromptReview: Answered followup pairs: Follow-up 1: What percentage yield loss would you consider acceptable to harvest maize 20 days earlier?
10-02 15:06:01.109 19752 20037 I FullPromptReview: Answer 1: 10 percent.l
10-02 15:06:01.115 19752 20037 D LiteRtRepository: [4] request start model='Gemma3n4B' prompt.len=3101 sha=0b674fea036e49ab gateWaitMs=2
10-02 15:06:01.116 19752 20037 D LiteRtRepository: [part=000] [4] PROMPT (FULL) sha=0b674fea036e49ab
10-02 15:06:01.116 19752 20037 D LiteRtRepository: Evaluate only the original survey target using all supplied answers.
10-02 15:06:01.116 19752 20037 D LiteRtRepository: Return only compact JSON {"score":N,"missing_points":[],"followup_needed":false}. N must be an integer 1-100 for relevance, completeness and accuracy against the original target. Evaluate the original answer and all answered followup pairs together. Before emitting JSON, compare every candidate missing point against the original answer and every answered follow-up pair. If an answered follow-up directly supplies that information, do not include it in missing_points. Recompute score, missing_points, and followup_needed together as one consistent final decision. Treat each independently answerable required component as a separate missing_points item; never combine independently answerable deficiencies. After every answered follow-up, recompute components independently and omit each supplied component even when another component from the same target remains missing. When a Required component catalog is present, evaluate each catalog item independently: missing_points may contain only configured component IDs. Omit IDs whose component is supplied by the original answer or answered follow-up pairs; never return component descriptions or questions as missing_points. When a Required components block is present, missing_points may contain only the exact text of unresolved configured components. Separate relevance from completeness. An answer can discuss the right topic but still be incomplete. Score 90-100 only when the respondent explicitly provides every material component requested by the Expected answer target and Question. Do not infer missing details from general knowledge, plausibility, or a bare statement that an event occurred. A concise answer may be complete. A verbose or relevant answer that omits any material requested component must score below 90. For example, saying that an event occurred without describing its requested effect is incomplete. Consistency rule: if missing_points is non-empty or followup_needed is true, score must be an integer from 1 to 89. Scores 90-100 are allowed only when missing_points=[] and followup_needed=false. Never use score 90 as a borderline value when anything is missing. For any score below 90, missing_points must contain the specific missing or ambiguous target-required information and followup_needed must be true. Otherwise missing_points is empty and followup_needed is false. Do not generate a question. Do not penalize style or request information outside the target. Write missing_points in English.
10-02 15:06:01.116 19752 20037 D LiteRtRepository: Keep missing_points concise.
10-02 15:06:01.116 19752 20037 D LiteRtRepository: One JSON object only; no markdown or generated question.
10-02 15:06:01.116 19752 20037 D LiteRtRepository: INPUT:
10-02 15:06:01.116 19752 20037 D LiteRtRepository: Expected answer target: Maximum yield loss acceptable for harvesting 20 days earlier (% or bags/acre).
10-02 15:06:01.116 19752 20037 D LiteRtRepository: Question: If you could harvest your maize 20 days earlier but this reduced your yield, how much yield would you be willing to lose to harvest earlier?
10-02 15:06:01.116 19752 20037 D LiteRtRepository: Original answer: I would accept some yield loss.
10-02 15:06:01.116 19752 20037 D LiteRtRepository: Answered followup pairs: Follow-up 1: What percentage yield loss would you consider acceptable to harvest maize 20 days earlier?
10-02 15:06:01.116 19752 20037 D LiteRtRepository: Answer 1: 10 percent.l
10-02 15:06:01.117 19752 20679 D SLM     : initializeIfNeeded: model='Gemma3n4B' image=false audio=false
10-02 15:06:01.118 19752 20679 D LiteRtLM: initializeIfNeeded: warm runtime already ready: key='fs|dev=65088|ino=45187|size=4919541760|mtime=1790971030441'
10-02 15:06:01.119 19752 21288 D InputTransport: Input channel constructed: 'ClientS', fd=154
10-02 15:06:01.120 19752 20037 D LiteRtRepository: [4] initializeIfNeeded ok initMs=3
10-02 15:06:01.121 19752 20679 D SLM     : runInference: model='Gemma3n4B' textLen=3101 images=0 audio=0
10-02 15:06:01.121 19752 20037 D LiteRtLM: state[run:start] key='fs|dev=65088|ino=45187|size=4919541760|mtime=1790971030441' runId=4 active=true terminated=false logicalDone=false cancel=false pendingCancel=false lastMsgAt=73286754 lastTermAt=73185015
10-02 15:06:01.122 19752 20037 D LiteRtLM: runInference start: key='fs|dev=65088|ino=45187|size=4919541760|mtime=1790971030441' runId=4 hasText=true originalTextLen=3101 effectiveTextLen=3101 images=0 audioClips=0
10-02 15:06:01.122 19752 20037 D LiteRtLM: LiteRT-LM sendMessageAsync(text): key='fs|dev=65088|ino=45187|size=4919541760|mtime=1790971030441' runId=4 len=3101 maxOutputTokens=64
10-02 15:06:01.127 19752 19752 D VRI[MainActivity]@ba2ccdd: WindowInsets changed: ime:null 
10-02 15:06:01.128 19752 19752 I BLASTBufferQueue_Java: update, w= 1080 h= 2340 mName = VRI[MainActivity]@ba2ccdd mNativeObject= 0xb400007c57f142d0 sc.mNativeObject= 0xb400007ba7ee7d10 format= -1 caller= android.view.ViewRootImpl.updateBlastSurfaceIfNeeded:3592 android.view.ViewRootImpl.relayoutWindow:11813 android.view.ViewRootImpl.performTraversals:4840 android.view.ViewRootImpl.doTraversal:3959 android.view.ViewRootImpl$TraversalRunnable.run:13034 android.view.Choreographer$CallbackRecord.run:1961 
10-02 15:06:01.128 19752 19752 I VRI[MainActivity]@ba2ccdd: Relayout returned: old=(0,0,1080,2340) new=(0,0,1080,2340) relayoutAsync=true req=(1080,2340)0 dur=1 res=0x0 s={true 0xb400007b97f0de20} ch=false seqId=0
10-02 15:06:01.129 19752 19752 I VRI[MainActivity]@ba2ccdd: registerCallbackForPendingTransactions
10-02 15:06:01.132 19752 20037 D LiteRtLM: sendMessageAsync accepted: key='fs|dev=65088|ino=45187|size=4919541760|mtime=1790971030441' runId=4 dispatchMs=10
10-02 15:06:01.137 19752 19752 I View    : setRequestedFrameRate frameRate=-4.0, this=android.view.View{fcdbddb V.ED..... ........ 0,0-0,0}, caller=androidx.compose.ui.platform.Api35Impl.setRequestedFrameRate:4047 androidx.compose.ui.platform.AndroidComposeView.dispatchDraw:2282 android.view.View.draw:26758 android.view.View.updateDisplayListIfDirty:25577 android.view.ViewGroup.recreateChildDisplayList:4881 
10-02 15:06:01.137 19752 19977 I VRI[MainActivity]@ba2ccdd: mWNT: t=0xb400007b786991c0 mBlastBufferQueue=0xb400007c57f142d0 fn= 27112 HdrRenderState mRenderHdrSdrRatio=1.0 caller= android.view.SyncRtSurfaceTransactionApplier.applyTransaction:102 android.view.SyncRtSurfaceTransactionApplier.lambda$scheduleApply$0:75 android.view.SyncRtSurfaceTransactionApplier.$r8$lambda$afI4fXg3U3-nBZQEDQMiNy-B06s:0 
10-02 15:06:01.138 19752 19977 I VRI[MainActivity]@ba2ccdd: mWNT: t=0xb400007b786a43d0 mBlastBufferQueue=0xb400007c57f142d0 fn= 27112 HdrRenderState mRenderHdrSdrRatio=1.0 caller= android.view.ViewRootImpl$10.onFrameDraw:6615 android.view.ViewRootImpl$4.onFrameDraw:2485 android.view.ThreadedRenderer$1.onFrameDraw:751 
10-02 15:06:01.139 19752 19752 I InsetsController: onStateChanged: host=com.negi.survey.local/com.negi.survey.MainActivity, from=android.view.ViewRootImpl.onInsetsStateChanged:3038, state=InsetsState: {mDisplayFrame=Rect(0, 0 - 1080, 2340), mDisplayCutout=DisplayCutout{insets=Rect(0, 82 - 0, 0) waterfall=Insets{left=0, top=0, right=0, bottom=0} boundingRect={Bounds=[Rect(0, 0 - 0, 0), Rect(511, 24 - 569, 82), Rect(0, 0 - 0, 0), Rect(0, 0 - 0, 0)]} cutoutPathParserInfo={CutoutPathParserInfo{displayWidth=1080 displayHeight=2340 physicalDisplayWidth=1080 physicalDisplayHeight=2340 density={2.8125} cutoutSpec={M 0,0 M 0, 8.533333333333333 a 10.31111111111111,10.31111111111111 0 1,0 0,20.62222222222222 a 10.31111111111111,10.31111111111111 0 1,0 0,-20.62222222222222 Z @dp} rotation={0} scale={1.0} physicalPixelDisplaySizeRatio={1.0}}} sideOverrides={}}, mRoundedCorners=RoundedCorners{[RoundedCorner{position=TopLeft, radius=113, center=Point(113, 113)}, RoundedCorner{position=TopRight, radius=113, center=Point(967, 113)}, RoundedCorner{position=BottomRight, radius=113, center=Point(967, 2227)}, RoundedCorner{position=BottomLeft, radius=113, center=Point(113, 2227)}]}  mRoundedCornerFrame=Rect(0, 0 - 1080, 2340), mPrivacyIndicatorBounds=PrivacyIndicatorBounds {static bounds=Rect(956, 0 - 1080, 97) rotation=0}, mDisplayShape=DisplayShape{ spec=-311912193 displayWidth=1080 displayHeight=2340 physicalPixelDisplaySizeRatio=1.0 rotation=0 offsetX=0 offsetY=0 scale=1.0}, mSources= { InsetsSource: {d29a0000 mType=statusBars mFrame=[0,0][1080,97] mAttachedInsets=null mVisible=true mFlags= mSideHint=TOP mBoundingRects=null}, InsetsSource: {d29a0005 mType=mandatorySystemGestures mFrame=[0,0][1080,116] mAttachedInsets=null mVisible=true mFlags= mSideHint=TOP mBoundingRects=null}, InsetsSource: {d29a0006 mType=tappableElement mFrame=[0,0][1080,97] mAttachedInsets=null mVisible=true mFlags= mSideHint=TOP mBoundingRects=null}, InsetsSource: {3 mType=ime mFrame=[0,1332][1080,2340] mAttachedInsets=null mVisible=false mFlags= mSideHint=BOTTOM mBoundingRects=null}, InsetsSource: {27 mType=displayCutout mFrame=[0,0][1080,82] mAttachedInsets=null mVisible=true mFlags= mSideHint=TOP mBoundingRects=null}, InsetsSource: {4b5d0001 mType=navigationBars mFrame=[0,2205][1080,2340] mAttachedInsets=null mVisible=true mFlags= mSideHint=BOTTOM mBoundingRects=null}, InsetsSource: {4b5d0004 mType=systemGestures mFrame=[0,0][0,0] mAttachedInsets=null mVisible=true mFlags= mSideHint=NONE mBoundingRects=null}, InsetsSource: {4b5d0005 mType=mandatorySystemGestures mFrame=[0,2205][1080,2340] mAttachedInsets=null mVisible=true mFlags= mSideHint=BOTTOM mBoundingRects=null}, InsetsSource: {4b5d0006 mType=tappableElement mFrame=[0,2205][1080,2340] mAttachedInsets=null mVisible=true mFlags= mSideHint=BOTTOM mBoundingRects=null}, InsetsSource: {4b5d0024 mType=systemGestures mFrame=[0,0][0,0] mAttachedInsets=null mVisible=true mFlags= mSideHint=NONE mBoundingRects=null} }
10-02 15:06:01.139 19752 19752 I VRI[MainActivity]@ba2ccdd: handleResized, frames=ClientWindowFrames{frame=[0,0][1080,2340] display=[0,0][1080,2340] parentFrame=[0,0][0,0]} displayId=0 dragResizing=false compatScale=1.0 frameChanged=false attachedFrameChanged=false configChanged=false displayChanged=false compatScaleChanged=false dragResizingChanged=false
10-02 15:06:01.147 19752 19978 I VRI[MainActivity]@ba2ccdd: mWNT: t=0xb400007b786cbfc0 mBlastBufferQueue=0xb400007c57f142d0 fn= 27113 HdrRenderState mRenderHdrSdrRatio=1.0 caller= android.view.SyncRtSurfaceTransactionApplier.applyTransaction:102 android.view.SyncRtSurfaceTransactionApplier.lambda$scheduleApply$0:75 android.view.SyncRtSurfaceTransactionApplier.$r8$lambda$afI4fXg3U3-nBZQEDQMiNy-B06s:0 
10-02 15:06:01.147 19752 19752 I InsetsSourceConsumer: applyRequestedVisibilityToControl: visible=true, type=navigationBars, host=com.negi.survey.local/com.negi.survey.MainActivity
10-02 15:06:01.148 19752 19752 I ImeTracker: system_server:21fc5ab2: onCancelled at PHASE_CLIENT_ON_CONTROLS_CHANGED
10-02 15:06:01.156 19752 19977 I VRI[MainActivity]@ba2ccdd: mWNT: t=0xb400007b7869e2b0 mBlastBufferQueue=0xb400007c57f142d0 fn= 27115 HdrRenderState mRenderHdrSdrRatio=1.0 caller= android.view.SyncRtSurfaceTransactionApplier.applyTransaction:102 android.view.SyncRtSurfaceTransactionApplier.lambda$scheduleApply$0:75 android.view.SyncRtSurfaceTransactionApplier.$r8$lambda$afI4fXg3U3-nBZQEDQMiNy-B06s:0 
10-02 15:06:01.165 19752 19978 I VRI[MainActivity]@ba2ccdd: mWNT: t=0xb400007b786a2f00 mBlastBufferQueue=0xb400007c57f142d0 fn= 27116 HdrRenderState mRenderHdrSdrRatio=1.0 caller= android.view.SyncRtSurfaceTransactionApplier.applyTransaction:102 android.view.SyncRtSurfaceTransactionApplier.lambda$scheduleApply$0:75 android.view.SyncRtSurfaceTransactionApplier.$r8$lambda$afI4fXg3U3-nBZQEDQMiNy-B06s:0 
10-02 15:06:01.171 19752 19977 I VRI[MainActivity]@ba2ccdd: mWNT: t=0xb400007b786a0ea0 mBlastBufferQueue=0xb400007c57f142d0 fn= 27117 HdrRenderState mRenderHdrSdrRatio=1.0 caller= android.view.SyncRtSurfaceTransactionApplier.applyTransaction:102 android.view.SyncRtSurfaceTransactionApplier.lambda$scheduleApply$0:75 android.view.SyncRtSurfaceTransactionApplier.$r8$lambda$afI4fXg3U3-nBZQEDQMiNy-B06s:0 
10-02 15:06:01.179 19752 19978 I VRI[MainActivity]@ba2ccdd: mWNT: t=0xb400007b7869d720 mBlastBufferQueue=0xb400007c57f142d0 fn= 27118 HdrRenderState mRenderHdrSdrRatio=1.0 caller= android.view.SyncRtSurfaceTransactionApplier.applyTransaction:102 android.view.SyncRtSurfaceTransactionApplier.lambda$scheduleApply$0:75 android.view.SyncRtSurfaceTransactionApplier.$r8$lambda$afI4fXg3U3-nBZQEDQMiNy-B06s:0 
10-02 15:06:01.186 19752 19977 I VRI[MainActivity]@ba2ccdd: mWNT: t=0xb400007b7867ca30 mBlastBufferQueue=0xb400007c57f142d0 fn= 27118 HdrRenderState mRenderHdrSdrRatio=1.0 caller= android.view.SyncRtSurfaceTransactionApplier.applyTransaction:102 android.view.SyncRtSurfaceTransactionApplier.lambda$scheduleApply$0:75 android.view.SyncRtSurfaceTransactionApplier.$r8$lambda$afI4fXg3U3-nBZQEDQMiNy-B06s:0 
10-02 15:06:01.193 19752 19978 I VRI[MainActivity]@ba2ccdd: mWNT: t=0xb400007b786b8540 mBlastBufferQueue=0xb400007c57f142d0 fn= 27119 HdrRenderState mRenderHdrSdrRatio=1.0 caller= android.view.SyncRtSurfaceTransactionApplier.applyTransaction:102 android.view.SyncRtSurfaceTransactionApplier.lambda$scheduleApply$0:75 android.view.SyncRtSurfaceTransactionApplier.$r8$lambda$afI4fXg3U3-nBZQEDQMiNy-B06s:0 
10-02 15:06:01.199 19752 19977 I VRI[MainActivity]@ba2ccdd: mWNT: t=0xb400007b787dc480 mBlastBufferQueue=0xb400007c57f142d0 fn= 27120 HdrRenderState mRenderHdrSdrRatio=1.0 caller= android.view.SyncRtSurfaceTransactionApplier.applyTransaction:102 android.view.SyncRtSurfaceTransactionApplier.lambda$scheduleApply$0:75 android.view.SyncRtSurfaceTransactionApplier.$r8$lambda$afI4fXg3U3-nBZQEDQMiNy-B06s:0 
10-02 15:06:01.208 19752 19978 I VRI[MainActivity]@ba2ccdd: mWNT: t=0xb400007b787f38d0 mBlastBufferQueue=0xb400007c57f142d0 fn= 27121 HdrRenderState mRenderHdrSdrRatio=1.0 caller= android.view.SyncRtSurfaceTransactionApplier.applyTransaction:102 android.view.SyncRtSurfaceTransactionApplier.lambda$scheduleApply$0:75 android.view.SyncRtSurfaceTransactionApplier.$r8$lambda$afI4fXg3U3-nBZQEDQMiNy-B06s:0 
10-02 15:06:01.218 19752 19977 I VRI[MainActivity]@ba2ccdd: mWNT: t=0xb400007b787fa330 mBlastBufferQueue=0xb400007c57f142d0 fn= 27122 HdrRenderState mRenderHdrSdrRatio=1.0 caller= android.view.SyncRtSurfaceTransactionApplier.applyTransaction:102 android.view.SyncRtSurfaceTransactionApplier.lambda$scheduleApply$0:75 android.view.SyncRtSurfaceTransactionApplier.$r8$lambda$afI4fXg3U3-nBZQEDQMiNy-B06s:0 
10-02 15:06:01.224 19752 19978 I VRI[MainActivity]@ba2ccdd: mWNT: t=0xb400007b788042c0 mBlastBufferQueue=0xb400007c57f142d0 fn= 27123 HdrRenderState mRenderHdrSdrRatio=1.0 caller= android.view.SyncRtSurfaceTransactionApplier.applyTransaction:102 android.view.SyncRtSurfaceTransactionApplier.lambda$scheduleApply$0:75 android.view.SyncRtSurfaceTransactionApplier.$r8$lambda$afI4fXg3U3-nBZQEDQMiNy-B06s:0 
10-02 15:06:01.234 19752 19977 I VRI[MainActivity]@ba2ccdd: mWNT: t=0xb400007b787fd860 mBlastBufferQueue=0xb400007c57f142d0 fn= 27124 HdrRenderState mRenderHdrSdrRatio=1.0 caller= android.view.SyncRtSurfaceTransactionApplier.applyTransaction:102 android.view.SyncRtSurfaceTransactionApplier.lambda$scheduleApply$0:75 android.view.SyncRtSurfaceTransactionApplier.$r8$lambda$afI4fXg3U3-nBZQEDQMiNy-B06s:0 
10-02 15:06:01.244 19752 19978 I VRI[MainActivity]@ba2ccdd: mWNT: t=0xb400007b786c9f60 mBlastBufferQueue=0xb400007c57f142d0 fn= 27125 HdrRenderState mRenderHdrSdrRatio=1.0 caller= android.view.SyncRtSurfaceTransactionApplier.applyTransaction:102 android.view.SyncRtSurfaceTransactionApplier.lambda$scheduleApply$0:75 android.view.SyncRtSurfaceTransactionApplier.$r8$lambda$afI4fXg3U3-nBZQEDQMiNy-B06s:0 
10-02 15:06:01.251 19752 19977 I VRI[MainActivity]@ba2ccdd: mWNT: t=0xb400007b78695350 mBlastBufferQueue=0xb400007c57f142d0 fn= 27126 HdrRenderState mRenderHdrSdrRatio=1.0 caller= android.view.SyncRtSurfaceTransactionApplier.applyTransaction:102 android.view.SyncRtSurfaceTransactionApplier.lambda$scheduleApply$0:75 android.view.SyncRtSurfaceTransactionApplier.$r8$lambda$afI4fXg3U3-nBZQEDQMiNy-B06s:0 
10-02 15:06:01.257 19752 19978 I VRI[MainActivity]@ba2ccdd: mWNT: t=0xb400007b78804760 mBlastBufferQueue=0xb400007c57f142d0 fn= 27126 HdrRenderState mRenderHdrSdrRatio=1.0 caller= android.view.SyncRtSurfaceTransactionApplier.applyTransaction:102 android.view.SyncRtSurfaceTransactionApplier.lambda$scheduleApply$0:75 android.view.SyncRtSurfaceTransactionApplier.$r8$lambda$afI4fXg3U3-nBZQEDQMiNy-B06s:0 
10-02 15:06:01.264 19752 19977 I VRI[MainActivity]@ba2ccdd: mWNT: t=0xb400007b78801920 mBlastBufferQueue=0xb400007c57f142d0 fn= 27127 HdrRenderState mRenderHdrSdrRatio=1.0 caller= android.view.SyncRtSurfaceTransactionApplier.applyTransaction:102 android.view.SyncRtSurfaceTransactionApplier.lambda$scheduleApply$0:75 android.view.SyncRtSurfaceTransactionApplier.$r8$lambda$afI4fXg3U3-nBZQEDQMiNy-B06s:0 
10-02 15:06:01.272 19752 19978 I VRI[MainActivity]@ba2ccdd: mWNT: t=0xb400007b78800200 mBlastBufferQueue=0xb400007c57f142d0 fn= 27128 HdrRenderState mRenderHdrSdrRatio=1.0 caller= android.view.SyncRtSurfaceTransactionApplier.applyTransaction:102 android.view.SyncRtSurfaceTransactionApplier.lambda$scheduleApply$0:75 android.view.SyncRtSurfaceTransactionApplier.$r8$lambda$afI4fXg3U3-nBZQEDQMiNy-B06s:0 
10-02 15:06:01.281 19752 19977 I VRI[MainActivity]@ba2ccdd: mWNT: t=0xb400007b7880c690 mBlastBufferQueue=0xb400007c57f142d0 fn= 27129 HdrRenderState mRenderHdrSdrRatio=1.0 caller= android.view.SyncRtSurfaceTransactionApplier.applyTransaction:102 android.view.SyncRtSurfaceTransactionApplier.lambda$scheduleApply$0:75 android.view.SyncRtSurfaceTransactionApplier.$r8$lambda$afI4fXg3U3-nBZQEDQMiNy-B06s:0 
10-02 15:06:01.289 19752 19978 I VRI[MainActivity]@ba2ccdd: mWNT: t=0xb400007b7869fe70 mBlastBufferQueue=0xb400007c57f142d0 fn= 27130 HdrRenderState mRenderHdrSdrRatio=1.0 caller= android.view.SyncRtSurfaceTransactionApplier.applyTransaction:102 android.view.SyncRtSurfaceTransactionApplier.lambda$scheduleApply$0:75 android.view.SyncRtSurfaceTransactionApplier.$r8$lambda$afI4fXg3U3-nBZQEDQMiNy-B06s:0 
10-02 15:06:01.297 19752 19977 I VRI[MainActivity]@ba2ccdd: mWNT: t=0xb400007b786b9a10 mBlastBufferQueue=0xb400007c57f142d0 fn= 27131 HdrRenderState mRenderHdrSdrRatio=1.0 caller= android.view.SyncRtSurfaceTransactionApplier.applyTransaction:102 android.view.SyncRtSurfaceTransactionApplier.lambda$scheduleApply$0:75 android.view.SyncRtSurfaceTransactionApplier.$r8$lambda$afI4fXg3U3-nBZQEDQMiNy-B06s:0 
10-02 15:06:01.305 19752 19978 I VRI[MainActivity]@ba2ccdd: mWNT: t=0xb400007b7865eb80 mBlastBufferQueue=0xb400007c57f142d0 fn= 27132 HdrRenderState mRenderHdrSdrRatio=1.0 caller= android.view.SyncRtSurfaceTransactionApplier.applyTransaction:102 android.view.SyncRtSurfaceTransactionApplier.lambda$scheduleApply$0:75 android.view.SyncRtSurfaceTransactionApplier.$r8$lambda$afI4fXg3U3-nBZQEDQMiNy-B06s:0 
10-02 15:06:01.313 19752 19977 I VRI[MainActivity]@ba2ccdd: mWNT: t=0xb400007b787b2390 mBlastBufferQueue=0xb400007c57f142d0 fn= 27133 HdrRenderState mRenderHdrSdrRatio=1.0 caller= android.view.SyncRtSurfaceTransactionApplier.applyTransaction:102 android.view.SyncRtSurfaceTransactionApplier.lambda$scheduleApply$0:75 android.view.SyncRtSurfaceTransactionApplier.$r8$lambda$afI4fXg3U3-nBZQEDQMiNy-B06s:0 
10-02 15:06:01.324 19752 19978 I VRI[MainActivity]@ba2ccdd: mWNT: t=0xb400007b78803040 mBlastBufferQueue=0xb400007c57f142d0 fn= 27134 HdrRenderState mRenderHdrSdrRatio=1.0 caller= android.view.SyncRtSurfaceTransactionApplier.applyTransaction:102 android.view.SyncRtSurfaceTransactionApplier.lambda$scheduleApply$0:75 android.view.SyncRtSurfaceTransactionApplier.$r8$lambda$afI4fXg3U3-nBZQEDQMiNy-B06s:0 
10-02 15:06:01.331 19752 19977 I VRI[MainActivity]@ba2ccdd: mWNT: t=0xb400007b786818d0 mBlastBufferQueue=0xb400007c57f142d0 fn= 27135 HdrRenderState mRenderHdrSdrRatio=1.0 caller= android.view.SyncRtSurfaceTransactionApplier.applyTransaction:102 android.view.SyncRtSurfaceTransactionApplier.lambda$scheduleApply$0:75 android.view.SyncRtSurfaceTransactionApplier.$r8$lambda$afI4fXg3U3-nBZQEDQMiNy-B06s:0 
10-02 15:06:01.340 19752 19978 I VRI[MainActivity]@ba2ccdd: mWNT: t=0xb400007b786b1ae0 mBlastBufferQueue=0xb400007c57f142d0 fn= 27136 HdrRenderState mRenderHdrSdrRatio=1.0 caller= android.view.SyncRtSurfaceTransactionApplier.applyTransaction:102 android.view.SyncRtSurfaceTransactionApplier.lambda$scheduleApply$0:75 android.view.SyncRtSurfaceTransactionApplier.$r8$lambda$afI4fXg3U3-nBZQEDQMiNy-B06s:0 
10-02 15:06:01.349 19752 19977 I VRI[MainActivity]@ba2ccdd: mWNT: t=0xb400007b7867ff60 mBlastBufferQueue=0xb400007c57f142d0 fn= 27137 HdrRenderState mRenderHdrSdrRatio=1.0 caller= android.view.SyncRtSurfaceTransactionApplier.applyTransaction:102 android.view.SyncRtSurfaceTransactionApplier.lambda$scheduleApply$0:75 android.view.SyncRtSurfaceTransactionApplier.$r8$lambda$afI4fXg3U3-nBZQEDQMiNy-B06s:0 
10-02 15:06:01.357 19752 19978 I VRI[MainActivity]@ba2ccdd: mWNT: t=0xb400007b78807a40 mBlastBufferQueue=0xb400007c57f142d0 fn= 27138 HdrRenderState mRenderHdrSdrRatio=1.0 caller= android.view.SyncRtSurfaceTransactionApplier.applyTransaction:102 android.view.SyncRtSurfaceTransactionApplier.lambda$scheduleApply$0:75 android.view.SyncRtSurfaceTransactionApplier.$r8$lambda$afI4fXg3U3-nBZQEDQMiNy-B06s:0 
10-02 15:06:01.364 19752 19977 I VRI[MainActivity]@ba2ccdd: mWNT: t=0xb400007b78651b60 mBlastBufferQueue=0xb400007c57f142d0 fn= 27139 HdrRenderState mRenderHdrSdrRatio=1.0 caller= android.view.SyncRtSurfaceTransactionApplier.applyTransaction:102 android.view.SyncRtSurfaceTransactionApplier.lambda$scheduleApply$0:75 android.view.SyncRtSurfaceTransactionApplier.$r8$lambda$afI4fXg3U3-nBZQEDQMiNy-B06s:0 
10-02 15:06:01.373 19752 19978 I VRI[MainActivity]@ba2ccdd: mWNT: t=0xb400007b78805e80 mBlastBufferQueue=0xb400007c57f142d0 fn= 27140 HdrRenderState mRenderHdrSdrRatio=1.0 caller= android.view.SyncRtSurfaceTransactionApplier.applyTransaction:102 android.view.SyncRtSurfaceTransactionApplier.lambda$scheduleApply$0:75 android.view.SyncRtSurfaceTransactionApplier.$r8$lambda$afI4fXg3U3-nBZQEDQMiNy-B06s:0 
10-02 15:06:01.381 19752 19977 I VRI[MainActivity]@ba2ccdd: mWNT: t=0xb400007b7881c990 mBlastBufferQueue=0xb400007c57f142d0 fn= 27141 HdrRenderState mRenderHdrSdrRatio=1.0 caller= android.view.SyncRtSurfaceTransactionApplier.applyTransaction:102 android.view.SyncRtSurfaceTransactionApplier.lambda$scheduleApply$0:75 android.view.SyncRtSurfaceTransactionApplier.$r8$lambda$afI4fXg3U3-nBZQEDQMiNy-B06s:0 
10-02 15:06:01.389 19752 19978 I VRI[MainActivity]@ba2ccdd: mWNT: t=0xb400007b78803bd0 mBlastBufferQueue=0xb400007c57f142d0 fn= 27142 HdrRenderState mRenderHdrSdrRatio=1.0 caller= android.view.SyncRtSurfaceTransactionApplier.applyTransaction:102 android.view.SyncRtSurfaceTransactionApplier.lambda$scheduleApply$0:75 android.view.SyncRtSurfaceTransactionApplier.$r8$lambda$afI4fXg3U3-nBZQEDQMiNy-B06s:0 
10-02 15:06:01.399 19752 19977 I VRI[MainActivity]@ba2ccdd: mWNT: t=0xb400007b786b0d00 mBlastBufferQueue=0xb400007c57f142d0 fn= 27143 HdrRenderState mRenderHdrSdrRatio=1.0 caller= android.view.SyncRtSurfaceTransactionApplier.applyTransaction:102 android.view.SyncRtSurfaceTransactionApplier.lambda$scheduleApply$0:75 android.view.SyncRtSurfaceTransactionApplier.$r8$lambda$afI4fXg3U3-nBZQEDQMiNy-B06s:0 
10-02 15:06:01.407 19752 19978 I VRI[MainActivity]@ba2ccdd: mWNT: t=0xb400007b786a5d40 mBlastBufferQueue=0xb400007c57f142d0 fn= 27144 HdrRenderState mRenderHdrSdrRatio=1.0 caller= android.view.SyncRtSurfaceTransactionApplier.applyTransaction:102 android.view.SyncRtSurfaceTransactionApplier.lambda$scheduleApply$0:75 android.view.SyncRtSurfaceTransactionApplier.$r8$lambda$afI4fXg3U3-nBZQEDQMiNy-B06s:0 
10-02 15:06:01.414 19752 19977 I VRI[MainActivity]@ba2ccdd: mWNT: t=0xb400007b7869d030 mBlastBufferQueue=0xb400007c57f142d0 fn= 27145 HdrRenderState mRenderHdrSdrRatio=1.0 caller= android.view.SyncRtSurfaceTransactionApplier.applyTransaction:102 android.view.SyncRtSurfaceTransactionApplier.lambda$scheduleApply$0:75 android.view.SyncRtSurfaceTransactionApplier.$r8$lambda$afI4fXg3U3-nBZQEDQMiNy-B06s:0 
10-02 15:06:01.424 19752 19978 I VRI[MainActivity]@ba2ccdd: mWNT: t=0xb400007b786808a0 mBlastBufferQueue=0xb400007c57f142d0 fn= 27146 HdrRenderState mRenderHdrSdrRatio=1.0 caller= android.view.SyncRtSurfaceTransactionApplier.applyTransaction:102 android.view.SyncRtSurfaceTransactionApplier.lambda$scheduleApply$0:75 android.view.SyncRtSurfaceTransactionApplier.$r8$lambda$afI4fXg3U3-nBZQEDQMiNy-B06s:0 
10-02 15:06:01.432 19752 19977 I VRI[MainActivity]@ba2ccdd: mWNT: t=0xb400007b787ff670 mBlastBufferQueue=0xb400007c57f142d0 fn= 27147 HdrRenderState mRenderHdrSdrRatio=1.0 caller= android.view.SyncRtSurfaceTransactionApplier.applyTransaction:102 android.view.SyncRtSurfaceTransactionApplier.lambda$scheduleApply$0:75 android.view.SyncRtSurfaceTransactionApplier.$r8$lambda$afI4fXg3U3-nBZQEDQMiNy-B06s:0 
10-02 15:06:01.441 19752 19978 I VRI[MainActivity]@ba2ccdd: mWNT: t=0xb400007b786b90d0 mBlastBufferQueue=0xb400007c57f142d0 fn= 27148 HdrRenderState mRenderHdrSdrRatio=1.0 caller= android.view.SyncRtSurfaceTransactionApplier.applyTransaction:102 android.view.SyncRtSurfaceTransactionApplier.lambda$scheduleApply$0:75 android.view.SyncRtSurfaceTransactionApplier.$r8$lambda$afI4fXg3U3-nBZQEDQMiNy-B06s:0 
10-02 15:06:01.580 19752 19752 I View    : setRequestedFrameRate frameRate=NaN, this=android.view.View{fcdbddb V.ED..... ........ 0,0-0,0}, caller=androidx.compose.ui.platform.Api35Impl.setRequestedFrameRate:4047 androidx.compose.ui.platform.AndroidComposeView.dispatchDraw:2282 android.view.View.draw:26758 android.view.View.updateDisplayListIfDirty:25577 android.view.ViewGroup.recreateChildDisplayList:4881 
10-02 15:06:01.591 19752 19752 I View    : setRequestedFrameRate frameRate=-4.0, this=android.view.View{fcdbddb V.ED..... ........ 0,0-0,0}, caller=androidx.compose.ui.platform.Api35Impl.setRequestedFrameRate:4047 androidx.compose.ui.platform.AndroidComposeView.dispatchDraw:2282 android.view.View.draw:26758 android.view.View.updateDisplayListIfDirty:25577 android.view.ViewGroup.recreateChildDisplayList:4881 
10-02 15:06:01.599 19752 19752 I View    : setRequestedFrameRate frameRate=NaN, this=android.view.View{fcdbddb V.ED..... ........ 0,0-0,0}, caller=androidx.compose.ui.platform.Api35Impl.setRequestedFrameRate:4047 androidx.compose.ui.platform.AndroidComposeView.dispatchDraw:2282 android.view.View.draw:26758 android.view.View.updateDisplayListIfDirty:25577 android.view.ViewGroup.recreateChildDisplayList:4881 
10-02 15:06:01.605 19752 19752 I View    : setRequestedFrameRate frameRate=-4.0, this=android.view.View{fcdbddb V.ED..... ........ 0,0-0,0}, caller=androidx.compose.ui.platform.Api35Impl.setRequestedFrameRate:4047 androidx.compose.ui.platform.AndroidComposeView.dispatchDraw:2282 android.view.View.draw:26758 android.view.View.updateDisplayListIfDirty:25577 android.view.ViewGroup.recreateChildDisplayList:4881 
10-02 15:06:01.613 19752 19752 I View    : setRequestedFrameRate frameRate=NaN, this=android.view.View{fcdbddb V.ED..... ........ 0,0-0,0}, caller=androidx.compose.ui.platform.Api35Impl.setRequestedFrameRate:4047 androidx.compose.ui.platform.AndroidComposeView.dispatchDraw:2282 android.view.View.draw:26758 android.view.View.updateDisplayListIfDirty:25577 android.view.ViewGroup.recreateChildDisplayList:4881 
10-02 15:06:01.624 19752 19752 I View    : setRequestedFrameRate frameRate=-4.0, this=android.view.View{fcdbddb V.ED..... ........ 0,0-0,0}, caller=androidx.compose.ui.platform.Api35Impl.setRequestedFrameRate:4047 androidx.compose.ui.platform.AndroidComposeView.dispatchDraw:2282 android.view.View.draw:26758 android.view.View.updateDisplayListIfDirty:25577 android.view.ViewGroup.recreateChildDisplayList:4881 
10-02 15:06:01.630 19752 19752 I View    : setRequestedFrameRate frameRate=NaN, this=android.view.View{fcdbddb V.ED..... ........ 0,0-0,0}, caller=androidx.compose.ui.platform.Api35Impl.setRequestedFrameRate:4047 androidx.compose.ui.platform.AndroidComposeView.dispatchDraw:2282 android.view.View.draw:26758 android.view.View.updateDisplayListIfDirty:25577 android.view.ViewGroup.recreateChildDisplayList:4881 
10-02 15:06:01.640 19752 19752 I View    : setRequestedFrameRate frameRate=-4.0, this=android.view.View{fcdbddb V.ED..... ........ 0,0-0,0}, caller=androidx.compose.ui.platform.Api35Impl.setRequestedFrameRate:4047 androidx.compose.ui.platform.AndroidComposeView.dispatchDraw:2282 android.view.View.draw:26758 android.view.View.updateDisplayListIfDirty:25577 android.view.ViewGroup.recreateChildDisplayList:4881 
10-02 15:06:01.647 19752 19752 I View    : setRequestedFrameRate frameRate=NaN, this=android.view.View{fcdbddb V.ED..... ........ 0,0-0,0}, caller=androidx.compose.ui.platform.Api35Impl.setRequestedFrameRate:4047 androidx.compose.ui.platform.AndroidComposeView.dispatchDraw:2282 android.view.View.draw:26758 android.view.View.updateDisplayListIfDirty:25577 android.view.ViewGroup.recreateChildDisplayList:4881 
10-02 15:06:01.817 19752 19752 I InsetsController: onStateChanged: host=com.negi.survey.local/com.negi.survey.MainActivity, from=android.view.ViewRootImpl.onInsetsStateChanged:3038, state=InsetsState: {mDisplayFrame=Rect(0, 0 - 1080, 2340), mDisplayCutout=DisplayCutout{insets=Rect(0, 82 - 0, 0) waterfall=Insets{left=0, top=0, right=0, bottom=0} boundingRect={Bounds=[Rect(0, 0 - 0, 0), Rect(511, 24 - 569, 82), Rect(0, 0 - 0, 0), Rect(0, 0 - 0, 0)]} cutoutPathParserInfo={CutoutPathParserInfo{displayWidth=1080 displayHeight=2340 physicalDisplayWidth=1080 physicalDisplayHeight=2340 density={2.8125} cutoutSpec={M 0,0 M 0, 8.533333333333333 a 10.31111111111111,10.31111111111111 0 1,0 0,20.62222222222222 a 10.31111111111111,10.31111111111111 0 1,0 0,-20.62222222222222 Z @dp} rotation={0} scale={1.0} physicalPixelDisplaySizeRatio={1.0}}} sideOverrides={}}, mRoundedCorners=RoundedCorners{[RoundedCorner{position=TopLeft, radius=113, center=Point(113, 113)}, RoundedCorner{position=TopRight, radius=113, center=Point(967, 113)}, RoundedCorner{position=BottomRight, radius=113, center=Point(967, 2227)}, RoundedCorner{position=BottomLeft, radius=113, center=Point(113, 2227)}]}  mRoundedCornerFrame=Rect(0, 0 - 1080, 2340), mPrivacyIndicatorBounds=PrivacyIndicatorBounds {static bounds=Rect(956, 0 - 1080, 97) rotation=0}, mDisplayShape=DisplayShape{ spec=-311912193 displayWidth=1080 displayHeight=2340 physicalPixelDisplaySizeRatio=1.0 rotation=0 offsetX=0 offsetY=0 scale=1.0}, mSources= { InsetsSource: {d29a0000 mType=statusBars mFrame=[0,0][1080,97] mAttachedInsets=null mVisible=true mFlags= mSideHint=TOP mBoundingRects=null}, InsetsSource: {d29a0005 mType=mandatorySystemGestures mFrame=[0,0][1080,116] mAttachedInsets=null mVisible=true mFlags= mSideHint=TOP mBoundingRects=null}, InsetsSource: {d29a0006 mType=tappableElement mFrame=[0,0][1080,97] mAttachedInsets=null mVisible=true mFlags= mSideHint=TOP mBoundingRects=null}, InsetsSource: {3 mType=ime mFrame=[0,0][0,0] mAttachedInsets=null mVisible=false mFlags=INVALID mSideHint=NONE mBoundingRects=null}, InsetsSource: {27 mType=displayCutout mFrame=[0,0][1080,82] mAttachedInsets=null mVisible=true mFlags= mSideHint=TOP mBoundingRects=null}, InsetsSource: {4b5d0001 mType=navigationBars mFrame=[0,2205][1080,2340] mAttachedInsets=null mVisible=true mFlags= mSideHint=BOTTOM mBoundingRects=null}, InsetsSource: {4b5d0004 mType=systemGestures mFrame=[0,0][0,0] mAttachedInsets=null mVisible=true mFlags= mSideHint=NONE mBoundingRects=null}, InsetsSource: {4b5d0005 mType=mandatorySystemGestures mFrame=[0,2205][1080,2340] mAttachedInsets=null mVisible=true mFlags= mSideHint=BOTTOM mBoundingRects=null}, InsetsSource: {4b5d0006 mType=tappableElement mFrame=[0,2205][1080,2340] mAttachedInsets=null mVisible=true mFlags= mSideHint=BOTTOM mBoundingRects=null}, InsetsSource: {4b5d0024 mType=systemGestures mFrame=[0,0][0,0] mAttachedInsets=null mVisible=true mFlags= mSideHint=NONE mBoundingRects=null} }
10-02 15:06:01.817 19752 19752 I VRI[MainActivity]@ba2ccdd: handleResized, frames=ClientWindowFrames{frame=[0,0][1080,2340] display=[0,0][1080,2340] parentFrame=[0,0][0,0]} displayId=0 dragResizing=false compatScale=1.0 frameChanged=false attachedFrameChanged=false configChanged=false displayChanged=false compatScaleChanged=false dragResizingChanged=false
10-02 15:06:03.452 19752 19838 D InputTransport: Input channel destroyed: 'ClientS', fd=154
10-02 15:06:04.098 19752 19752 I VRI[MainActivity]@ba2ccdd: call setFrameRateCategory for touch hint category=no preference, reason=boost timeout, vri=VRI[MainActivity]@ba2ccdd
10-02 15:06:05.497 19752 26803 W LiteRtLM: Inference first output: key='fs|dev=65088|ino=45187|size=4919541760|mtime=1790971030441' runId=4 ttftMs=4376 dispatchMs=10 postDispatchTtftMs=4366 requestToFirstOutputMs=4376
10-02 15:06:05.498 19752 26803 W LiteRtLM: Inference first output: key='fs|dev=65088|ino=45187|size=4919541760|mtime=1790971030441' runId=4 ttftMs=4376 dispatchMs=10 postDispatchTtftMs=4366 requestToFirstOutputMs=4376
10-02 15:06:05.498 19752 26803 D LiteRtLM: stream[key=fs|dev=65088|ino=45187|size=4919541760|mtime=1790971030441 runId=4] msg#1 rawChunkLen=2 deltaLen=2 emittedChars=2
10-02 15:06:05.499 19752 19752 D LiteRtRepository: stream[rid=4 msg#1] done=false deltaLen=2 outLen=2 outPreview='{"' deltaPreview='{"'
10-02 15:06:05.499 19752 20037 D AiViewModel: run[4] chunk[1].preview='{"'
10-02 15:06:05.616 19752 20037 D AiViewModel: run[4] chunk[2].preview='score'
10-02 15:06:05.739 19752 20037 D AiViewModel: run[4] chunk[3].preview='":'
10-02 15:06:05.849 19752 20037 D AiViewModel: run[4] chunk[4].preview='9'
10-02 15:06:05.966 19752 20037 D AiViewModel: run[4] chunk[5].preview='5'
10-02 15:06:06.083 19752 20037 D AiViewModel: run[4] chunk[6].preview=',"'
10-02 15:06:06.205 19752 20037 D AiViewModel: run[4] chunk[7].preview='missing'
10-02 15:06:06.330 19752 19752 D LiteRtRepository: stream[rid=4 msg#8] done=false deltaLen=1 outLen=21 outPreview='{"score":95,"missing_' deltaPreview='_'
10-02 15:06:06.331 19752 20037 D AiViewModel: run[4] chunk[8].preview='_'
10-02 15:06:06.452 19752 20037 D AiViewModel: run[4] chunk[9].preview='points'
10-02 15:06:06.571 19752 20037 D AiViewModel: run[4] chunk[10].preview='":[],'
10-02 15:06:06.681 19752 20037 D AiViewModel: run[4] chunk[11].preview='"'
10-02 15:06:06.804 19752 20037 D AiViewModel: run[4] chunk[12].preview='follow'
10-02 15:06:06.912 19752 20037 D AiViewModel: run[4] chunk[13].preview='up'
10-02 15:06:07.033 19752 20037 D AiViewModel: run[4] chunk[14].preview='_'
10-02 15:06:07.146 19752 20037 D AiViewModel: run[4] chunk[15].preview='needed'
10-02 15:06:07.268 19752 26803 D LiteRtLM: stream[key=fs|dev=65088|ino=45187|size=4919541760|mtime=1790971030441 runId=4] msg#16 rawChunkLen=2 deltaLen=2 emittedChars=50
10-02 15:06:07.271 19752 19752 D LiteRtRepository: stream[rid=4 msg#16] done=false deltaLen=2 outLen=50 outPreview='{"score":95,"missing_points":[],"followup_needed":' deltaPreview='":'
10-02 15:06:07.271 19752 20037 D AiViewModel: run[4] chunk[16].preview='":'
10-02 15:06:07.383 19752 19903 D AiViewModel: run[4] chunk[17].preview='false'
10-02 15:06:07.497 19752 19903 D AiViewModel: run[4] chunk[18].preview='}'
10-02 15:06:07.498 19752 26816 D LiteRtLM: state[logicalDone] key='fs|dev=65088|ino=45187|size=4919541760|mtime=1790971030441' runId=4 active=true terminated=true logicalDone=true cancel=false pendingCancel=false lastMsgAt=73293128 lastTermAt=73293130
10-02 15:06:07.498 19752 26816 D LiteRtLM: state[nativeDone:beforeRelease] key='fs|dev=65088|ino=45187|size=4919541760|mtime=1790971030441' runId=4 active=true terminated=true logicalDone=true cancel=false pendingCancel=false lastMsgAt=73293128 lastTermAt=73293130
10-02 15:06:07.499 19752 26816 W LiteRtLM: Inference timing: key='fs|dev=65088|ino=45187|size=4919541760|mtime=1790971030441' runId=4 ttftMs=4376 dispatchMs=10 postDispatchTtftMs=4366 totalMs=6376 callbacks=18 outputChars=56 cancelled=false error=false requestTotalMs=6376
10-02 15:06:07.499 19752 26816 W LiteRtLM: Inference timing: key='fs|dev=65088|ino=45187|size=4919541760|mtime=1790971030441' runId=4 ttftMs=4376 dispatchMs=10 postDispatchTtftMs=4366 totalMs=6376 callbacks=18 outputChars=56 cancelled=false error=false requestTotalMs=6376
10-02 15:06:07.499 19752 26816 I LiteRtLM: LiteRT completion: runId=4 terminal=normal_onDone phase=unavailable engineTokenCapacity=1024 prefillTokens=-1 decodeTokens=-1 kvTokens=-1 outputChars=56 callbacks=18
10-02 15:06:07.499 19752 26816 I LiteRtLM: LiteRT completion: runId=4 terminal=normal_onDone phase=unavailable engineTokenCapacity=1024 prefillTokens=-1 decodeTokens=-1 kvTokens=-1 outputChars=56 callbacks=18
10-02 15:06:07.500 19752 19752 D LiteRtRepository: [4] logical done=true; responseClosed=true; waiting native cleanup
10-02 15:06:07.500 19752 19903 D AiViewModel: run[4] stats: chunks=18, chars=56, raw.len=56
10-02 15:06:07.500 19752 19752 D LiteRtRepository: [4] native cleanup safepoint
10-02 15:06:07.501 19752 19903 D AiViewModel: run[4] sha(raw)=d582f4f94d38ce300b82f3aeedbda2d18275f3f88b20e7a1ca4fadec505e90e3
10-02 15:06:07.501 19752 20679 D SLM     : resetConversationAndWait: model='Gemma3n4B' image=false audio=false
10-02 15:06:07.502 19752 19903 D AiViewModel: run[4] rawVisible='{"score":95,"missing_points":[],"followup_needed":false}'
10-02 15:06:07.505 19752 19903 D AiViewModel: run[4]: EVAL_JSON parsed score=95 followups=0 fu0=''
10-02 15:06:07.505 19752 19903 D AiViewModel: stepHistory+ runId=4 phase=EVAL mode=EVAL_JSON raw.len=56 score=95 FU=0 FU0='<none>' timeout=false err=null
10-02 15:06:07.506 19752 19903 I AiViewModel: run[4] done: phase=EVAL mode=EVAL_JSON score=95 FU0.len=0 FU0.sha16=none commit=true err=<none>
10-02 15:06:07.506 19752 19903 I FullTextOut: [part=000] run[4]: RawTextOut
10-02 15:06:07.506 19752 19903 I FullTextOut: {"score":95,"missing_points":[],"followup_needed":false}
10-02 15:06:07.506 19752 19903 D AiViewModel: chain2: step2 skipped (score=95, followups=0, timedOut=false, rawPreview='{"score":95,"missing_points":[],"followup_needed":false}')
10-02 15:06:07.507 19752 19902 D LiteRtRepository: [4] Conversation reset completed after safepoint
10-02 15:06:07.508 19752 19902 D LiteRtRepository: [part=000] [4] FINALIZE: native-terminated
10-02 15:06:07.508 19752 19902 D LiteRtRepository: === AI TRACE STATS (LiteRtRepository) ===
10-02 15:06:07.508 19752 19902 D LiteRtRepository: rid=4 model='Gemma3n4B' reason=native-terminated
10-02 15:06:07.508 19752 19902 D LiteRtRepository: totalMs=6395 inferenceMs=6387 firstTokenMs=4378
10-02 15:06:07.508 19752 19902 D LiteRtRepository: logicalDone=true logicalDoneAt=73293132
10-02 15:06:07.508 19752 19902 D LiteRtRepository: nativeTerminated=true cancelTag='null'
10-02 15:06:07.508 19752 19902 D LiteRtRepository: lastDeltaMsAgo=11 lastEventMsAgo=8
10-02 15:06:07.508 19752 19902 D LiteRtRepository: chunks=18 emittedChars=56 capturedAll=true out.len=56
10-02 15:06:07.508 19752 19902 D LiteRtRepository: === OUTPUT (FULL) ===
10-02 15:06:07.508 19752 19902 D LiteRtRepository: {"score":95,"missing_points":[],"followup_needed":false}
10-02 15:06:07.532 19752 19752 I View    : setRequestedFrameRate frameRate=-4.0, this=android.view.View{fcdbddb V.ED..... ........ 0,0-0,0}, caller=androidx.compose.ui.platform.Api35Impl.setRequestedFrameRate:4047 androidx.compose.ui.platform.AndroidComposeView.dispatchDraw:2282 android.view.View.draw:26758 android.view.View.updateDisplayListIfDirty:25577 android.view.ViewGroup.recreateChildDisplayList:4881 
10-02 15:06:07.538 19752 19752 I View    : setRequestedFrameRate frameRate=NaN, this=android.view.View{fcdbddb V.ED..... ........ 0,0-0,0}, caller=androidx.compose.ui.platform.Api35Impl.setRequestedFrameRate:4047 androidx.compose.ui.platform.AndroidComposeView.dispatchDraw:2282 android.view.View.draw:26758 android.view.View.updateDisplayListIfDirty:25577 android.view.ViewGroup.recreateChildDisplayList:4881 
10-02 15:06:07.548 19752 19752 I View    : setRequestedFrameRate frameRate=-4.0, this=android.view.View{fcdbddb V.ED..... ........ 0,0-0,0}, caller=androidx.compose.ui.platform.Api35Impl.setRequestedFrameRate:4047 androidx.compose.ui.platform.AndroidComposeView.dispatchDraw:2282 android.view.View.draw:26758 android.view.View.updateDisplayListIfDirty:25577 android.view.ViewGroup.recreateChildDisplayList:4881 
10-02 15:06:07.553 19752 19752 I View    : setRequestedFrameRate frameRate=NaN, this=android.view.View{fcdbddb V.ED..... ........ 0,0-0,0}, caller=androidx.compose.ui.platform.Api35Impl.setRequestedFrameRate:4047 androidx.compose.ui.platform.AndroidComposeView.dispatchDraw:2282 android.view.View.draw:26758 android.view.View.updateDisplayListIfDirty:25577 android.view.ViewGroup.recreateChildDisplayList:4881 
10-02 15:06:30.718 19752 19859 I gi.survey.local: Explicit concurrent mark compact GC freed 6756KB AllocSpace bytes, 0(0B) LOS objects, 76% free, 7651KB/31MB, paused 153us,1.885ms total 41.565ms
10-02 15:24:49.786 19752 19852 I gi.survey.local: Explicit concurrent mark compact GC freed 18MB AllocSpace bytes, 0(0B) LOS objects, 75% free, 8107KB/31MB, paused 247us,2.465ms total 46.128ms
10-02 15:25:03.356 19752 19752 I VRI[MainActivity]@ba2ccdd: ViewPostIme pointer 0
10-02 15:25:03.358 19752 19752 I VRI[MainActivity]@ba2ccdd: call setFrameRateCategory for touch hint category=high hint, reason=touch, vri=VRI[MainActivity]@ba2ccdd
10-02 15:25:03.364 19752 19752 I VRI[MainActivity]@ba2ccdd: ViewPostIme pointer 1
10-02 15:25:06.365 19752 19752 I VRI[MainActivity]@ba2ccdd: call setFrameRateCategory for touch hint category=no preference, reason=boost timeout, vri=VRI[MainActivity]@ba2ccdd
10-02 15:25:17.949 19752 19852 I gi.survey.local: Explicit concurrent mark compact GC freed 6352KB AllocSpace bytes, 0(0B) LOS objects, 76% free, 7647KB/31MB, paused 368us,2.409ms total 36.018ms
10-02 15:25:24.873 19752 19859 I gi.survey.local: Explicit concurrent mark compact GC freed 1932KB AllocSpace bytes, 1(20KB) LOS objects, 76% free, 7479KB/31MB, paused 395us,2.379ms total 41.646ms
10-02 15:25:34.431 19752 19752 I VRI[MainActivity]@ba2ccdd: ViewPostIme pointer 0
10-02 15:25:34.434 19752 19752 I VRI[MainActivity]@ba2ccdd: call setFrameRateCategory for touch hint category=high hint, reason=touch, vri=VRI[MainActivity]@ba2ccdd
10-02 15:25:34.436 19752 19752 I VRI[MainActivity]@ba2ccdd: ViewPostIme pointer 1
10-02 15:25:34.438 19752 19752 D SurveyVM: push -> Q9, navSize=12, stackSize=12
10-02 15:25:34.450 19752 19752 D SurveyVM: hasTwoStepPrompt[Q9] -> true (eval=195, fu=220)
10-02 15:25:34.465 19752 19752 I View    : setRequestedFrameRate frameRate=-4.0, this=android.view.View{fcdbddb V.ED..... ........ 0,0-0,0}, caller=androidx.compose.ui.platform.Api35Impl.setRequestedFrameRate:4047 androidx.compose.ui.platform.AndroidComposeView.dispatchDraw:2282 android.view.View.draw:26758 android.view.View.updateDisplayListIfDirty:25577 android.view.ViewGroup.recreateChildDisplayList:4881 
10-02 15:25:34.466 19752 19752 D WhisperSpeechController: updateContext: surveyId=e62d665e-992d-4f7a-833f-8c7e102fb2f6, questionId=Q9
10-02 15:25:34.505 19752 19752 D WhisperSpeechController: updateContext: surveyId=e62d665e-992d-4f7a-833f-8c7e102fb2f6, questionId=Q9
10-02 15:25:34.535 19752 19752 I View    : setRequestedFrameRate frameRate=NaN, this=android.view.View{fcdbddb V.ED..... ........ 0,0-0,0}, caller=androidx.compose.ui.platform.Api35Impl.setRequestedFrameRate:4047 androidx.compose.ui.platform.AndroidComposeView.dispatchDraw:2282 android.view.View.draw:26758 android.view.View.updateDisplayListIfDirty:25577 android.view.ViewGroup.recreateChildDisplayList:4881 
10-02 15:25:34.543 19752 19752 D InputMethodManagerUtils: startInputInner - Id : 0
10-02 15:25:34.543 19752 19752 I InputMethodManager: startInputInner - IInputMethodManagerGlobalInvoker.startInputOrWindowGainedFocus
10-02 15:25:34.544 19752 19752 D InsetsController: show(ime())
10-02 15:25:34.544 19752 19752 I ImeTracker: com.negi.survey.local:8c01e28e: onRequestShow at ORIGIN_CLIENT reason SHOW_SOFT_INPUT_BY_INSETS_API fromUser false
10-02 15:25:34.544 19752 19752 D InsetsController: Setting requestedVisibleTypes to 511 (was 503)
10-02 15:25:34.544 19752 19752 I InsetsController: setRequestedVisibleTypes: visible=true, mask=ime, host=com.negi.survey.local/com.negi.survey.MainActivity, from=android.view.InsetsController.controlAnimationUnchecked:1646 android.view.InsetsController.applyAnimation:2278 android.view.InsetsController.applyAnimation:2207 android.view.InsetsController.show:1498 android.view.InsetsController.show:1435 androidx.core.view.SoftwareKeyboardControllerCompat$Impl30.show:189 androidx.core.view.SoftwareKeyboardControllerCompat.show:70 androidx.compose.ui.text.input.InputMethodManagerImpl.showSoftInput:81 androidx.compose.ui.text.input.TextInputServiceAndroid.setKeyboardVisibleImmediately:468 androidx.compose.ui.text.input.TextInputServiceAndroid.processInputCommands:352 
10-02 15:25:34.552 19752 19752 I InputMethodManager_LC: showSoftInput(View,I)
10-02 15:25:34.553 19752 19752 I ImeTracker: com.negi.survey.local:33b1992b: onRequestShow at ORIGIN_CLIENT reason SHOW_SOFT_INPUT fromUser false
10-02 15:25:34.553 19752 19752 I InputMethodManager_LC: ssi(): flags=0 view=com.negi.survey.local reason=SHOW_SOFT_INPUT
10-02 15:25:34.553 19752 19752 I InputMethodManager_LC: ssi() view is not EditText
10-02 15:25:34.553 19752 19752 D InsetsController: show(ime())
10-02 15:25:34.553 19752 19752 I ImeTracker: com.negi.survey.local:33b1992b: onCancelled at PHASE_CLIENT_REPORT_REQUESTED_VISIBLE_TYPES
10-02 15:25:34.561 19752 19752 I VRI[MainActivity]@ba2ccdd: handleResized, frames=ClientWindowFrames{frame=[0,0][1080,2340] display=[0,0][1080,2340] parentFrame=[0,0][0,0]} displayId=0 dragResizing=false compatScale=1.0 frameChanged=false attachedFrameChanged=false configChanged=false displayChanged=false compatScaleChanged=false dragResizingChanged=false
10-02 15:25:34.565 19752 19859 D InputTransport: Input channel constructed: 'ClientS', fd=149
10-02 15:25:34.698 19752 19752 D WindowOnBackDispatcher: setTopOnBackInvokedCallback (unwrapped): android.view.ImeBackAnimationController@d88cdb2
10-02 15:25:34.743 19752 19752 I InsetsController: onStateChanged: host=com.negi.survey.local/com.negi.survey.MainActivity, from=android.view.ViewRootImpl.onInsetsStateChanged:3038, state=InsetsState: {mDisplayFrame=Rect(0, 0 - 1080, 2340), mDisplayCutout=DisplayCutout{insets=Rect(0, 82 - 0, 0) waterfall=Insets{left=0, top=0, right=0, bottom=0} boundingRect={Bounds=[Rect(0, 0 - 0, 0), Rect(511, 24 - 569, 82), Rect(0, 0 - 0, 0), Rect(0, 0 - 0, 0)]} cutoutPathParserInfo={CutoutPathParserInfo{displayWidth=1080 displayHeight=2340 physicalDisplayWidth=1080 physicalDisplayHeight=2340 density={2.8125} cutoutSpec={M 0,0 M 0, 8.533333333333333 a 10.31111111111111,10.31111111111111 0 1,0 0,20.62222222222222 a 10.31111111111111,10.31111111111111 0 1,0 0,-20.62222222222222 Z @dp} rotation={0} scale={1.0} physicalPixelDisplaySizeRatio={1.0}}} sideOverrides={}}, mRoundedCorners=RoundedCorners{[RoundedCorner{position=TopLeft, radius=113, center=Point(113, 113)}, RoundedCorner{position=TopRight, radius=113, center=Point(967, 113)}, RoundedCorner{position=BottomRight, radius=113, center=Point(967, 2227)}, RoundedCorner{position=BottomLeft, radius=113, center=Point(113, 2227)}]}  mRoundedCornerFrame=Rect(0, 0 - 1080, 2340), mPrivacyIndicatorBounds=PrivacyIndicatorBounds {static bounds=Rect(956, 0 - 1080, 97) rotation=0}, mDisplayShape=DisplayShape{ spec=-311912193 displayWidth=1080 displayHeight=2340 physicalPixelDisplaySizeRatio=1.0 rotation=0 offsetX=0 offsetY=0 scale=1.0}, mSources= { InsetsSource: {d29a0000 mType=statusBars mFrame=[0,0][1080,97] mAttachedInsets=null mVisible=true mFlags= mSideHint=TOP mBoundingRects=null}, InsetsSource: {d29a0005 mType=mandatorySystemGestures mFrame=[0,0][1080,116] mAttachedInsets=null mVisible=true mFlags= mSideHint=TOP mBoundingRects=null}, InsetsSource: {d29a0006 mType=tappableElement mFrame=[0,0][1080,97] mAttachedInsets=null mVisible=true mFlags= mSideHint=TOP mBoundingRects=null}, InsetsSource: {3 mType=ime mFrame=[0,1332][1080,2340] mAttachedInsets=null mVisible=true mFlags= mSideHint=BOTTOM mBoundingRects=null}, InsetsSource: {27 mType=displayCutout mFrame=[0,0][1080,82] mAttachedInsets=null mVisible=true mFlags= mSideHint=TOP mBoundingRects=null}, InsetsSource: {4b5d0001 mType=navigationBars mFrame=[0,2205][1080,2340] mAttachedInsets=null mVisible=true mFlags= mSideHint=BOTTOM mBoundingRects=null}, InsetsSource: {4b5d0004 mType=systemGestures mFrame=[0,0][0,0] mAttachedInsets=null mVisible=true mFlags= mSideHint=NONE mBoundingRects=null}, InsetsSource: {4b5d0005 mType=mandatorySystemGestures mFrame=[0,2205][1080,2340] mAttachedInsets=null mVisible=true mFlags= mSideHint=BOTTOM mBoundingRects=null}, InsetsSource: {4b5d0006 mType=tappableElement mFrame=[0,2205][1080,2340] mAttachedInsets=null mVisible=true mFlags= mSideHint=BOTTOM mBoundingRects=null}, InsetsSource: {4b5d0024 mType=systemGestures mFrame=[0,0][0,0] mAttachedInsets=null mVisible=true mFlags= mSideHint=NONE mBoundingRects=null} }
10-02 15:25:34.743 19752 19752 I VRI[MainActivity]@ba2ccdd: handleResized, frames=ClientWindowFrames{frame=[0,0][1080,2340] display=[0,0][1080,2340] parentFrame=[0,0][0,0]} displayId=0 dragResizing=false compatScale=1.0 frameChanged=false attachedFrameChanged=false configChanged=false displayChanged=false compatScaleChanged=false dragResizingChanged=false
10-02 15:25:34.752 19752 19752 I InsetsController: onStateChanged: host=com.negi.survey.local/com.negi.survey.MainActivity, from=android.view.ViewRootImpl.onInsetsStateChanged:3038, state=InsetsState: {mDisplayFrame=Rect(0, 0 - 1080, 2340), mDisplayCutout=DisplayCutout{insets=Rect(0, 82 - 0, 0) waterfall=Insets{left=0, top=0, right=0, bottom=0} boundingRect={Bounds=[Rect(0, 0 - 0, 0), Rect(511, 24 - 569, 82), Rect(0, 0 - 0, 0), Rect(0, 0 - 0, 0)]} cutoutPathParserInfo={CutoutPathParserInfo{displayWidth=1080 displayHeight=2340 physicalDisplayWidth=1080 physicalDisplayHeight=2340 density={2.8125} cutoutSpec={M 0,0 M 0, 8.533333333333333 a 10.31111111111111,10.31111111111111 0 1,0 0,20.62222222222222 a 10.31111111111111,10.31111111111111 0 1,0 0,-20.62222222222222 Z @dp} rotation={0} scale={1.0} physicalPixelDisplaySizeRatio={1.0}}} sideOverrides={}}, mRoundedCorners=RoundedCorners{[RoundedCorner{position=TopLeft, radius=113, center=Point(113, 113)}, RoundedCorner{position=TopRight, radius=113, center=Point(967, 113)}, RoundedCorner{position=BottomRight, radius=113, center=Point(967, 2227)}, RoundedCorner{position=BottomLeft, radius=113, center=Point(113, 2227)}]}  mRoundedCornerFrame=Rect(0, 0 - 1080, 2340), mPrivacyIndicatorBounds=PrivacyIndicatorBounds {static bounds=Rect(956, 0 - 1080, 97) rotation=0}, mDisplayShape=DisplayShape{ spec=-311912193 displayWidth=1080 displayHeight=2340 physicalPixelDisplaySizeRatio=1.0 rotation=0 offsetX=0 offsetY=0 scale=1.0}, mSources= { InsetsSource: {d29a0000 mType=statusBars mFrame=[0,0][1080,97] mAttachedInsets=null mVisible=true mFlags= mSideHint=TOP mBoundingRects=null}, InsetsSource: {d29a0005 mType=mandatorySystemGestures mFrame=[0,0][1080,116] mAttachedInsets=null mVisible=true mFlags= mSideHint=TOP mBoundingRects=null}, InsetsSource: {d29a0006 mType=tappableElement mFrame=[0,0][1080,97] mAttachedInsets=null mVisible=true mFlags= mSideHint=TOP mBoundingRects=null}, InsetsSource: {3 mType=ime mFrame=[0,1332][1080,2340] mAttachedInsets=null mVisible=true mFlags= mSideHint=BOTTOM mBoundingRects=null}, InsetsSource: {27 mType=displayCutout mFrame=[0,0][1080,82] mAttachedInsets=null mVisible=true mFlags= mSideHint=TOP mBoundingRects=null}, InsetsSource: {4b5d0001 mType=navigationBars mFrame=[0,2205][1080,2340] mAttachedInsets=null mVisible=true mFlags= mSideHint=BOTTOM mBoundingRects=null}, InsetsSource: {4b5d0004 mType=systemGestures mFrame=[0,0][0,0] mAttachedInsets=null mVisible=true mFlags= mSideHint=NONE mBoundingRects=null}, InsetsSource: {4b5d0005 mType=mandatorySystemGestures mFrame=[0,2205][1080,2340] mAttachedInsets=null mVisible=true mFlags= mSideHint=BOTTOM mBoundingRects=null}, InsetsSource: {4b5d0006 mType=tappableElement mFrame=[0,2205][1080,2340] mAttachedInsets=null mVisible=true mFlags= mSideHint=BOTTOM mBoundingRects=null}, InsetsSource: {4b5d0024 mType=systemGestures mFrame=[0,0][0,0] mAttachedInsets=null mVisible=true mFlags= mSideHint=NONE mBoundingRects=null} }
10-02 15:25:34.758 19752 19752 D VRI[MainActivity]@ba2ccdd: WindowInsets changed: ime:[0,0,0,1008] 
10-02 15:25:34.759 19752 19752 I BLASTBufferQueue_Java: update, w= 1080 h= 2340 mName = VRI[MainActivity]@ba2ccdd mNativeObject= 0xb400007c57f142d0 sc.mNativeObject= 0xb400007ba7ee7d10 format= -1 caller= android.view.ViewRootImpl.updateBlastSurfaceIfNeeded:3592 android.view.ViewRootImpl.relayoutWindow:11813 android.view.ViewRootImpl.performTraversals:4840 android.view.ViewRootImpl.doTraversal:3959 android.view.ViewRootImpl$TraversalRunnable.run:13034 android.view.Choreographer$CallbackRecord.run:1961 
10-02 15:25:34.759 19752 19752 I VRI[MainActivity]@ba2ccdd: Relayout returned: old=(0,0,1080,2340) new=(0,0,1080,2340) relayoutAsync=true req=(1080,2340)0 dur=1 res=0x0 s={true 0xb400007b97f0de20} ch=false seqId=0
10-02 15:25:34.760 19752 19752 I VRI[MainActivity]@ba2ccdd: registerCallbackForPendingTransactions
10-02 15:25:34.762 19752 19977 I VRI[MainActivity]@ba2ccdd: mWNT: t=0xb400007b77f073c0 mBlastBufferQueue=0xb400007c57f142d0 fn= 167944 HdrRenderState mRenderHdrSdrRatio=1.0 caller= android.view.SyncRtSurfaceTransactionApplier.applyTransaction:102 android.view.SyncRtSurfaceTransactionApplier.lambda$scheduleApply$0:75 android.view.SyncRtSurfaceTransactionApplier.$r8$lambda$afI4fXg3U3-nBZQEDQMiNy-B06s:0 
10-02 15:25:34.762 19752 19977 I VRI[MainActivity]@ba2ccdd: mWNT: t=0xb400007b77fe1550 mBlastBufferQueue=0xb400007c57f142d0 fn= 167944 HdrRenderState mRenderHdrSdrRatio=1.0 caller= android.view.ViewRootImpl$10.onFrameDraw:6615 android.view.ViewRootImpl$4.onFrameDraw:2485 android.view.ThreadedRenderer$1.onFrameDraw:751 
10-02 15:25:34.767 19752 19978 I VRI[MainActivity]@ba2ccdd: mWNT: t=0xb400007b786cf740 mBlastBufferQueue=0xb400007c57f142d0 fn= 167945 HdrRenderState mRenderHdrSdrRatio=1.0 caller= android.view.SyncRtSurfaceTransactionApplier.applyTransaction:102 android.view.SyncRtSurfaceTransactionApplier.lambda$scheduleApply$0:75 android.view.SyncRtSurfaceTransactionApplier.$r8$lambda$afI4fXg3U3-nBZQEDQMiNy-B06s:0 
10-02 15:25:34.779 19752 19752 I View    : setRequestedFrameRate frameRate=-4.0, this=android.view.View{fcdbddb V.ED..... ........ 0,0-0,0}, caller=androidx.compose.ui.platform.Api35Impl.setRequestedFrameRate:4047 androidx.compose.ui.platform.AndroidComposeView.dispatchDraw:2282 android.view.View.draw:26758 android.view.View.updateDisplayListIfDirty:25577 android.view.View.draw:26477 
10-02 15:25:34.779 19752 19977 I VRI[MainActivity]@ba2ccdd: mWNT: t=0xb400007b786cee00 mBlastBufferQueue=0xb400007c57f142d0 fn= 167946 HdrRenderState mRenderHdrSdrRatio=1.0 caller= android.view.SyncRtSurfaceTransactionApplier.applyTransaction:102 android.view.SyncRtSurfaceTransactionApplier.lambda$scheduleApply$0:75 android.view.SyncRtSurfaceTransactionApplier.$r8$lambda$afI4fXg3U3-nBZQEDQMiNy-B06s:0 
10-02 15:25:34.787 19752 19978 I VRI[MainActivity]@ba2ccdd: mWNT: t=0xb400007b78674660 mBlastBufferQueue=0xb400007c57f142d0 fn= 167947 HdrRenderState mRenderHdrSdrRatio=1.0 caller= android.view.SyncRtSurfaceTransactionApplier.applyTransaction:102 android.view.SyncRtSurfaceTransactionApplier.lambda$scheduleApply$0:75 android.view.SyncRtSurfaceTransactionApplier.$r8$lambda$afI4fXg3U3-nBZQEDQMiNy-B06s:0 
10-02 15:25:34.797 19752 19977 I VRI[MainActivity]@ba2ccdd: mWNT: t=0xb400007b7865dff0 mBlastBufferQueue=0xb400007c57f142d0 fn= 167948 HdrRenderState mRenderHdrSdrRatio=1.0 caller= android.view.SyncRtSurfaceTransactionApplier.applyTransaction:102 android.view.SyncRtSurfaceTransactionApplier.lambda$scheduleApply$0:75 android.view.SyncRtSurfaceTransactionApplier.$r8$lambda$afI4fXg3U3-nBZQEDQMiNy-B06s:0 
10-02 15:25:34.804 19752 19978 I VRI[MainActivity]@ba2ccdd: mWNT: t=0xb400007b785aba50 mBlastBufferQueue=0xb400007c57f142d0 fn= 167949 HdrRenderState mRenderHdrSdrRatio=1.0 caller= android.view.SyncRtSurfaceTransactionApplier.applyTransaction:102 android.view.SyncRtSurfaceTransactionApplier.lambda$scheduleApply$0:75 android.view.SyncRtSurfaceTransactionApplier.$r8$lambda$afI4fXg3U3-nBZQEDQMiNy-B06s:0 
10-02 15:25:34.813 19752 19977 I VRI[MainActivity]@ba2ccdd: mWNT: t=0xb400007b786a4620 mBlastBufferQueue=0xb400007c57f142d0 fn= 167950 HdrRenderState mRenderHdrSdrRatio=1.0 caller= android.view.SyncRtSurfaceTransactionApplier.applyTransaction:102 android.view.SyncRtSurfaceTransactionApplier.lambda$scheduleApply$0:75 android.view.SyncRtSurfaceTransactionApplier.$r8$lambda$afI4fXg3U3-nBZQEDQMiNy-B06s:0 
10-02 15:25:34.821 19752 19978 I VRI[MainActivity]@ba2ccdd: mWNT: t=0xb400007b78695350 mBlastBufferQueue=0xb400007c57f142d0 fn= 167951 HdrRenderState mRenderHdrSdrRatio=1.0 caller= android.view.SyncRtSurfaceTransactionApplier.applyTransaction:102 android.view.SyncRtSurfaceTransactionApplier.lambda$scheduleApply$0:75 android.view.SyncRtSurfaceTransactionApplier.$r8$lambda$afI4fXg3U3-nBZQEDQMiNy-B06s:0 
10-02 15:25:34.829 19752 19977 I VRI[MainActivity]@ba2ccdd: mWNT: t=0xb400007b786b38f0 mBlastBufferQueue=0xb400007c57f142d0 fn= 167952 HdrRenderState mRenderHdrSdrRatio=1.0 caller= android.view.SyncRtSurfaceTransactionApplier.applyTransaction:102 android.view.SyncRtSurfaceTransactionApplier.lambda$scheduleApply$0:75 android.view.SyncRtSurfaceTransactionApplier.$r8$lambda$afI4fXg3U3-nBZQEDQMiNy-B06s:0 
10-02 15:25:34.838 19752 19978 I VRI[MainActivity]@ba2ccdd: mWNT: t=0xb400007b7869c250 mBlastBufferQueue=0xb400007c57f142d0 fn= 167953 HdrRenderState mRenderHdrSdrRatio=1.0 caller= android.view.SyncRtSurfaceTransactionApplier.applyTransaction:102 android.view.SyncRtSurfaceTransactionApplier.lambda$scheduleApply$0:75 android.view.SyncRtSurfaceTransactionApplier.$r8$lambda$afI4fXg3U3-nBZQEDQMiNy-B06s:0 
10-02 15:25:34.846 19752 19977 I VRI[MainActivity]@ba2ccdd: mWNT: t=0xb400007b786a00c0 mBlastBufferQueue=0xb400007c57f142d0 fn= 167954 HdrRenderState mRenderHdrSdrRatio=1.0 caller= android.view.SyncRtSurfaceTransactionApplier.applyTransaction:102 android.view.SyncRtSurfaceTransactionApplier.lambda$scheduleApply$0:75 android.view.SyncRtSurfaceTransactionApplier.$r8$lambda$afI4fXg3U3-nBZQEDQMiNy-B06s:0 
10-02 15:25:34.854 19752 19978 I VRI[MainActivity]@ba2ccdd: mWNT: t=0xb400007b7868cf80 mBlastBufferQueue=0xb400007c57f142d0 fn= 167955 HdrRenderState mRenderHdrSdrRatio=1.0 caller= android.view.SyncRtSurfaceTransactionApplier.applyTransaction:102 android.view.SyncRtSurfaceTransactionApplier.lambda$scheduleApply$0:75 android.view.SyncRtSurfaceTransactionApplier.$r8$lambda$afI4fXg3U3-nBZQEDQMiNy-B06s:0 
10-02 15:25:34.863 19752 19977 I VRI[MainActivity]@ba2ccdd: mWNT: t=0xb400007b77f0c950 mBlastBufferQueue=0xb400007c57f142d0 fn= 167956 HdrRenderState mRenderHdrSdrRatio=1.0 caller= android.view.SyncRtSurfaceTransactionApplier.applyTransaction:102 android.view.SyncRtSurfaceTransactionApplier.lambda$scheduleApply$0:75 android.view.SyncRtSurfaceTransactionApplier.$r8$lambda$afI4fXg3U3-nBZQEDQMiNy-B06s:0 
10-02 15:25:34.871 19752 19978 I VRI[MainActivity]@ba2ccdd: mWNT: t=0xb400007b786a2f00 mBlastBufferQueue=0xb400007c57f142d0 fn= 167957 HdrRenderState mRenderHdrSdrRatio=1.0 caller= android.view.SyncRtSurfaceTransactionApplier.applyTransaction:102 android.view.SyncRtSurfaceTransactionApplier.lambda$scheduleApply$0:75 android.view.SyncRtSurfaceTransactionApplier.$r8$lambda$afI4fXg3U3-nBZQEDQMiNy-B06s:0 
10-02 15:25:34.879 19752 19977 I VRI[MainActivity]@ba2ccdd: mWNT: t=0xb400007b786cd240 mBlastBufferQueue=0xb400007c57f142d0 fn= 167958 HdrRenderState mRenderHdrSdrRatio=1.0 caller= android.view.SyncRtSurfaceTransactionApplier.applyTransaction:102 android.view.SyncRtSurfaceTransactionApplier.lambda$scheduleApply$0:75 android.view.SyncRtSurfaceTransactionApplier.$r8$lambda$afI4fXg3U3-nBZQEDQMiNy-B06s:0 
10-02 15:25:34.888 19752 19978 I VRI[MainActivity]@ba2ccdd: mWNT: t=0xb400007b7866e9e0 mBlastBufferQueue=0xb400007c57f142d0 fn= 167959 HdrRenderState mRenderHdrSdrRatio=1.0 caller= android.view.SyncRtSurfaceTransactionApplier.applyTransaction:102 android.view.SyncRtSurfaceTransactionApplier.lambda$scheduleApply$0:75 android.view.SyncRtSurfaceTransactionApplier.$r8$lambda$afI4fXg3U3-nBZQEDQMiNy-B06s:0 
10-02 15:25:34.896 19752 19977 I VRI[MainActivity]@ba2ccdd: mWNT: t=0xb400007b786cbfc0 mBlastBufferQueue=0xb400007c57f142d0 fn= 167960 HdrRenderState mRenderHdrSdrRatio=1.0 caller= android.view.SyncRtSurfaceTransactionApplier.applyTransaction:102 android.view.SyncRtSurfaceTransactionApplier.lambda$scheduleApply$0:75 android.view.SyncRtSurfaceTransactionApplier.$r8$lambda$afI4fXg3U3-nBZQEDQMiNy-B06s:0 
10-02 15:25:34.904 19752 19978 I VRI[MainActivity]@ba2ccdd: mWNT: t=0xb400007b77fdfe30 mBlastBufferQueue=0xb400007c57f142d0 fn= 167961 HdrRenderState mRenderHdrSdrRatio=1.0 caller= android.view.SyncRtSurfaceTransactionApplier.applyTransaction:102 android.view.SyncRtSurfaceTransactionApplier.lambda$scheduleApply$0:75 android.view.SyncRtSurfaceTransactionApplier.$r8$lambda$afI4fXg3U3-nBZQEDQMiNy-B06s:0 
10-02 15:25:34.912 19752 19977 I VRI[MainActivity]@ba2ccdd: mWNT: t=0xb400007b786bf1f0 mBlastBufferQueue=0xb400007c57f142d0 fn= 167962 HdrRenderState mRenderHdrSdrRatio=1.0 caller= android.view.SyncRtSurfaceTransactionApplier.applyTransaction:102 android.view.SyncRtSurfaceTransactionApplier.lambda$scheduleApply$0:75 android.view.SyncRtSurfaceTransactionApplier.$r8$lambda$afI4fXg3U3-nBZQEDQMiNy-B06s:0 
10-02 15:25:34.921 19752 19978 I VRI[MainActivity]@ba2ccdd: mWNT: t=0xb400007b78657ed0 mBlastBufferQueue=0xb400007c57f142d0 fn= 167963 HdrRenderState mRenderHdrSdrRatio=1.0 caller= android.view.SyncRtSurfaceTransactionApplier.applyTransaction:102 android.view.SyncRtSurfaceTransactionApplier.lambda$scheduleApply$0:75 android.view.SyncRtSurfaceTransactionApplier.$r8$lambda$afI4fXg3U3-nBZQEDQMiNy-B06s:0 
10-02 15:25:34.929 19752 19977 I VRI[MainActivity]@ba2ccdd: mWNT: t=0xb400007b7869e2b0 mBlastBufferQueue=0xb400007c57f142d0 fn= 167964 HdrRenderState mRenderHdrSdrRatio=1.0 caller= android.view.SyncRtSurfaceTransactionApplier.applyTransaction:102 android.view.SyncRtSurfaceTransactionApplier.lambda$scheduleApply$0:75 android.view.SyncRtSurfaceTransactionApplier.$r8$lambda$afI4fXg3U3-nBZQEDQMiNy-B06s:0 
10-02 15:25:34.937 19752 19978 I VRI[MainActivity]@ba2ccdd: mWNT: t=0xb400007b786c9f60 mBlastBufferQueue=0xb400007c57f142d0 fn= 167965 HdrRenderState mRenderHdrSdrRatio=1.0 caller= android.view.SyncRtSurfaceTransactionApplier.applyTransaction:102 android.view.SyncRtSurfaceTransactionApplier.lambda$scheduleApply$0:75 android.view.SyncRtSurfaceTransactionApplier.$r8$lambda$afI4fXg3U3-nBZQEDQMiNy-B06s:0 
10-02 15:25:34.946 19752 19977 I VRI[MainActivity]@ba2ccdd: mWNT: t=0xb400007b7869dbc0 mBlastBufferQueue=0xb400007c57f142d0 fn= 167966 HdrRenderState mRenderHdrSdrRatio=1.0 caller= android.view.SyncRtSurfaceTransactionApplier.applyTransaction:102 android.view.SyncRtSurfaceTransactionApplier.lambda$scheduleApply$0:75 android.view.SyncRtSurfaceTransactionApplier.$r8$lambda$afI4fXg3U3-nBZQEDQMiNy-B06s:0 
10-02 15:25:34.954 19752 19978 I VRI[MainActivity]@ba2ccdd: mWNT: t=0xb400007b786a6d70 mBlastBufferQueue=0xb400007c57f142d0 fn= 167967 HdrRenderState mRenderHdrSdrRatio=1.0 caller= android.view.SyncRtSurfaceTransactionApplier.applyTransaction:102 android.view.SyncRtSurfaceTransactionApplier.lambda$scheduleApply$0:75 android.view.SyncRtSurfaceTransactionApplier.$r8$lambda$afI4fXg3U3-nBZQEDQMiNy-B06s:0 
10-02 15:25:34.962 19752 19977 I VRI[MainActivity]@ba2ccdd: mWNT: t=0xb400007b78680af0 mBlastBufferQueue=0xb400007c57f142d0 fn= 167968 HdrRenderState mRenderHdrSdrRatio=1.0 caller= android.view.SyncRtSurfaceTransactionApplier.applyTransaction:102 android.view.SyncRtSurfaceTransactionApplier.lambda$scheduleApply$0:75 android.view.SyncRtSurfaceTransactionApplier.$r8$lambda$afI4fXg3U3-nBZQEDQMiNy-B06s:0 
10-02 15:25:34.971 19752 19978 I VRI[MainActivity]@ba2ccdd: mWNT: t=0xb400007b7869ad80 mBlastBufferQueue=0xb400007c57f142d0 fn= 167969 HdrRenderState mRenderHdrSdrRatio=1.0 caller= android.view.SyncRtSurfaceTransactionApplier.applyTransaction:102 android.view.SyncRtSurfaceTransactionApplier.lambda$scheduleApply$0:75 android.view.SyncRtSurfaceTransactionApplier.$r8$lambda$afI4fXg3U3-nBZQEDQMiNy-B06s:0 
10-02 15:25:34.979 19752 19977 I VRI[MainActivity]@ba2ccdd: mWNT: t=0xb400007b7865a870 mBlastBufferQueue=0xb400007c57f142d0 fn= 167970 HdrRenderState mRenderHdrSdrRatio=1.0 caller= android.view.SyncRtSurfaceTransactionApplier.applyTransaction:102 android.view.SyncRtSurfaceTransactionApplier.lambda$scheduleApply$0:75 android.view.SyncRtSurfaceTransactionApplier.$r8$lambda$afI4fXg3U3-nBZQEDQMiNy-B06s:0 
10-02 15:25:34.988 19752 19978 I VRI[MainActivity]@ba2ccdd: mWNT: t=0xb400007b786d20e0 mBlastBufferQueue=0xb400007c57f142d0 fn= 167971 HdrRenderState mRenderHdrSdrRatio=1.0 caller= android.view.SyncRtSurfaceTransactionApplier.applyTransaction:102 android.view.SyncRtSurfaceTransactionApplier.lambda$scheduleApply$0:75 android.view.SyncRtSurfaceTransactionApplier.$r8$lambda$afI4fXg3U3-nBZQEDQMiNy-B06s:0 
10-02 15:25:34.996 19752 19977 I VRI[MainActivity]@ba2ccdd: mWNT: t=0xb400007b786b1ae0 mBlastBufferQueue=0xb400007c57f142d0 fn= 167972 HdrRenderState mRenderHdrSdrRatio=1.0 caller= android.view.SyncRtSurfaceTransactionApplier.applyTransaction:102 android.view.SyncRtSurfaceTransactionApplier.lambda$scheduleApply$0:75 android.view.SyncRtSurfaceTransactionApplier.$r8$lambda$afI4fXg3U3-nBZQEDQMiNy-B06s:0 
10-02 15:25:35.004 19752 19978 I VRI[MainActivity]@ba2ccdd: mWNT: t=0xb400007b78684270 mBlastBufferQueue=0xb400007c57f142d0 fn= 167973 HdrRenderState mRenderHdrSdrRatio=1.0 caller= android.view.SyncRtSurfaceTransactionApplier.applyTransaction:102 android.view.SyncRtSurfaceTransactionApplier.lambda$scheduleApply$0:75 android.view.SyncRtSurfaceTransactionApplier.$r8$lambda$afI4fXg3U3-nBZQEDQMiNy-B06s:0 
10-02 15:25:35.012 19752 19977 I VRI[MainActivity]@ba2ccdd: mWNT: t=0xb400007b7869d4d0 mBlastBufferQueue=0xb400007c57f142d0 fn= 167974 HdrRenderState mRenderHdrSdrRatio=1.0 caller= android.view.SyncRtSurfaceTransactionApplier.applyTransaction:102 android.view.SyncRtSurfaceTransactionApplier.lambda$scheduleApply$0:75 android.view.SyncRtSurfaceTransactionApplier.$r8$lambda$afI4fXg3U3-nBZQEDQMiNy-B06s:0 
10-02 15:25:35.020 19752 19978 I VRI[MainActivity]@ba2ccdd: mWNT: t=0xb400007b77f34790 mBlastBufferQueue=0xb400007c57f142d0 fn= 167975 HdrRenderState mRenderHdrSdrRatio=1.0 caller= android.view.SyncRtSurfaceTransactionApplier.applyTransaction:102 android.view.SyncRtSurfaceTransactionApplier.lambda$scheduleApply$0:75 android.view.SyncRtSurfaceTransactionApplier.$r8$lambda$afI4fXg3U3-nBZQEDQMiNy-B06s:0 
10-02 15:25:35.029 19752 19977 I VRI[MainActivity]@ba2ccdd: mWNT: t=0xb400007b78676b60 mBlastBufferQueue=0xb400007c57f142d0 fn= 167976 HdrRenderState mRenderHdrSdrRatio=1.0 caller= android.view.SyncRtSurfaceTransactionApplier.applyTransaction:102 android.view.SyncRtSurfaceTransactionApplier.lambda$scheduleApply$0:75 android.view.SyncRtSurfaceTransactionApplier.$r8$lambda$afI4fXg3U3-nBZQEDQMiNy-B06s:0 
10-02 15:25:35.037 19752 19978 I VRI[MainActivity]@ba2ccdd: mWNT: t=0xb400007b786a0ea0 mBlastBufferQueue=0xb400007c57f142d0 fn= 167977 HdrRenderState mRenderHdrSdrRatio=1.0 caller= android.view.SyncRtSurfaceTransactionApplier.applyTransaction:102 android.view.SyncRtSurfaceTransactionApplier.lambda$scheduleApply$0:75 android.view.SyncRtSurfaceTransactionApplier.$r8$lambda$afI4fXg3U3-nBZQEDQMiNy-B06s:0 
10-02 15:25:35.045 19752 19977 I VRI[MainActivity]@ba2ccdd: mWNT: t=0xb400007b786a0310 mBlastBufferQueue=0xb400007c57f142d0 fn= 167978 HdrRenderState mRenderHdrSdrRatio=1.0 caller= android.view.SyncRtSurfaceTransactionApplier.applyTransaction:102 android.view.SyncRtSurfaceTransactionApplier.lambda$scheduleApply$0:75 android.view.SyncRtSurfaceTransactionApplier.$r8$lambda$afI4fXg3U3-nBZQEDQMiNy-B06s:0 
10-02 15:25:35.055 19752 19978 I VRI[MainActivity]@ba2ccdd: mWNT: t=0xb400007b786991c0 mBlastBufferQueue=0xb400007c57f142d0 fn= 167979 HdrRenderState mRenderHdrSdrRatio=1.0 caller= android.view.SyncRtSurfaceTransactionApplier.applyTransaction:102 android.view.SyncRtSurfaceTransactionApplier.lambda$scheduleApply$0:75 android.view.SyncRtSurfaceTransactionApplier.$r8$lambda$afI4fXg3U3-nBZQEDQMiNy-B06s:0 
10-02 15:25:35.062 19752 19977 I VRI[MainActivity]@ba2ccdd: mWNT: t=0xb400007b785a8080 mBlastBufferQueue=0xb400007c57f142d0 fn= 167980 HdrRenderState mRenderHdrSdrRatio=1.0 caller= android.view.SyncRtSurfaceTransactionApplier.applyTransaction:102 android.view.SyncRtSurfaceTransactionApplier.lambda$scheduleApply$0:75 android.view.SyncRtSurfaceTransactionApplier.$r8$lambda$afI4fXg3U3-nBZQEDQMiNy-B06s:0 
10-02 15:25:35.071 19752 19978 I VRI[MainActivity]@ba2ccdd: mWNT: t=0xb400007b7869cb90 mBlastBufferQueue=0xb400007c57f142d0 fn= 167981 HdrRenderState mRenderHdrSdrRatio=1.0 caller= android.view.SyncRtSurfaceTransactionApplier.applyTransaction:102 android.view.SyncRtSurfaceTransactionApplier.lambda$scheduleApply$0:75 android.view.SyncRtSurfaceTransactionApplier.$r8$lambda$afI4fXg3U3-nBZQEDQMiNy-B06s:0 
10-02 15:25:35.080 19752 19977 I VRI[MainActivity]@ba2ccdd: mWNT: t=0xb400007b7869fe70 mBlastBufferQueue=0xb400007c57f142d0 fn= 167982 HdrRenderState mRenderHdrSdrRatio=1.0 caller= android.view.SyncRtSurfaceTransactionApplier.applyTransaction:102 android.view.SyncRtSurfaceTransactionApplier.lambda$scheduleApply$0:75 android.view.SyncRtSurfaceTransactionApplier.$r8$lambda$afI4fXg3U3-nBZQEDQMiNy-B06s:0 
10-02 15:25:35.088 19752 19978 I VRI[MainActivity]@ba2ccdd: mWNT: t=0xb400007b786b36a0 mBlastBufferQueue=0xb400007c57f142d0 fn= 167983 HdrRenderState mRenderHdrSdrRatio=1.0 caller= android.view.SyncRtSurfaceTransactionApplier.applyTransaction:102 android.view.SyncRtSurfaceTransactionApplier.lambda$scheduleApply$0:75 android.view.SyncRtSurfaceTransactionApplier.$r8$lambda$afI4fXg3U3-nBZQEDQMiNy-B06s:0 
10-02 15:25:35.096 19752 19977 I VRI[MainActivity]@ba2ccdd: mWNT: t=0xb400007b7865b650 mBlastBufferQueue=0xb400007c57f142d0 fn= 167984 HdrRenderState mRenderHdrSdrRatio=1.0 caller= android.view.SyncRtSurfaceTransactionApplier.applyTransaction:102 android.view.SyncRtSurfaceTransactionApplier.lambda$scheduleApply$0:75 android.view.SyncRtSurfaceTransactionApplier.$r8$lambda$afI4fXg3U3-nBZQEDQMiNy-B06s:0 
10-02 15:25:35.100 19752 19752 I View    : setRequestedFrameRate frameRate=NaN, this=android.view.View{fcdbddb V.ED..... ........ 0,0-0,0}, caller=androidx.compose.ui.platform.Api35Impl.setRequestedFrameRate:4047 androidx.compose.ui.platform.AndroidComposeView.dispatchDraw:2282 android.view.View.draw:26758 android.view.View.updateDisplayListIfDirty:25577 android.view.ViewGroup.recreateChildDisplayList:4881 
10-02 15:25:35.100 19752 19978 I VRI[MainActivity]@ba2ccdd: mWNT: t=0xb400007b7869c940 mBlastBufferQueue=0xb400007c57f142d0 fn= 167985 HdrRenderState mRenderHdrSdrRatio=1.0 caller= android.view.SyncRtSurfaceTransactionApplier.applyTransaction:102 android.view.SyncRtSurfaceTransactionApplier.lambda$scheduleApply$0:75 android.view.SyncRtSurfaceTransactionApplier.$r8$lambda$afI4fXg3U3-nBZQEDQMiNy-B06s:0 
10-02 15:25:35.113 19752 19752 I View    : setRequestedFrameRate frameRate=-4.0, this=android.view.View{fcdbddb V.ED..... ........ 0,0-0,0}, caller=androidx.compose.ui.platform.Api35Impl.setRequestedFrameRate:4047 androidx.compose.ui.platform.AndroidComposeView.dispatchDraw:2282 android.view.View.draw:26758 android.view.View.updateDisplayListIfDirty:25577 android.view.View.draw:26477 
10-02 15:25:35.114 19752 19977 I VRI[MainActivity]@ba2ccdd: mWNT: t=0xb400007b786b8540 mBlastBufferQueue=0xb400007c57f142d0 fn= 167986 HdrRenderState mRenderHdrSdrRatio=1.0 caller= android.view.SyncRtSurfaceTransactionApplier.applyTransaction:102 android.view.SyncRtSurfaceTransactionApplier.lambda$scheduleApply$0:75 android.view.SyncRtSurfaceTransactionApplier.$r8$lambda$afI4fXg3U3-nBZQEDQMiNy-B06s:0 
10-02 15:25:35.116 19752 19752 I ImeTracker: com.negi.survey.local:8c01e28e: onShown
10-02 15:25:35.121 19752 19978 I VRI[MainActivity]@ba2ccdd: mWNT: t=0xb400007b786758e0 mBlastBufferQueue=0xb400007c57f142d0 fn= 167987 HdrRenderState mRenderHdrSdrRatio=1.0 caller= android.view.SyncRtSurfaceTransactionApplier.applyTransaction:102 android.view.SyncRtSurfaceTransactionApplier.lambda$scheduleApply$0:75 android.view.SyncRtSurfaceTransactionApplier.$r8$lambda$afI4fXg3U3-nBZQEDQMiNy-B06s:0 
10-02 15:25:35.125 19752 19752 I View    : setRequestedFrameRate frameRate=NaN, this=android.view.View{fcdbddb V.ED..... ........ 0,0-0,0}, caller=androidx.compose.ui.platform.Api35Impl.setRequestedFrameRate:4047 androidx.compose.ui.platform.AndroidComposeView.dispatchDraw:2282 android.view.View.draw:26758 android.view.View.updateDisplayListIfDirty:25577 android.view.ViewGroup.recreateChildDisplayList:4881 
10-02 15:25:37.440 19752 19752 I VRI[MainActivity]@ba2ccdd: call setFrameRateCategory for touch hint category=no preference, reason=boost timeout, vri=VRI[MainActivity]@ba2ccdd
10-02 15:25:40.909 19752 19838 D InputTransport: Input channel destroyed: 'ClientS', fd=149
10-02 15:25:48.943 19752 19752 I VRI[MainActivity]@ba2ccdd: ViewPostIme pointer 0
10-02 15:25:48.945 19752 19752 I VRI[MainActivity]@ba2ccdd: call setFrameRateCategory for touch hint category=high hint, reason=touch, vri=VRI[MainActivity]@ba2ccdd
10-02 15:25:48.946 19752 19752 I VRI[MainActivity]@ba2ccdd: ViewPostIme pointer 1
10-02 15:25:48.955 19752 19752 D WhisperSpeechController: startRecording: requested
10-02 15:25:48.969 19752 19902 I WhisperEngine: [1][init:asset] Init start. assetCheckMs=3 lockWaitMs=0 prevKey=null newKey=asset:models/ggml-small-q5_1.bin bytes=n/a thread=DefaultDispatcher-worker-2
10-02 15:25:48.970 19752 19902 D WhisperEngine: [1][init:asset] mem: javaUsed=17.07MB javaTotal=31.93MB javaMax=256.00MB nativeAllocated=395.01MB
10-02 15:25:48.970 19752 19902 I WhisperEngine: [1][init:asset] Creating WhisperContext from assets/models/ggml-small-q5_1.bin
10-02 15:25:48.993 19752 19902 D nativeloader: Load /data/app/~~hI5k79Z5_HoUW1KypCISBw==/com.negi.survey.local-pLPE6CNwwl5c2Td-MUyaqQ==/base.apk!/lib/arm64-v8a/libwhisper_v8fp16_va.so using class loader ns clns-9 (caller=/data/app/~~hI5k79Z5_HoUW1KypCISBw==/com.negi.survey.local-pLPE6CNwwl5c2Td-MUyaqQ==/base.apk!classes3.dex): ok
10-02 15:25:48.993 19752 19902 I JNI-Whisper: JNI_OnLoad(): Whisper JNI initialized (JNI v1.6)
10-02 15:25:48.993 19752 19902 I WhisperJNI: Loaded libwhisper_v8fp16_va.so (ABI=arm64-v8a fp16=true vfpv4=false)
10-02 15:25:48.994 19752 19902 I JNI-Whisper: Loading Whisper model from Asset: models/ggml-small-q5_1.bin
10-02 15:25:48.997 19752 19752 I View    : setRequestedFrameRate frameRate=-4.0, this=android.view.View{fcdbddb V.ED..... ........ 0,0-0,0}, caller=androidx.compose.ui.platform.Api35Impl.setRequestedFrameRate:4047 androidx.compose.ui.platform.AndroidComposeView.dispatchDraw:2282 android.view.View.draw:26758 android.view.View.updateDisplayListIfDirty:25577 android.view.ViewGroup.recreateChildDisplayList:4881 
10-02 15:25:48.997 19752 19752 D InsetsController: hide(ime())
10-02 15:25:48.997 19752 19752 I ImeTracker: com.negi.survey.local:341a8af2: onRequestHide at ORIGIN_CLIENT reason HIDE_SOFT_INPUT_BY_INSETS_API fromUser false
10-02 15:25:48.998 19752 19752 D WindowOnBackDispatcher: setTopOnBackInvokedCallback (unwrapped): androidx.navigationevent.OnBackInvokedInput$createOnBackAnimationCallback$1@d90ad5
10-02 15:25:48.998 19752 19752 D InsetsController: Setting requestedVisibleTypes to 503 (was 511)
10-02 15:25:48.998 19752 19752 I InsetsController: setRequestedVisibleTypes: visible=false, mask=ime, host=com.negi.survey.local/com.negi.survey.MainActivity, from=android.view.InsetsController.controlAnimationUnchecked:1646 android.view.InsetsController.applyAnimation:2278 android.view.InsetsController.applyAnimation:2207 android.view.InsetsController.hide:1581 android.view.InsetsController.hide:1521 androidx.core.view.SoftwareKeyboardControllerCompat$Impl30.hide:222 androidx.core.view.SoftwareKeyboardControllerCompat.hide:80 androidx.compose.ui.text.input.InputMethodManagerImpl.hideSoftInput:85 androidx.compose.ui.text.input.TextInputServiceAndroid.setKeyboardVisibleImmediately:470 androidx.compose.ui.text.input.TextInputServiceAndroid.processInputCommands:352 
10-02 15:25:48.998 19752 19752 D InputMethodManagerUtils: startInputInner - Id : 0
10-02 15:25:48.998 19752 19752 I InputMethodManager: startInputInner - IInputMethodManagerGlobalInvoker.startInputOrWindowGainedFocus
10-02 15:25:48.999 19752 19752 D AiScreen: Speech started (node=Q9 role=MAIN)
10-02 15:25:49.005 19752 19752 D VRI[MainActivity]@ba2ccdd: WindowInsets changed: ime:null 
10-02 15:25:49.006 19752 19752 I BLASTBufferQueue_Java: update, w= 1080 h= 2340 mName = VRI[MainActivity]@ba2ccdd mNativeObject= 0xb400007c57f142d0 sc.mNativeObject= 0xb400007ba7ee7d10 format= -1 caller= android.view.ViewRootImpl.updateBlastSurfaceIfNeeded:3592 android.view.ViewRootImpl.relayoutWindow:11813 android.view.ViewRootImpl.performTraversals:4840 android.view.ViewRootImpl.doTraversal:3959 android.view.ViewRootImpl$TraversalRunnable.run:13034 android.view.Choreographer$CallbackRecord.run:1961 
10-02 15:25:49.006 19752 19752 I VRI[MainActivity]@ba2ccdd: Relayout returned: old=(0,0,1080,2340) new=(0,0,1080,2340) relayoutAsync=true req=(1080,2340)0 dur=1 res=0x0 s={true 0xb400007b97f0de20} ch=false seqId=0
10-02 15:25:49.006 19752 19851 D InputTransport: Input channel constructed: 'ClientS', fd=154
10-02 15:25:49.007 19752 19752 I VRI[MainActivity]@ba2ccdd: registerCallbackForPendingTransactions
10-02 15:25:49.008 19752 19752 I View    : setRequestedFrameRate frameRate=NaN, this=android.view.View{fcdbddb V.ED..... ........ 0,0-0,0}, caller=androidx.compose.ui.platform.Api35Impl.setRequestedFrameRate:4047 androidx.compose.ui.platform.AndroidComposeView.dispatchDraw:2282 android.view.View.draw:26758 android.view.View.updateDisplayListIfDirty:25577 android.view.ViewGroup.recreateChildDisplayList:4881 
10-02 15:25:49.009 19752 19977 I VRI[MainActivity]@ba2ccdd: mWNT: t=0xb400007b7869d030 mBlastBufferQueue=0xb400007c57f142d0 fn= 168960 HdrRenderState mRenderHdrSdrRatio=1.0 caller= android.view.SyncRtSurfaceTransactionApplier.applyTransaction:102 android.view.SyncRtSurfaceTransactionApplier.lambda$scheduleApply$0:75 android.view.SyncRtSurfaceTransactionApplier.$r8$lambda$afI4fXg3U3-nBZQEDQMiNy-B06s:0 
10-02 15:25:49.009 19752 19977 I VRI[MainActivity]@ba2ccdd: mWNT: t=0xb400007b7867d5c0 mBlastBufferQueue=0xb400007c57f142d0 fn= 168960 HdrRenderState mRenderHdrSdrRatio=1.0 caller= android.view.ViewRootImpl$10.onFrameDraw:6615 android.view.ViewRootImpl$4.onFrameDraw:2485 android.view.ThreadedRenderer$1.onFrameDraw:751 
10-02 15:25:49.013 19752 19978 I VRI[MainActivity]@ba2ccdd: mWNT: t=0xb400007b786c60f0 mBlastBufferQueue=0xb400007c57f142d0 fn= 168960 HdrRenderState mRenderHdrSdrRatio=1.0 caller= android.view.SyncRtSurfaceTransactionApplier.applyTransaction:102 android.view.SyncRtSurfaceTransactionApplier.lambda$scheduleApply$0:75 android.view.SyncRtSurfaceTransactionApplier.$r8$lambda$afI4fXg3U3-nBZQEDQMiNy-B06s:0 
10-02 15:25:49.014 19752 19752 I InsetsController: onStateChanged: host=com.negi.survey.local/com.negi.survey.MainActivity, from=android.view.ViewRootImpl.onInsetsStateChanged:3038, state=InsetsState: {mDisplayFrame=Rect(0, 0 - 1080, 2340), mDisplayCutout=DisplayCutout{insets=Rect(0, 82 - 0, 0) waterfall=Insets{left=0, top=0, right=0, bottom=0} boundingRect={Bounds=[Rect(0, 0 - 0, 0), Rect(511, 24 - 569, 82), Rect(0, 0 - 0, 0), Rect(0, 0 - 0, 0)]} cutoutPathParserInfo={CutoutPathParserInfo{displayWidth=1080 displayHeight=2340 physicalDisplayWidth=1080 physicalDisplayHeight=2340 density={2.8125} cutoutSpec={M 0,0 M 0, 8.533333333333333 a 10.31111111111111,10.31111111111111 0 1,0 0,20.62222222222222 a 10.31111111111111,10.31111111111111 0 1,0 0,-20.62222222222222 Z @dp} rotation={0} scale={1.0} physicalPixelDisplaySizeRatio={1.0}}} sideOverrides={}}, mRoundedCorners=RoundedCorners{[RoundedCorner{position=TopLeft, radius=113, center=Point(113, 113)}, RoundedCorner{position=TopRight, radius=113, center=Point(967, 113)}, RoundedCorner{position=BottomRight, radius=113, center=Point(967, 2227)}, RoundedCorner{position=BottomLeft, radius=113, center=Point(113, 2227)}]}  mRoundedCornerFrame=Rect(0, 0 - 1080, 2340), mPrivacyIndicatorBounds=PrivacyIndicatorBounds {static bounds=Rect(956, 0 - 1080, 97) rotation=0}, mDisplayShape=DisplayShape{ spec=-311912193 displayWidth=1080 displayHeight=2340 physicalPixelDisplaySizeRatio=1.0 rotation=0 offsetX=0 offsetY=0 scale=1.0}, mSources= { InsetsSource: {d29a0000 mType=statusBars mFrame=[0,0][1080,97] mAttachedInsets=null mVisible=true mFlags= mSideHint=TOP mBoundingRects=null}, InsetsSource: {d29a0005 mType=mandatorySystemGestures mFrame=[0,0][1080,116] mAttachedInsets=null mVisible=true mFlags= mSideHint=TOP mBoundingRects=null}, InsetsSource: {d29a0006 mType=tappableElement mFrame=[0,0][1080,97] mAttachedInsets=null mVisible=true mFlags= mSideHint=TOP mBoundingRects=null}, InsetsSource: {3 mType=ime mFrame=[0,1332][1080,2340] mAttachedInsets=null mVisible=false mFlags= mSideHint=BOTTOM mBoundingRects=null}, InsetsSource: {27 mType=displayCutout mFrame=[0,0][1080,82] mAttachedInsets=null mVisible=true mFlags= mSideHint=TOP mBoundingRects=null}, InsetsSource: {4b5d0001 mType=navigationBars mFrame=[0,2205][1080,2340] mAttachedInsets=null mVisible=true mFlags= mSideHint=BOTTOM mBoundingRects=null}, InsetsSource: {4b5d0004 mType=systemGestures mFrame=[0,0][0,0] mAttachedInsets=null mVisible=true mFlags= mSideHint=NONE mBoundingRects=null}, InsetsSource: {4b5d0005 mType=mandatorySystemGestures mFrame=[0,2205][1080,2340] mAttachedInsets=null mVisible=true mFlags= mSideHint=BOTTOM mBoundingRects=null}, InsetsSource: {4b5d0006 mType=tappableElement mFrame=[0,2205][1080,2340] mAttachedInsets=null mVisible=true mFlags= mSideHint=BOTTOM mBoundingRects=null}, InsetsSource: {4b5d0024 mType=systemGestures mFrame=[0,0][0,0] mAttachedInsets=null mVisible=true mFlags= mSideHint=NONE mBoundingRects=null} }
10-02 15:25:49.014 19752 19752 I VRI[MainActivity]@ba2ccdd: handleResized, frames=ClientWindowFrames{frame=[0,0][1080,2340] display=[0,0][1080,2340] parentFrame=[0,0][0,0]} displayId=0 dragResizing=false compatScale=1.0 frameChanged=false attachedFrameChanged=false configChanged=false displayChanged=false compatScaleChanged=false dragResizingChanged=false
10-02 15:25:49.021 19752 19752 I View    : setRequestedFrameRate frameRate=-4.0, this=android.view.View{fcdbddb V.ED..... ........ 0,0-0,0}, caller=androidx.compose.ui.platform.Api35Impl.setRequestedFrameRate:4047 androidx.compose.ui.platform.AndroidComposeView.dispatchDraw:2282 android.view.View.draw:26758 android.view.View.updateDisplayListIfDirty:25577 android.view.View.draw:26477 
10-02 15:25:49.021 19752 19977 I VRI[MainActivity]@ba2ccdd: mWNT: t=0xb400007b78676220 mBlastBufferQueue=0xb400007c57f142d0 fn= 168960 HdrRenderState mRenderHdrSdrRatio=1.0 caller= android.view.SyncRtSurfaceTransactionApplier.applyTransaction:102 android.view.SyncRtSurfaceTransactionApplier.lambda$scheduleApply$0:75 android.view.SyncRtSurfaceTransactionApplier.$r8$lambda$afI4fXg3U3-nBZQEDQMiNy-B06s:0 
10-02 15:25:49.028 19752 19978 I VRI[MainActivity]@ba2ccdd: mWNT: t=0xb400007b786a2810 mBlastBufferQueue=0xb400007c57f142d0 fn= 168961 HdrRenderState mRenderHdrSdrRatio=1.0 caller= android.view.SyncRtSurfaceTransactionApplier.applyTransaction:102 android.view.SyncRtSurfaceTransactionApplier.lambda$scheduleApply$0:75 android.view.SyncRtSurfaceTransactionApplier.$r8$lambda$afI4fXg3U3-nBZQEDQMiNy-B06s:0 
10-02 15:25:49.028 19752 19752 I InsetsSourceConsumer: applyRequestedVisibilityToControl: visible=true, type=navigationBars, host=com.negi.survey.local/com.negi.survey.MainActivity
10-02 15:25:49.028 19752 19752 I ImeTracker: system_server:919e4293: onCancelled at PHASE_CLIENT_ON_CONTROLS_CHANGED
10-02 15:25:49.037 19752 19977 I VRI[MainActivity]@ba2ccdd: mWNT: t=0xb400007b7869b910 mBlastBufferQueue=0xb400007c57f142d0 fn= 168962 HdrRenderState mRenderHdrSdrRatio=1.0 caller= android.view.SyncRtSurfaceTransactionApplier.applyTransaction:102 android.view.SyncRtSurfaceTransactionApplier.lambda$scheduleApply$0:75 android.view.SyncRtSurfaceTransactionApplier.$r8$lambda$afI4fXg3U3-nBZQEDQMiNy-B06s:0 
10-02 15:25:49.048 19752 19978 I VRI[MainActivity]@ba2ccdd: mWNT: t=0xb400007b7869e500 mBlastBufferQueue=0xb400007c57f142d0 fn= 168964 HdrRenderState mRenderHdrSdrRatio=1.0 caller= android.view.SyncRtSurfaceTransactionApplier.applyTransaction:102 android.view.SyncRtSurfaceTransactionApplier.lambda$scheduleApply$0:75 android.view.SyncRtSurfaceTransactionApplier.$r8$lambda$afI4fXg3U3-nBZQEDQMiNy-B06s:0 
10-02 15:25:49.052 19752 19977 I VRI[MainActivity]@ba2ccdd: mWNT: t=0xb400007b786a2f00 mBlastBufferQueue=0xb400007c57f142d0 fn= 168964 HdrRenderState mRenderHdrSdrRatio=1.0 caller= android.view.SyncRtSurfaceTransactionApplier.applyTransaction:102 android.view.SyncRtSurfaceTransactionApplier.lambda$scheduleApply$0:75 android.view.SyncRtSurfaceTransactionApplier.$r8$lambda$afI4fXg3U3-nBZQEDQMiNy-B06s:0 
10-02 15:25:49.061 19752 19978 I VRI[MainActivity]@ba2ccdd: mWNT: t=0xb400007b786808a0 mBlastBufferQueue=0xb400007c57f142d0 fn= 168965 HdrRenderState mRenderHdrSdrRatio=1.0 caller= android.view.SyncRtSurfaceTransactionApplier.applyTransaction:102 android.view.SyncRtSurfaceTransactionApplier.lambda$scheduleApply$0:75 android.view.SyncRtSurfaceTransactionApplier.$r8$lambda$afI4fXg3U3-nBZQEDQMiNy-B06s:0 
10-02 15:25:49.069 19752 19977 I VRI[MainActivity]@ba2ccdd: mWNT: t=0xb400007b786a3f30 mBlastBufferQueue=0xb400007c57f142d0 fn= 168966 HdrRenderState mRenderHdrSdrRatio=1.0 caller= android.view.SyncRtSurfaceTransactionApplier.applyTransaction:102 android.view.SyncRtSurfaceTransactionApplier.lambda$scheduleApply$0:75 android.view.SyncRtSurfaceTransactionApplier.$r8$lambda$afI4fXg3U3-nBZQEDQMiNy-B06s:0 
10-02 15:25:49.077 19752 19978 I VRI[MainActivity]@ba2ccdd: mWNT: t=0xb400007b786cf050 mBlastBufferQueue=0xb400007c57f142d0 fn= 168967 HdrRenderState mRenderHdrSdrRatio=1.0 caller= android.view.SyncRtSurfaceTransactionApplier.applyTransaction:102 android.view.SyncRtSurfaceTransactionApplier.lambda$scheduleApply$0:75 android.view.SyncRtSurfaceTransactionApplier.$r8$lambda$afI4fXg3U3-nBZQEDQMiNy-B06s:0 
10-02 15:25:49.086 19752 19977 I VRI[MainActivity]@ba2ccdd: mWNT: t=0xb400007b786758e0 mBlastBufferQueue=0xb400007c57f142d0 fn= 168968 HdrRenderState mRenderHdrSdrRatio=1.0 caller= android.view.SyncRtSurfaceTransactionApplier.applyTransaction:102 android.view.SyncRtSurfaceTransactionApplier.lambda$scheduleApply$0:75 android.view.SyncRtSurfaceTransactionApplier.$r8$lambda$afI4fXg3U3-nBZQEDQMiNy-B06s:0 
10-02 15:25:49.094 19752 19978 I VRI[MainActivity]@ba2ccdd: mWNT: t=0xb400007b77fdfe30 mBlastBufferQueue=0xb400007c57f142d0 fn= 168969 HdrRenderState mRenderHdrSdrRatio=1.0 caller= android.view.SyncRtSurfaceTransactionApplier.applyTransaction:102 android.view.SyncRtSurfaceTransactionApplier.lambda$scheduleApply$0:75 android.view.SyncRtSurfaceTransactionApplier.$r8$lambda$afI4fXg3U3-nBZQEDQMiNy-B06s:0 
10-02 15:25:49.102 19752 19977 I VRI[MainActivity]@ba2ccdd: mWNT: t=0xb400007b786cbfc0 mBlastBufferQueue=0xb400007c57f142d0 fn= 168970 HdrRenderState mRenderHdrSdrRatio=1.0 caller= android.view.SyncRtSurfaceTransactionApplier.applyTransaction:102 android.view.SyncRtSurfaceTransactionApplier.lambda$scheduleApply$0:75 android.view.SyncRtSurfaceTransactionApplier.$r8$lambda$afI4fXg3U3-nBZQEDQMiNy-B06s:0 
10-02 15:25:49.111 19752 19978 I VRI[MainActivity]@ba2ccdd: mWNT: t=0xb400007b786cf740 mBlastBufferQueue=0xb400007c57f142d0 fn= 168971 HdrRenderState mRenderHdrSdrRatio=1.0 caller= android.view.SyncRtSurfaceTransactionApplier.applyTransaction:102 android.view.SyncRtSurfaceTransactionApplier.lambda$scheduleApply$0:75 android.view.SyncRtSurfaceTransactionApplier.$r8$lambda$afI4fXg3U3-nBZQEDQMiNy-B06s:0 
10-02 15:25:49.119 19752 19977 I VRI[MainActivity]@ba2ccdd: mWNT: t=0xb400007b786a3a90 mBlastBufferQueue=0xb400007c57f142d0 fn= 168972 HdrRenderState mRenderHdrSdrRatio=1.0 caller= android.view.SyncRtSurfaceTransactionApplier.applyTransaction:102 android.view.SyncRtSurfaceTransactionApplier.lambda$scheduleApply$0:75 android.view.SyncRtSurfaceTransactionApplier.$r8$lambda$afI4fXg3U3-nBZQEDQMiNy-B06s:0 
10-02 15:25:49.128 19752 19978 I VRI[MainActivity]@ba2ccdd: mWNT: t=0xb400007b78679750 mBlastBufferQueue=0xb400007c57f142d0 fn= 168973 HdrRenderState mRenderHdrSdrRatio=1.0 caller= android.view.SyncRtSurfaceTransactionApplier.applyTransaction:102 android.view.SyncRtSurfaceTransactionApplier.lambda$scheduleApply$0:75 android.view.SyncRtSurfaceTransactionApplier.$r8$lambda$afI4fXg3U3-nBZQEDQMiNy-B06s:0 
10-02 15:25:49.144 19752 19977 I VRI[MainActivity]@ba2ccdd: mWNT: t=0xb400007b7865c680 mBlastBufferQueue=0xb400007c57f142d0 fn= 168975 HdrRenderState mRenderHdrSdrRatio=1.0 caller= android.view.SyncRtSurfaceTransactionApplier.applyTransaction:102 android.view.SyncRtSurfaceTransactionApplier.lambda$scheduleApply$0:75 android.view.SyncRtSurfaceTransactionApplier.$r8$lambda$afI4fXg3U3-nBZQEDQMiNy-B06s:0 
10-02 15:25:49.145 19752 19838 D InputTransport: Input channel destroyed: 'ClientS', fd=154
10-02 15:25:49.150 19752 19978 I VRI[MainActivity]@ba2ccdd: mWNT: t=0xb400007b7869e9a0 mBlastBufferQueue=0xb400007c57f142d0 fn= 168976 HdrRenderState mRenderHdrSdrRatio=1.0 caller= android.view.SyncRtSurfaceTransactionApplier.applyTransaction:102 android.view.SyncRtSurfaceTransactionApplier.lambda$scheduleApply$0:75 android.view.SyncRtSurfaceTransactionApplier.$r8$lambda$afI4fXg3U3-nBZQEDQMiNy-B06s:0 
10-02 15:25:49.155 19752 19977 I VRI[MainActivity]@ba2ccdd: mWNT: t=0xb400007b7869ee40 mBlastBufferQueue=0xb400007c57f142d0 fn= 168976 HdrRenderState mRenderHdrSdrRatio=1.0 caller= android.view.SyncRtSurfaceTransactionApplier.applyTransaction:102 android.view.SyncRtSurfaceTransactionApplier.lambda$scheduleApply$0:75 android.view.SyncRtSurfaceTransactionApplier.$r8$lambda$afI4fXg3U3-nBZQEDQMiNy-B06s:0 
10-02 15:25:49.160 19752 19978 I VRI[MainActivity]@ba2ccdd: mWNT: t=0xb400007b786b38f0 mBlastBufferQueue=0xb400007c57f142d0 fn= 168976 HdrRenderState mRenderHdrSdrRatio=1.0 caller= android.view.SyncRtSurfaceTransactionApplier.applyTransaction:102 android.view.SyncRtSurfaceTransactionApplier.lambda$scheduleApply$0:75 android.view.SyncRtSurfaceTransactionApplier.$r8$lambda$afI4fXg3U3-nBZQEDQMiNy-B06s:0 
10-02 15:25:49.168 19752 19977 I VRI[MainActivity]@ba2ccdd: mWNT: t=0xb400007b78680af0 mBlastBufferQueue=0xb400007c57f142d0 fn= 168977 HdrRenderState mRenderHdrSdrRatio=1.0 caller= android.view.SyncRtSurfaceTransactionApplier.applyTransaction:102 android.view.SyncRtSurfaceTransactionApplier.lambda$scheduleApply$0:75 android.view.SyncRtSurfaceTransactionApplier.$r8$lambda$afI4fXg3U3-nBZQEDQMiNy-B06s:0 
10-02 15:25:49.176 19752 19978 I VRI[MainActivity]@ba2ccdd: mWNT: t=0xb400007b786e56c0 mBlastBufferQueue=0xb400007c57f142d0 fn= 168978 HdrRenderState mRenderHdrSdrRatio=1.0 caller= android.view.SyncRtSurfaceTransactionApplier.applyTransaction:102 android.view.SyncRtSurfaceTransactionApplier.lambda$scheduleApply$0:75 android.view.SyncRtSurfaceTransactionApplier.$r8$lambda$afI4fXg3U3-nBZQEDQMiNy-B06s:0 
10-02 15:25:49.183 19752 19977 I VRI[MainActivity]@ba2ccdd: mWNT: t=0xb400007b7869c250 mBlastBufferQueue=0xb400007c57f142d0 fn= 168979 HdrRenderState mRenderHdrSdrRatio=1.0 caller= android.view.SyncRtSurfaceTransactionApplier.applyTransaction:102 android.view.SyncRtSurfaceTransactionApplier.lambda$scheduleApply$0:75 android.view.SyncRtSurfaceTransactionApplier.$r8$lambda$afI4fXg3U3-nBZQEDQMiNy-B06s:0 
10-02 15:25:49.192 19752 19978 I VRI[MainActivity]@ba2ccdd: mWNT: t=0xb400007b786b90d0 mBlastBufferQueue=0xb400007c57f142d0 fn= 168980 HdrRenderState mRenderHdrSdrRatio=1.0 caller= android.view.SyncRtSurfaceTransactionApplier.applyTransaction:102 android.view.SyncRtSurfaceTransactionApplier.lambda$scheduleApply$0:75 android.view.SyncRtSurfaceTransactionApplier.$r8$lambda$afI4fXg3U3-nBZQEDQMiNy-B06s:0 
10-02 15:25:49.200 19752 19977 I VRI[MainActivity]@ba2ccdd: mWNT: t=0xb400007b77f0c950 mBlastBufferQueue=0xb400007c57f142d0 fn= 168981 HdrRenderState mRenderHdrSdrRatio=1.0 caller= android.view.SyncRtSurfaceTransactionApplier.applyTransaction:102 android.view.SyncRtSurfaceTransactionApplier.lambda$scheduleApply$0:75 android.view.SyncRtSurfaceTransactionApplier.$r8$lambda$afI4fXg3U3-nBZQEDQMiNy-B06s:0 
10-02 15:25:49.208 19752 19978 I VRI[MainActivity]@ba2ccdd: mWNT: t=0xb400007b786aeef0 mBlastBufferQueue=0xb400007c57f142d0 fn= 168982 HdrRenderState mRenderHdrSdrRatio=1.0 caller= android.view.SyncRtSurfaceTransactionApplier.applyTransaction:102 android.view.SyncRtSurfaceTransactionApplier.lambda$scheduleApply$0:75 android.view.SyncRtSurfaceTransactionApplier.$r8$lambda$afI4fXg3U3-nBZQEDQMiNy-B06s:0 
10-02 15:25:49.218 19752 19977 I VRI[MainActivity]@ba2ccdd: mWNT: t=0xb400007b786836e0 mBlastBufferQueue=0xb400007c57f142d0 fn= 168983 HdrRenderState mRenderHdrSdrRatio=1.0 caller= android.view.SyncRtSurfaceTransactionApplier.applyTransaction:102 android.view.SyncRtSurfaceTransactionApplier.lambda$scheduleApply$0:75 android.view.SyncRtSurfaceTransactionApplier.$r8$lambda$afI4fXg3U3-nBZQEDQMiNy-B06s:0 
10-02 15:25:49.226 19752 19978 I VRI[MainActivity]@ba2ccdd: mWNT: t=0xb400007b7867c7e0 mBlastBufferQueue=0xb400007c57f142d0 fn= 168984 HdrRenderState mRenderHdrSdrRatio=1.0 caller= android.view.SyncRtSurfaceTransactionApplier.applyTransaction:102 android.view.SyncRtSurfaceTransactionApplier.lambda$scheduleApply$0:75 android.view.SyncRtSurfaceTransactionApplier.$r8$lambda$afI4fXg3U3-nBZQEDQMiNy-B06s:0 
10-02 15:25:49.234 19752 19977 I VRI[MainActivity]@ba2ccdd: mWNT: t=0xb400007b785aba50 mBlastBufferQueue=0xb400007c57f142d0 fn= 168985 HdrRenderState mRenderHdrSdrRatio=1.0 caller= android.view.SyncRtSurfaceTransactionApplier.applyTransaction:102 android.view.SyncRtSurfaceTransactionApplier.lambda$scheduleApply$0:75 android.view.SyncRtSurfaceTransactionApplier.$r8$lambda$afI4fXg3U3-nBZQEDQMiNy-B06s:0 
10-02 15:25:49.242 19752 19978 I VRI[MainActivity]@ba2ccdd: mWNT: t=0xb400007b78696a70 mBlastBufferQueue=0xb400007c57f142d0 fn= 168986 HdrRenderState mRenderHdrSdrRatio=1.0 caller= android.view.SyncRtSurfaceTransactionApplier.applyTransaction:102 android.view.SyncRtSurfaceTransactionApplier.lambda$scheduleApply$0:75 android.view.SyncRtSurfaceTransactionApplier.$r8$lambda$afI4fXg3U3-nBZQEDQMiNy-B06s:0 
10-02 15:25:49.251 19752 19977 I VRI[MainActivity]@ba2ccdd: mWNT: t=0xb400007b7869cb90 mBlastBufferQueue=0xb400007c57f142d0 fn= 168987 HdrRenderState mRenderHdrSdrRatio=1.0 caller= android.view.SyncRtSurfaceTransactionApplier.applyTransaction:102 android.view.SyncRtSurfaceTransactionApplier.lambda$scheduleApply$0:75 android.view.SyncRtSurfaceTransactionApplier.$r8$lambda$afI4fXg3U3-nBZQEDQMiNy-B06s:0 
10-02 15:25:49.259 19752 19978 I VRI[MainActivity]@ba2ccdd: mWNT: t=0xb400007b786a6d70 mBlastBufferQueue=0xb400007c57f142d0 fn= 168988 HdrRenderState mRenderHdrSdrRatio=1.0 caller= android.view.SyncRtSurfaceTransactionApplier.applyTransaction:102 android.view.SyncRtSurfaceTransactionApplier.lambda$scheduleApply$0:75 android.view.SyncRtSurfaceTransactionApplier.$r8$lambda$afI4fXg3U3-nBZQEDQMiNy-B06s:0 
10-02 15:25:49.268 19752 19977 I VRI[MainActivity]@ba2ccdd: mWNT: t=0xb400007b786c4c20 mBlastBufferQueue=0xb400007c57f142d0 fn= 168989 HdrRenderState mRenderHdrSdrRatio=1.0 caller= android.view.SyncRtSurfaceTransactionApplier.applyTransaction:102 android.view.SyncRtSurfaceTransactionApplier.lambda$scheduleApply$0:75 android.view.SyncRtSurfaceTransactionApplier.$r8$lambda$afI4fXg3U3-nBZQEDQMiNy-B06s:0 
10-02 15:25:49.275 19752 19978 I VRI[MainActivity]@ba2ccdd: mWNT: t=0xb400007b7869dbc0 mBlastBufferQueue=0xb400007c57f142d0 fn= 168990 HdrRenderState mRenderHdrSdrRatio=1.0 caller= android.view.SyncRtSurfaceTransactionApplier.applyTransaction:102 android.view.SyncRtSurfaceTransactionApplier.lambda$scheduleApply$0:75 android.view.SyncRtSurfaceTransactionApplier.$r8$lambda$afI4fXg3U3-nBZQEDQMiNy-B06s:0 
10-02 15:25:49.284 19752 19977 I VRI[MainActivity]@ba2ccdd: mWNT: t=0xb400007b786a4180 mBlastBufferQueue=0xb400007c57f142d0 fn= 168991 HdrRenderState mRenderHdrSdrRatio=1.0 caller= android.view.SyncRtSurfaceTransactionApplier.applyTransaction:102 android.view.SyncRtSurfaceTransactionApplier.lambda$scheduleApply$0:75 android.view.SyncRtSurfaceTransactionApplier.$r8$lambda$afI4fXg3U3-nBZQEDQMiNy-B06s:0 
10-02 15:25:49.292 19752 19978 I VRI[MainActivity]@ba2ccdd: mWNT: t=0xb400007b78660e30 mBlastBufferQueue=0xb400007c57f142d0 fn= 168992 HdrRenderState mRenderHdrSdrRatio=1.0 caller= android.view.SyncRtSurfaceTransactionApplier.applyTransaction:102 android.view.SyncRtSurfaceTransactionApplier.lambda$scheduleApply$0:75 android.view.SyncRtSurfaceTransactionApplier.$r8$lambda$afI4fXg3U3-nBZQEDQMiNy-B06s:0 
10-02 15:25:49.303 19752 19977 I VRI[MainActivity]@ba2ccdd: mWNT: t=0xb400007b7869f090 mBlastBufferQueue=0xb400007c57f142d0 fn= 168993 HdrRenderState mRenderHdrSdrRatio=1.0 caller= android.view.SyncRtSurfaceTransactionApplier.applyTransaction:102 android.view.SyncRtSurfaceTransactionApplier.lambda$scheduleApply$0:75 android.view.SyncRtSurfaceTransactionApplier.$r8$lambda$afI4fXg3U3-nBZQEDQMiNy-B06s:0 
10-02 15:25:49.308 19752 19752 I View    : setRequestedFrameRate frameRate=NaN, this=android.view.View{fcdbddb V.ED..... ........ 0,0-0,0}, caller=androidx.compose.ui.platform.Api35Impl.setRequestedFrameRate:4047 androidx.compose.ui.platform.AndroidComposeView.dispatchDraw:2282 android.view.View.draw:26758 android.view.View.updateDisplayListIfDirty:25577 android.view.ViewGroup.recreateChildDisplayList:4881 
10-02 15:25:49.309 19752 19978 I VRI[MainActivity]@ba2ccdd: mWNT: t=0xb400007b786a61e0 mBlastBufferQueue=0xb400007c57f142d0 fn= 168994 HdrRenderState mRenderHdrSdrRatio=1.0 caller= android.view.SyncRtSurfaceTransactionApplier.applyTransaction:102 android.view.SyncRtSurfaceTransactionApplier.lambda$scheduleApply$0:75 android.view.SyncRtSurfaceTransactionApplier.$r8$lambda$afI4fXg3U3-nBZQEDQMiNy-B06s:0 
10-02 15:25:49.679 19752 19752 I InsetsController: onStateChanged: host=com.negi.survey.local/com.negi.survey.MainActivity, from=android.view.ViewRootImpl.onInsetsStateChanged:3038, state=InsetsState: {mDisplayFrame=Rect(0, 0 - 1080, 2340), mDisplayCutout=DisplayCutout{insets=Rect(0, 82 - 0, 0) waterfall=Insets{left=0, top=0, right=0, bottom=0} boundingRect={Bounds=[Rect(0, 0 - 0, 0), Rect(511, 24 - 569, 82), Rect(0, 0 - 0, 0), Rect(0, 0 - 0, 0)]} cutoutPathParserInfo={CutoutPathParserInfo{displayWidth=1080 displayHeight=2340 physicalDisplayWidth=1080 physicalDisplayHeight=2340 density={2.8125} cutoutSpec={M 0,0 M 0, 8.533333333333333 a 10.31111111111111,10.31111111111111 0 1,0 0,20.62222222222222 a 10.31111111111111,10.31111111111111 0 1,0 0,-20.62222222222222 Z @dp} rotation={0} scale={1.0} physicalPixelDisplaySizeRatio={1.0}}} sideOverrides={}}, mRoundedCorners=RoundedCorners{[RoundedCorner{position=TopLeft, radius=113, center=Point(113, 113)}, RoundedCorner{position=TopRight, radius=113, center=Point(967, 113)}, RoundedCorner{position=BottomRight, radius=113, center=Point(967, 2227)}, RoundedCorner{position=BottomLeft, radius=113, center=Point(113, 2227)}]}  mRoundedCornerFrame=Rect(0, 0 - 1080, 2340), mPrivacyIndicatorBounds=PrivacyIndicatorBounds {static bounds=Rect(956, 0 - 1080, 97) rotation=0}, mDisplayShape=DisplayShape{ spec=-311912193 displayWidth=1080 displayHeight=2340 physicalPixelDisplaySizeRatio=1.0 rotation=0 offsetX=0 offsetY=0 scale=1.0}, mSources= { InsetsSource: {d29a0000 mType=statusBars mFrame=[0,0][1080,97] mAttachedInsets=null mVisible=true mFlags= mSideHint=TOP mBoundingRects=null}, InsetsSource: {d29a0005 mType=mandatorySystemGestures mFrame=[0,0][1080,116] mAttachedInsets=null mVisible=true mFlags= mSideHint=TOP mBoundingRects=null}, InsetsSource: {d29a0006 mType=tappableElement mFrame=[0,0][1080,97] mAttachedInsets=null mVisible=true mFlags= mSideHint=TOP mBoundingRects=null}, InsetsSource: {3 mType=ime mFrame=[0,0][0,0] mAttachedInsets=null mVisible=false mFlags=INVALID mSideHint=NONE mBoundingRects=null}, InsetsSource: {27 mType=displayCutout mFrame=[0,0][1080,82] mAttachedInsets=null mVisible=true mFlags= mSideHint=TOP mBoundingRects=null}, InsetsSource: {4b5d0001 mType=navigationBars mFrame=[0,2205][1080,2340] mAttachedInsets=null mVisible=true mFlags= mSideHint=BOTTOM mBoundingRects=null}, InsetsSource: {4b5d0004 mType=systemGestures mFrame=[0,0][0,0] mAttachedInsets=null mVisible=true mFlags= mSideHint=NONE mBoundingRects=null}, InsetsSource: {4b5d0005 mType=mandatorySystemGestures mFrame=[0,2205][1080,2340] mAttachedInsets=null mVisible=true mFlags= mSideHint=BOTTOM mBoundingRects=null}, InsetsSource: {4b5d0006 mType=tappableElement mFrame=[0,2205][1080,2340] mAttachedInsets=null mVisible=true mFlags= mSideHint=BOTTOM mBoundingRects=null}, InsetsSource: {4b5d0024 mType=systemGestures mFrame=[0,0][0,0] mAttachedInsets=null mVisible=true mFlags= mSideHint=NONE mBoundingRects=null} }
10-02 15:25:49.679 19752 19752 I VRI[MainActivity]@ba2ccdd: handleResized, frames=ClientWindowFrames{frame=[0,0][1080,2340] display=[0,0][1080,2340] parentFrame=[0,0][0,0]} displayId=0 dragResizing=false compatScale=1.0 frameChanged=false attachedFrameChanged=false configChanged=false displayChanged=false compatScaleChanged=false dragResizingChanged=false
10-02 15:25:49.797 19752 19902 I WhisperJNI: WhisperContext created from asset: models/ggml-small-q5_1.bin
10-02 15:25:49.797 19752 19902 I WhisperEngine: [1][init:asset] Init OK. totalMs=831 assetCheckMs=3 lockWaitMs=0 lockHoldMs=828 releasePrevMs=0 createMs=827 key=asset:models/ggml-small-q5_1.bin bytes=n/a
10-02 15:25:49.797 19752 19902 D WhisperEngine: [1][init:asset] mem: javaUsed=9.71MB javaTotal=31.62MB javaMax=256.00MB nativeAllocated=1.21GB
10-02 15:25:49.797 19752 19902 D WhisperSpeechController: WhisperEngine initialized: assets/models/ggml-small-q5_1.bin
10-02 15:25:49.798 19752 19902 D WhisperSpeechController: startRecording: recorder.startRecording -> /data/user/0/com.negi.survey.local/cache/whisper_rec/survey_input_940518300743319757.wav
10-02 15:25:49.799 19752 19902 D WhisperSpeechController: startRecording: started
10-02 15:25:49.802 19752 28085 D AudioSystem: onNewServiceWithAdapter: media.audio_flinger service obtained 0xb400007b67f344a0
10-02 15:25:49.803 19752 28085 D AudioSystem: getService: IAudioFlingerService retrieved: 0xb400007c8807bc00  IAudioFlinger cached: 0xb400007b67f344a0
10-02 15:25:49.803 19752 28085 D AudioSystem: getClient: checking for service: 0xb400007b67f344a0
10-02 15:25:49.904 19752 19902 I Recorder: 🎙 start 16000Hz buf=2048
10-02 15:25:50.495 19752 19752 I VRI[MainActivity]@ba2ccdd: handleResized, frames=ClientWindowFrames{frame=[0,0][1080,2340] display=[0,0][1080,2340] parentFrame=[0,0][0,0]} displayId=0 dragResizing=false compatScale=1.0 frameChanged=false attachedFrameChanged=false configChanged=false displayChanged=false compatScaleChanged=false dragResizingChanged=false
10-02 15:25:51.958 19752 19752 I VRI[MainActivity]@ba2ccdd: call setFrameRateCategory for touch hint category=no preference, reason=boost timeout, vri=VRI[MainActivity]@ba2ccdd
10-02 15:25:52.991 19752 19752 I InsetsSourceConsumer: applyRequestedVisibilityToControl: visible=true, type=statusBars, host=com.negi.survey.local/com.negi.survey.MainActivity
10-02 15:26:06.812 19752 19851 I gi.survey.local: Explicit concurrent mark compact GC freed 13MB AllocSpace bytes, 0(0B) LOS objects, 76% free, 7619KB/31MB, paused 407us,3.354ms total 46.801ms
10-02 15:26:09.685 19752 19851 I gi.survey.local: Explicit concurrent mark compact GC freed 6864KB AllocSpace bytes, 1(20KB) LOS objects, 76% free, 7443KB/31MB, paused 469us,2.282ms total 45.670ms
10-02 15:26:56.409 19752 19752 I VRI[MainActivity]@ba2ccdd: ViewPostIme pointer 0
10-02 15:26:56.411 19752 19752 I VRI[MainActivity]@ba2ccdd: call setFrameRateCategory for touch hint category=high hint, reason=touch, vri=VRI[MainActivity]@ba2ccdd
10-02 15:26:56.412 19752 19752 I VRI[MainActivity]@ba2ccdd: ViewPostIme pointer 1
10-02 15:26:56.414 19752 19752 D InsetsController: hide(ime())
10-02 15:26:56.414 19752 19752 I ImeTracker: com.negi.survey.local:652aa53b: onRequestHide at ORIGIN_CLIENT reason HIDE_SOFT_INPUT_BY_INSETS_API fromUser false
10-02 15:26:56.414 19752 19752 I ImeTracker: com.negi.survey.local:652aa53b: onCancelled at PHASE_CLIENT_ALREADY_HIDDEN
10-02 15:26:59.414 19752 19752 I VRI[MainActivity]@ba2ccdd: call setFrameRateCategory for touch hint category=no preference, reason=boost timeout, vri=VRI[MainActivity]@ba2ccdd
10-02 15:27:06.904 19752 19851 I gi.survey.local: Explicit concurrent mark compact GC freed 6184KB AllocSpace bytes, 0(0B) LOS objects, 76% free, 7427KB/31MB, paused 314us,2.787ms total 35.417ms
10-02 15:27:20.213 19752 28015 I gi.survey.local: Explicit concurrent mark compact GC freed 5876KB AllocSpace bytes, 1(20KB) LOS objects, 76% free, 7419KB/31MB, paused 190us,1.703ms total 41.843ms
10-02 15:27:45.075 19752 19752 I VRI[MainActivity]@ba2ccdd: ViewPostIme pointer 0
10-02 15:27:45.080 19752 19752 I VRI[MainActivity]@ba2ccdd: call setFrameRateCategory for touch hint category=high hint, reason=touch, vri=VRI[MainActivity]@ba2ccdd
10-02 15:27:45.081 19752 19752 I VRI[MainActivity]@ba2ccdd: ViewPostIme pointer 1
10-02 15:27:45.083 19752 19752 D WhisperSpeechController: stopRecording: requested
10-02 15:27:45.087 19752 19903 D WhisperSpeechController: stopRecording: awaiting recorder.stopRecording()
10-02 15:27:45.088 19752 28085 D Recorder: stopRecording() invoked (state=Recording)
10-02 15:27:45.088 19752 28085 D Recorder: Calling AudioRecord.stop() to unblock read() ...
10-02 15:27:45.111 19752 19752 I View    : setRequestedFrameRate frameRate=-4.0, this=android.view.View{fcdbddb V.ED..... ........ 0,0-0,0}, caller=androidx.compose.ui.platform.Api35Impl.setRequestedFrameRate:4047 androidx.compose.ui.platform.AndroidComposeView.dispatchDraw:2282 android.view.View.draw:26758 android.view.View.updateDisplayListIfDirty:25577 android.view.ViewGroup.recreateChildDisplayList:4881 
10-02 15:27:45.112 19752 19752 D AiScreen: Speech finished with empty/no-change (node=Q9 role=MAIN)
10-02 15:27:45.117 19752 19752 I View    : setRequestedFrameRate frameRate=NaN, this=android.view.View{fcdbddb V.ED..... ........ 0,0-0,0}, caller=androidx.compose.ui.platform.Api35Impl.setRequestedFrameRate:4047 androidx.compose.ui.platform.AndroidComposeView.dispatchDraw:2282 android.view.View.draw:26758 android.view.View.updateDisplayListIfDirty:25577 android.view.ViewGroup.recreateChildDisplayList:4881 
10-02 15:27:45.133 19752 28085 D Recorder: Joining writer job ...
10-02 15:27:45.137 19752 19902 I Recorder: 🎙 stopped & released (writer exit)
10-02 15:27:45.138 19752 28085 D Recorder: Writer job joined successfully
10-02 15:27:45.138 19752 28085 D Recorder: post-join: pcm=/data/user/0/com.negi.survey.local/cache/rec_6194703363382587717.pcm wav=/data/user/0/com.negi.survey.local/cache/whisper_rec/survey_input_940518300743319757.wav cfg=Config(sampleRate=16000, channelMask=16, format=2, bufferSize=2048)
10-02 15:27:45.154 19752 28085 D Recorder: WAV header written
10-02 15:27:45.155 19752 28085 I Recorder: ✅ WAV finalized: /data/user/0/com.negi.survey.local/cache/whisper_rec/survey_input_940518300743319757.wav (3683244 bytes)
10-02 15:27:45.156 19752 28085 D Recorder: Cleanup complete, state=Idle
10-02 15:27:45.156 19752 19902 D WhisperSpeechController: recorder.stopRecording OK in 70ms
10-02 15:27:45.219 19752 19903 D WhisperSpeechController: stopRecording: wav.size(stable)=3683244 path=/data/user/0/com.negi.survey.local/cache/whisper_rec/survey_input_940518300743319757.wav
10-02 15:27:45.224 19752 19903 D WhisperSpeechController: stopRecording: wav.info fmt=1 ch=1 sr=16000 bits=16 dataBytes=3683200 durationSec=115.100
10-02 15:27:45.283 19752 19903 D WhisperSpeechController: stopRecording: wav.stats rms=0.03247 peak=0.80045 nonSilent=0.381 samples=1841600
10-02 15:27:45.322 19752 19903 D ExportUtils: exportRecordedVoice: copying /data/user/0/com.negi.survey.local/cache/whisper_rec/survey_input_940518300743319757.wav -> /storage/emulated/0/Android/data/com.negi.survey.local/files/exports/voice/2026-10-02_20-27-45_voice_SM-S731U_4BA1AB0C475C_e62d665e-992d-4f7a-833f-8c7e102fb2f6_Q9.wav
10-02 15:27:45.334 19752 19903 D ExportUtils: exportRecordedVoice: done, size=3683244 bytes
10-02 15:27:45.336 19752 19903 D ExportUtils: writeVoiceMeta: wrote /storage/emulated/0/Android/data/com.negi.survey.local/files/exports/voice/2026-10-02_20-27-45_voice_SM-S731U_4BA1AB0C475C_e62d665e-992d-4f7a-833f-8c7e102fb2f6_Q9.meta.json
10-02 15:27:45.340 19752 19903 D MainActivity: onVoiceExported: q=Q9, file=2026-10-02_20-27-45_voice_SM-S731U_4BA1AB0C475C_e62d665e-992d-4f7a-833f-8c7e102fb2f6_Q9.wav, bytes=3683244, checksum=8305d636f32686841568a1f6ecb41f4aefe24512256ec961f3dd2f2e9f6ded49
10-02 15:27:45.340 19752 19903 D SurveyVM: addAudioRef -> q=Q9, file=2026-10-02_20-27-45_voice_SM-S731U_4BA1AB0C475C_e62d665e-992d-4f7a-833f-8c7e102fb2f6_Q9.wav, sid=e62d665e-992d-4f7a-833f-8c7e102fb2f6
10-02 15:27:45.340 19752 19903 D SurveyVM: onVoiceExported -> q=Q9, file=2026-10-02_20-27-45_voice_SM-S731U_4BA1AB0C475C_e62d665e-992d-4f7a-833f-8c7e102fb2f6_Q9.wav, replace=false
10-02 15:27:45.341 19752 19903 D WhisperSpeechController: onVoiceExported -> file=2026-10-02_20-27-45_voice_SM-S731U_4BA1AB0C475C_e62d665e-992d-4f7a-833f-8c7e102fb2f6_Q9.wav, bytes=3683244, qid=Q9, sid=e62d665e-992d-4f7a-833f-8c7e102fb2f6, checksum=8305d636f326...
10-02 15:27:45.341 19752 19903 D WhisperSpeechController: stopRecording: transcribing -> /data/user/0/com.negi.survey.local/cache/whisper_rec/survey_input_940518300743319757.wav
10-02 15:27:45.343 19752 19903 D WhisperEngine: [1][asr] Start. file=survey_input_940518300743319757.wav bytes=3.51MB approxSec(pcm16mono@16000Hz)=115.10 lang=en translate=false printTimestamp=false sr=16000 modelKey=asset:models/ggml-small-q5_1.bin thread=DefaultDispatcher-worker-3
10-02 15:27:45.343 19752 19903 D WhisperEngine: [1][asr] mem: javaUsed=15.64MB javaTotal=31.62MB javaMax=256.00MB nativeAllocated=1.21GB
10-02 15:27:45.344 19752 19903 D WaveCodec: fmt: format=1, ch=1, rate=16000, bits=16
10-02 15:27:45.344 19752 19903 V WaveCodec: data chunk start=44 declared=3683200 effective=3683200
10-02 15:27:45.359 19752 19752 I View    : setRequestedFrameRate frameRate=-4.0, this=android.view.View{fcdbddb V.ED..... ........ 0,0-0,0}, caller=androidx.compose.ui.platform.Api35Impl.setRequestedFrameRate:4047 androidx.compose.ui.platform.AndroidComposeView.dispatchDraw:2282 android.view.View.draw:26758 android.view.View.updateDisplayListIfDirty:25577 android.view.ViewGroup.recreateChildDisplayList:4881 
10-02 15:27:45.360 19752 19752 D AiScreen: Speech started (node=Q9 role=MAIN)
10-02 15:27:45.366 19752 19752 I View    : setRequestedFrameRate frameRate=NaN, this=android.view.View{fcdbddb V.ED..... ........ 0,0-0,0}, caller=androidx.compose.ui.platform.Api35Impl.setRequestedFrameRate:4047 androidx.compose.ui.platform.AndroidComposeView.dispatchDraw:2282 android.view.View.draw:26758 android.view.View.updateDisplayListIfDirty:25577 android.view.ViewGroup.recreateChildDisplayList:4881 
10-02 15:27:45.409 19752 19903 D WaveCodec: Decoded WAV: 1ch 16000Hz 16-bit (frames=1841600, dataHeader=3683200, effective=3683200)
10-02 15:27:45.431 19752 19903 D WhisperEngine: [1][asr] PCM stats(sampled): samples=1841600 seconds=115.10 min=-0.69607544 max=0.7921753 rms=0.03 decodeMs=66
10-02 15:27:45.431 19752 19903 I WhisperEngine: [1][asr] Mutex acquired. lockWaitMs=0 attempts=en audio=115.10s modelKey=asset:models/ggml-small-q5_1.bin
10-02 15:27:45.431 19752 19903 I WhisperEngine: [1][asr] Transcribing: lang=en translate=false ts=false samples=1841600 audio=115.10s
10-02 15:27:45.438 19752 28268 D WhisperCpuConfig: CPU detection start: available=10 indices=[0, 1, 2, 3, 4, 5, 6, 7, 8, 9]
10-02 15:27:45.441 19752 28268 D WhisperCpuConfig: CPU capacity bins={253=4, 653=3, 730=2, 1024=1}
10-02 15:27:45.441 19752 28268 D WhisperCpuConfig: Detected faster clusters via capacity: cores=6 slowestValue=253
10-02 15:27:45.441 19752 28268 I WhisperCpuConfig: Selected whisper thread count=6 (detected=6 available=10)
10-02 15:27:45.441 19752 28268 I WhisperJNI: Transcribe start: threads=6 lang=en translate=false samples=1841600
10-02 15:27:45.446 19752 28268 I JNI-Whisper: Starting whisper_full(): samples=1841600 threads=6 translate=0 lang=en
10-02 15:27:48.087 19752 19752 I VRI[MainActivity]@ba2ccdd: call setFrameRateCategory for touch hint category=no preference, reason=boost timeout, vri=VRI[MainActivity]@ba2ccdd
10-02 15:28:23.095 19752 19851 I gi.survey.local: Explicit concurrent mark compact GC freed 27MB AllocSpace bytes, 0(0B) LOS objects, 66% free, 14MB/44MB, paused 456us,8.127ms total 63.137ms
10-02 15:28:29.377 19752 19851 I gi.survey.local: Explicit concurrent mark compact GC freed 14MB AllocSpace bytes, 1(20KB) LOS objects, 66% free, 14MB/43MB, paused 277us,3.407ms total 70.434ms
10-02 15:28:37.951 19752 28268 I WhisperJNI: Transcribe complete: segments=20 chars=544
10-02 15:28:37.952 19752 19903 D WhisperEngine: [1][asr] Attempt done: lang=en transcribeMs=52520 rtf=0.46 textLen=542 preview="Hsisha asked me to collaborate with him on the cover of "The\n I got back at you\n Nah I did\n Yeah everything's  … king in foreign language)"
10-02 15:28:37.952 19752 19903 I WhisperEngine: [1][asr] OK. totalMs=52609 decodeMs=66 lockWaitMs=0 lockHoldMs=52520 selectedLang=en modelKey=asset:models/ggml-small-q5_1.bin
10-02 15:28:37.952 19752 19903 D WhisperEngine: [1][asr] mem: javaUsed=33.35MB javaTotal=43.53MB javaMax=256.00MB nativeAllocated=1.22GB
10-02 15:28:37.953 19752 19903 D WhisperSpeechController: Transcription success: Hsisha asked me to collaborate with him on the cover of "The
10-02 15:28:37.953 19752 19903 D WhisperSpeechController:  I got back at you
10-02 15:28:37.953 19752 19903 D WhisperSpeechController: updatePartialText: len=542
10-02 15:28:37.954 19752 19903 D WhisperSpeechController: temp delete=true reason=stop_finally -> /data/user/0/com.negi.survey.local/cache/whisper_rec/survey_input_940518300743319757.wav
10-02 15:28:37.981 19752 19752 I View    : setRequestedFrameRate frameRate=-4.0, this=android.view.View{fcdbddb V.ED..... ........ 0,0-0,0}, caller=androidx.compose.ui.platform.Api35Impl.setRequestedFrameRate:4047 androidx.compose.ui.platform.AndroidComposeView.dispatchDraw:2282 android.view.View.draw:26758 android.view.View.updateDisplayListIfDirty:25577 android.view.ViewGroup.recreateChildDisplayList:4881 
10-02 15:28:37.983 19752 19752 D AiScreen: Speech committed (node=Q9 role=MAIN len=542)
10-02 15:28:38.013 19752 19752 I View    : setRequestedFrameRate frameRate=NaN, this=android.view.View{fcdbddb V.ED..... ........ 0,0-0,0}, caller=androidx.compose.ui.platform.Api35Impl.setRequestedFrameRate:4047 androidx.compose.ui.platform.AndroidComposeView.dispatchDraw:2282 android.view.View.draw:26758 android.view.View.updateDisplayListIfDirty:25577 android.view.ViewGroup.recreateChildDisplayList:4881 
10-02 15:28:42.515 19752 19837 I gi.survey.local: Background young concurrent mark compact GC freed 28MB AllocSpace bytes, 3(60KB) LOS objects, 65% free, 14MB/43MB, paused 625us,5.605ms total 52.083ms
10-02 15:29:16.267 19752 21289 I gi.survey.local: Explicit concurrent mark compact GC freed 21MB AllocSpace bytes, 0(0B) LOS objects, 75% free, 7776KB/31MB, paused 317us,2.494ms total 51.151ms
10-02 15:29:40.788 19752 21289 I gi.survey.local: Explicit concurrent mark compact GC freed 6444KB AllocSpace bytes, 0(0B) LOS objects, 76% free, 7424KB/31MB, paused 178us,2.260ms total 40.333ms
10-02 15:31:09.792 19752 19752 I VRI[MainActivity]@ba2ccdd: ViewPostIme pointer 0
10-02 15:31:09.799 19752 19752 I VRI[MainActivity]@ba2ccdd: call setFrameRateCategory for touch hint category=high hint, reason=touch, vri=VRI[MainActivity]@ba2ccdd
10-02 15:31:09.817 19752 19752 I VRI[MainActivity]@ba2ccdd: ViewPostIme pointer 1
10-02 15:31:09.821 19752 19752 D InsetsController: hide(ime())
10-02 15:31:09.821 19752 19752 I ImeTracker: com.negi.survey.local:b16161a9: onRequestHide at ORIGIN_CLIENT reason HIDE_SOFT_INPUT_BY_INSETS_API fromUser false
10-02 15:31:09.821 19752 19752 I ImeTracker: com.negi.survey.local:b16161a9: onCancelled at PHASE_CLIENT_ALREADY_HIDDEN
10-02 15:31:09.824 19752 19752 D SurveyVM: getEvalPrompt[Q9] -> len=792
10-02 15:31:09.827 19752 19903 D AiViewModel: run[5]: mode=EVAL_JSON phase=EVAL commit=true prompt.len=791, fullPrompt.len=3438, timeoutMs=120000
10-02 15:31:09.836 19752 19903 D AiViewModel: run[5]: sha(prompt)=aa6eba84bb83f2cf9105616c09dc97d24125773a7ebccc36d68fbdaf8b7c5af5 sha(full)=e41286d29362899d172c16d058f440051fb83dabdc8413965ed68f1802afb0c1
10-02 15:31:09.836 19752 19903 I FullPromptReview: [part=000] run[5]: phase=EVAL FullPrompt
10-02 15:31:09.836 19752 19903 I FullPromptReview: Evaluate only the original survey target using all supplied answers.
10-02 15:31:09.836 19752 19903 I FullPromptReview: Return only compact JSON {"score":N,"missing_points":[],"followup_needed":false}. N must be an integer 1-100 for relevance, completeness and accuracy against the original target. Evaluate the original answer and all answered followup pairs together. Before emitting JSON, compare every candidate missing point against the original answer and every answered follow-up pair. If an answered follow-up directly supplies that information, do not include it in missing_points. Recompute score, missing_points, and followup_needed together as one consistent final decision. Treat each independently answerable required component as a separate missing_points item; never combine independently answerable deficiencies. After every answered follow-up, recompute components independently and omit each supplied component even when another component from the same target remains missing. When a Required component catalog is present, evaluate each catalog item independently: missing_points may contain only configured component IDs. Omit IDs whose component is supplied by the original answer or answered follow-up pairs; never return component descriptions or questions as missing_points. When a Required components block is present, missing_points may contain only the exact text of unresolved configured components. Separate relevance from completeness. An answer can discuss the right topic but still be incomplete. Score 90-100 only when the respondent explicitly provides every material component requested by the Expected answer target and Question. Do not infer missing details from general knowledge, plausibility, or a bare statement that an event occurred. A concise answer may be complete. A verbose or relevant answer that omits any material requested component must score below 90. For example, saying that an event occurred without describing its requested effect is incomplete. Consistency rule: if missing_points is non-empty or followup_needed is true, score must be an integer from 1 to 89. Scores 90-100 are allowed only when missing_points=[] and followup_needed=false. Never use score 90 as a borderline value when anything is missing. For any score below 90, missing_points must contain the specific missing or ambiguous target-required information and followup_needed must be true. Otherwise missing_points is empty and followup_needed is false. Do not generate a question. Do not penalize style or request information outside the target. Write missing_points in English.
10-02 15:31:09.836 19752 19903 I FullPromptReview: Keep missing_points concise.
10-02 15:31:09.836 19752 19903 I FullPromptReview: One JSON object only; no markdown or generated question.
10-02 15:31:09.836 19752 19903 I FullPromptReview: INPUT:
10-02 15:31:09.836 19752 19903 I FullPromptReview: Expected answer target: A clear pest/disease damage threshold that would trigger switching maize varieties.
10-02 15:31:09.836 19752 19903 I FullPromptReview: Question: What level of pest or disease damage would make you switch to a different maize variety?
10-02 15:31:09.836 19752 19903 I FullPromptReview: Original answer: Hsisha asked me to collaborate with him on the cover of "The
10-02 15:31:09.836 19752 19903 I FullPromptReview:  I got back at you
10-02 15:31:09.836 19752 19903 I FullPromptReview:  Nah I did
10-02 15:31:09.836 19752 19903 I FullPromptReview:  Yeah everything's backwards
10-02 15:31:09.836 19752 19903 I FullPromptReview:  How can you seem so lost
10-02 15:31:09.836 19752 19903 I FullPromptReview:  I'm sorry. I'll wood it right away
10-02 15:31:09.836 19752 19903 I FullPromptReview:  It seems alright
10-02 15:31:09.836 19752 19903 I FullPromptReview:  What about putting this on?
10-02 15:31:09.836 19752 19903 I FullPromptReview:  It's fine. It's normal
10-02 15:31:09.836 19752 19903 I FullPromptReview:  Okay
10-02 15:31:09.836 19752 19903 I FullPromptReview:  Thanks
10-02 15:31:09.836 19752 19903 I FullPromptReview:  What else should I do?
10-02 15:31:09.836 19752 19903 I FullPromptReview:  Oh yeah
10-02 15:31:09.836 19752 19903 I FullPromptReview: [part=001] , I'll do it. I'll let you do it
10-02 15:31:09.836 19752 19903 I FullPromptReview:  It's a little more than enough for the test. I guess it's over
10-02 15:31:09.836 19752 19903 I FullPromptReview:  Please
10-02 15:31:09.836 19752 19903 I FullPromptReview:  Oh, the bath is clean. I'll go upstairs
10-02 15:31:09.836 19752 19903 I FullPromptReview:  I'll be right back
10-02 15:31:09.836 19752 19903 I FullPromptReview:  Okay, I'll be right back
10-02 15:31:09.836 19752 19903 I FullPromptReview:  What's that sound?
10-02 15:31:09.836 19752 19903 I FullPromptReview:  (speaking in foreign language)
10-02 15:31:09.836 19752 19903 I FullPromptReview: Answered followup pairs:
10-02 15:31:09.838 19752 19903 D LiteRtRepository: [5] request start model='Gemma3n4B' prompt.len=3438 sha=e41286d29362899d gateWaitMs=0
10-02 15:31:09.838 19752 19903 D LiteRtRepository: [part=000] [5] PROMPT (FULL) sha=e41286d29362899d
10-02 15:31:09.838 19752 19903 D LiteRtRepository: Evaluate only the original survey target using all supplied answers.
10-02 15:31:09.838 19752 19903 D LiteRtRepository: Return only compact JSON {"score":N,"missing_points":[],"followup_needed":false}. N must be an integer 1-100 for relevance, completeness and accuracy against the original target. Evaluate the original answer and all answered followup pairs together. Before emitting JSON, compare every candidate missing point against the original answer and every answered follow-up pair. If an answered follow-up directly supplies that information, do not include it in missing_points. Recompute score, missing_points, and followup_needed together as one consistent final decision. Treat each independently answerable required component as a separate missing_points item; never combine independently answerable deficiencies. After every answered follow-up, recompute components independently and omit each supplied component even when another component from the same target remains missing. When a Required component catalog is present, evaluate each catalog item independently: missing_points may contain only configured component IDs. Omit IDs whose component is supplied by the original answer or answered follow-up pairs; never return component descriptions or questions as missing_points. When a Required components block is present, missing_points may contain only the exact text of unresolved configured components. Separate relevance from completeness. An answer can discuss the right topic but still be incomplete. Score 90-100 only when the respondent explicitly provides every material component requested by the Expected answer target and Question. Do not infer missing details from general knowledge, plausibility, or a bare statement that an event occurred. A concise answer may be complete. A verbose or relevant answer that omits any material requested component must score below 90. For example, saying that an event occurred without describing its requested effect is incomplete. Consistency rule: if missing_points is non-empty or followup_needed is true, score must be an integer from 1 to 89. Scores 90-100 are allowed only when missing_points=[] and followup_needed=false. Never use score 90 as a borderline value when anything is missing. For any score below 90, missing_points must contain the specific missing or ambiguous target-required information and followup_needed must be true. Otherwise missing_points is empty and followup_needed is false. Do not generate a question. Do not penalize style or request information outside the target. Write missing_points in English.
10-02 15:31:09.838 19752 19903 D LiteRtRepository: Keep missing_points concise.
10-02 15:31:09.838 19752 19903 D LiteRtRepository: One JSON object only; no markdown or generated question.
10-02 15:31:09.838 19752 19903 D LiteRtRepository: INPUT:
10-02 15:31:09.838 19752 19903 D LiteRtRepository: Expected answer target: A clear pest/disease damage threshold that would trigger switching maize varieties.
10-02 15:31:09.838 19752 19903 D LiteRtRepository: Question: What level of pest or disease damage would make you switch to a different maize variety?
10-02 15:31:09.838 19752 19903 D LiteRtRepository: Original answer: Hsisha asked me to collaborate with him on the cover of "The
10-02 15:31:09.838 19752 19903 D LiteRtRepository:  I got back at you
10-02 15:31:09.838 19752 19903 D LiteRtRepository:  Nah I did
10-02 15:31:09.838 19752 19903 D LiteRtRepository:  Yeah everything's backwards
10-02 15:31:09.838 19752 19903 D LiteRtRepository:  How can you seem so lost
10-02 15:31:09.838 19752 19903 D LiteRtRepository:  I'm sorry. I'll wood it right away
10-02 15:31:09.838 19752 19903 D LiteRtRepository:  It seems alright
10-02 15:31:09.838 19752 19903 D LiteRtRepository:  What about putting this on?
10-02 15:31:09.838 19752 19903 D LiteRtRepository:  It's fine. It's normal
10-02 15:31:09.838 19752 19903 D LiteRtRepository:  Okay
10-02 15:31:09.838 19752 19903 D LiteRtRepository:  Thanks
10-02 15:31:09.838 19752 19903 D LiteRtRepository:  What else should I do?
10-02 15:31:09.839 19752 19903 D LiteRtRepository: [part=001] 
10-02 15:31:09.839 19752 19903 D LiteRtRepository:  Oh yeah, I'll do it. I'll let you do it
10-02 15:31:09.839 19752 19903 D LiteRtRepository:  It's a little more than enough for the test. I guess it's over
10-02 15:31:09.839 19752 19903 D LiteRtRepository:  Please
10-02 15:31:09.839 19752 19903 D LiteRtRepository:  Oh, the bath is clean. I'll go upstairs
10-02 15:31:09.839 19752 19903 D LiteRtRepository:  I'll be right back
10-02 15:31:09.839 19752 19903 D LiteRtRepository:  Okay, I'll be right back
10-02 15:31:09.839 19752 19903 D LiteRtRepository:  What's that sound?
10-02 15:31:09.839 19752 19903 D LiteRtRepository:  (speaking in foreign language)
10-02 15:31:09.839 19752 19903 D LiteRtRepository: Answered followup pairs:
10-02 15:31:09.840 19752 20679 D SLM     : initializeIfNeeded: model='Gemma3n4B' image=false audio=false
10-02 15:31:09.841 19752 20679 D LiteRtLM: initializeIfNeeded: warm runtime already ready: key='fs|dev=65088|ino=45187|size=4919541760|mtime=1790971030441'
10-02 15:31:09.842 19752 19903 D LiteRtRepository: [5] initializeIfNeeded ok initMs=3
10-02 15:31:09.842 19752 20679 D SLM     : runInference: model='Gemma3n4B' textLen=3438 images=0 audio=0
10-02 15:31:09.843 19752 19752 I View    : setRequestedFrameRate frameRate=-4.0, this=android.view.View{fcdbddb V.ED..... ........ 0,0-0,0}, caller=androidx.compose.ui.platform.Api35Impl.setRequestedFrameRate:4047 androidx.compose.ui.platform.AndroidComposeView.dispatchDraw:2282 android.view.View.draw:26758 android.view.View.updateDisplayListIfDirty:25577 android.view.ViewGroup.recreateChildDisplayList:4881 
10-02 15:31:09.844 19752 19901 D LiteRtLM: state[run:start] key='fs|dev=65088|ino=45187|size=4919541760|mtime=1790971030441' runId=5 active=true terminated=false logicalDone=false cancel=false pendingCancel=false lastMsgAt=74795476 lastTermAt=73293130
10-02 15:31:09.844 19752 19901 D LiteRtLM: runInference start: key='fs|dev=65088|ino=45187|size=4919541760|mtime=1790971030441' runId=5 hasText=true originalTextLen=3438 effectiveTextLen=3438 images=0 audioClips=0
10-02 15:31:09.845 19752 19901 D LiteRtLM: LiteRT-LM sendMessageAsync(text): key='fs|dev=65088|ino=45187|size=4919541760|mtime=1790971030441' runId=5 len=3438 maxOutputTokens=64
10-02 15:31:09.863 19752 19752 I View    : setRequestedFrameRate frameRate=NaN, this=android.view.View{fcdbddb V.ED..... ........ 0,0-0,0}, caller=androidx.compose.ui.platform.Api35Impl.setRequestedFrameRate:4047 androidx.compose.ui.platform.AndroidComposeView.dispatchDraw:2282 android.view.View.draw:26758 android.view.View.updateDisplayListIfDirty:25577 android.view.ViewGroup.recreateChildDisplayList:4881 
10-02 15:31:09.866 19752 19752 I View    : setRequestedFrameRate frameRate=-4.0, this=android.view.View{fcdbddb V.ED..... ........ 0,0-0,0}, caller=androidx.compose.ui.platform.Api35Impl.setRequestedFrameRate:4047 androidx.compose.ui.platform.AndroidComposeView.dispatchDraw:2282 android.view.View.draw:26758 android.view.View.updateDisplayListIfDirty:25577 android.view.ViewGroup.recreateChildDisplayList:4881 
10-02 15:31:09.916 19752 19901 D LiteRtLM: sendMessageAsync accepted: key='fs|dev=65088|ino=45187|size=4919541760|mtime=1790971030441' runId=5 dispatchMs=71
10-02 15:31:10.189 19752 19752 I View    : setRequestedFrameRate frameRate=NaN, this=android.view.View{fcdbddb V.ED..... ........ 0,0-0,0}, caller=androidx.compose.ui.platform.Api35Impl.setRequestedFrameRate:4047 androidx.compose.ui.platform.AndroidComposeView.dispatchDraw:2282 android.view.View.draw:26758 android.view.View.updateDisplayListIfDirty:25577 android.view.ViewGroup.recreateChildDisplayList:4881 
10-02 15:31:10.198 19752 19752 I View    : setRequestedFrameRate frameRate=-4.0, this=android.view.View{fcdbddb V.ED..... ........ 0,0-0,0}, caller=androidx.compose.ui.platform.Api35Impl.setRequestedFrameRate:4047 androidx.compose.ui.platform.AndroidComposeView.dispatchDraw:2282 android.view.View.draw:26758 android.view.View.updateDisplayListIfDirty:25577 android.view.ViewGroup.recreateChildDisplayList:4881 
10-02 15:31:10.205 19752 19752 I View    : setRequestedFrameRate frameRate=NaN, this=android.view.View{fcdbddb V.ED..... ........ 0,0-0,0}, caller=androidx.compose.ui.platform.Api35Impl.setRequestedFrameRate:4047 androidx.compose.ui.platform.AndroidComposeView.dispatchDraw:2282 android.view.View.draw:26758 android.view.View.updateDisplayListIfDirty:25577 android.view.ViewGroup.recreateChildDisplayList:4881 
10-02 15:31:10.214 19752 19752 I View    : setRequestedFrameRate frameRate=-4.0, this=android.view.View{fcdbddb V.ED..... ........ 0,0-0,0}, caller=androidx.compose.ui.platform.Api35Impl.setRequestedFrameRate:4047 androidx.compose.ui.platform.AndroidComposeView.dispatchDraw:2282 android.view.View.draw:26758 android.view.View.updateDisplayListIfDirty:25577 android.view.ViewGroup.recreateChildDisplayList:4881 
10-02 15:31:10.222 19752 19752 I View    : setRequestedFrameRate frameRate=NaN, this=android.view.View{fcdbddb V.ED..... ........ 0,0-0,0}, caller=androidx.compose.ui.platform.Api35Impl.setRequestedFrameRate:4047 androidx.compose.ui.platform.AndroidComposeView.dispatchDraw:2282 android.view.View.draw:26758 android.view.View.updateDisplayListIfDirty:25577 android.view.ViewGroup.recreateChildDisplayList:4881 
10-02 15:31:10.232 19752 19752 I View    : setRequestedFrameRate frameRate=-4.0, this=android.view.View{fcdbddb V.ED..... ........ 0,0-0,0}, caller=androidx.compose.ui.platform.Api35Impl.setRequestedFrameRate:4047 androidx.compose.ui.platform.AndroidComposeView.dispatchDraw:2282 android.view.View.draw:26758 android.view.View.updateDisplayListIfDirty:25577 android.view.ViewGroup.recreateChildDisplayList:4881 
10-02 15:31:10.239 19752 19752 I View    : setRequestedFrameRate frameRate=NaN, this=android.view.View{fcdbddb V.ED..... ........ 0,0-0,0}, caller=androidx.compose.ui.platform.Api35Impl.setRequestedFrameRate:4047 androidx.compose.ui.platform.AndroidComposeView.dispatchDraw:2282 android.view.View.draw:26758 android.view.View.updateDisplayListIfDirty:25577 android.view.ViewGroup.recreateChildDisplayList:4881 
10-02 15:31:10.249 19752 19752 I View    : setRequestedFrameRate frameRate=-4.0, this=android.view.View{fcdbddb V.ED..... ........ 0,0-0,0}, caller=androidx.compose.ui.platform.Api35Impl.setRequestedFrameRate:4047 androidx.compose.ui.platform.AndroidComposeView.dispatchDraw:2282 android.view.View.draw:26758 android.view.View.updateDisplayListIfDirty:25577 android.view.ViewGroup.recreateChildDisplayList:4881 
10-02 15:31:10.256 19752 19752 I View    : setRequestedFrameRate frameRate=NaN, this=android.view.View{fcdbddb V.ED..... ........ 0,0-0,0}, caller=androidx.compose.ui.platform.Api35Impl.setRequestedFrameRate:4047 androidx.compose.ui.platform.AndroidComposeView.dispatchDraw:2282 android.view.View.draw:26758 android.view.View.updateDisplayListIfDirty:25577 android.view.ViewGroup.recreateChildDisplayList:4881 
10-02 15:31:10.274 19752 19752 I View    : setRequestedFrameRate frameRate=-4.0, this=android.view.View{fcdbddb V.ED..... ........ 0,0-0,0}, caller=androidx.compose.ui.platform.Api35Impl.setRequestedFrameRate:4047 androidx.compose.ui.platform.AndroidComposeView.dispatchDraw:2282 android.view.View.draw:26758 android.view.View.updateDisplayListIfDirty:25577 android.view.ViewGroup.recreateChildDisplayList:4881 
10-02 15:31:10.280 19752 19752 I View    : setRequestedFrameRate frameRate=NaN, this=android.view.View{fcdbddb V.ED..... ........ 0,0-0,0}, caller=androidx.compose.ui.platform.Api35Impl.setRequestedFrameRate:4047 androidx.compose.ui.platform.AndroidComposeView.dispatchDraw:2282 android.view.View.draw:26758 android.view.View.updateDisplayListIfDirty:25577 android.view.ViewGroup.recreateChildDisplayList:4881 
10-02 15:31:11.883 19752 19752 I VRI[MainActivity]@ba2ccdd: ViewPostIme pointer 0
10-02 15:31:11.916 19752 19752 I View    : setRequestedFrameRate frameRate=-4.0, this=android.view.View{fcdbddb V.ED..... ........ 0,0-0,0}, caller=androidx.compose.ui.platform.Api35Impl.setRequestedFrameRate:4047 androidx.compose.ui.platform.AndroidComposeView.dispatchDraw:2282 android.view.View.draw:26758 android.view.View.updateDisplayListIfDirty:25577 android.view.ViewGroup.recreateChildDisplayList:4881 
10-02 15:31:11.993 19752 19752 I VRI[MainActivity]@ba2ccdd: ViewPostIme pointer 1
10-02 15:31:12.315 19752 19752 I View    : setRequestedFrameRate frameRate=NaN, this=android.view.View{fcdbddb V.ED..... ........ 0,0-0,0}, caller=androidx.compose.ui.platform.Api35Impl.setRequestedFrameRate:4047 androidx.compose.ui.platform.AndroidComposeView.dispatchDraw:2282 android.view.View.draw:26758 android.view.View.updateDisplayListIfDirty:25577 android.view.ViewGroup.recreateChildDisplayList:4881 
10-02 15:31:12.324 19752 19752 I View    : setRequestedFrameRate frameRate=-4.0, this=android.view.View{fcdbddb V.ED..... ........ 0,0-0,0}, caller=androidx.compose.ui.platform.Api35Impl.setRequestedFrameRate:4047 androidx.compose.ui.platform.AndroidComposeView.dispatchDraw:2282 android.view.View.draw:26758 android.view.View.updateDisplayListIfDirty:25577 android.view.ViewGroup.recreateChildDisplayList:4881 
10-02 15:31:12.339 19752 19752 I View    : setRequestedFrameRate frameRate=NaN, this=android.view.View{fcdbddb V.ED..... ........ 0,0-0,0}, caller=androidx.compose.ui.platform.Api35Impl.setRequestedFrameRate:4047 androidx.compose.ui.platform.AndroidComposeView.dispatchDraw:2282 android.view.View.draw:26758 android.view.View.updateDisplayListIfDirty:25577 android.view.ViewGroup.recreateChildDisplayList:4881 
10-02 15:31:12.349 19752 19752 I View    : setRequestedFrameRate frameRate=-4.0, this=android.view.View{fcdbddb V.ED..... ........ 0,0-0,0}, caller=androidx.compose.ui.platform.Api35Impl.setRequestedFrameRate:4047 androidx.compose.ui.platform.AndroidComposeView.dispatchDraw:2282 android.view.View.draw:26758 android.view.View.updateDisplayListIfDirty:25577 android.view.ViewGroup.recreateChildDisplayList:4881 
10-02 15:31:12.356 19752 19752 I View    : setRequestedFrameRate frameRate=NaN, this=android.view.View{fcdbddb V.ED..... ........ 0,0-0,0}, caller=androidx.compose.ui.platform.Api35Impl.setRequestedFrameRate:4047 androidx.compose.ui.platform.AndroidComposeView.dispatchDraw:2282 android.view.View.draw:26758 android.view.View.updateDisplayListIfDirty:25577 android.view.ViewGroup.recreateChildDisplayList:4881 
10-02 15:31:12.365 19752 19752 I View    : setRequestedFrameRate frameRate=-4.0, this=android.view.View{fcdbddb V.ED..... ........ 0,0-0,0}, caller=androidx.compose.ui.platform.Api35Impl.setRequestedFrameRate:4047 androidx.compose.ui.platform.AndroidComposeView.dispatchDraw:2282 android.view.View.draw:26758 android.view.View.updateDisplayListIfDirty:25577 android.view.ViewGroup.recreateChildDisplayList:4881 
10-02 15:31:12.373 19752 19752 I View    : setRequestedFrameRate frameRate=NaN, this=android.view.View{fcdbddb V.ED..... ........ 0,0-0,0}, caller=androidx.compose.ui.platform.Api35Impl.setRequestedFrameRate:4047 androidx.compose.ui.platform.AndroidComposeView.dispatchDraw:2282 android.view.View.draw:26758 android.view.View.updateDisplayListIfDirty:25577 android.view.ViewGroup.recreateChildDisplayList:4881 
10-02 15:31:12.382 19752 19752 I View    : setRequestedFrameRate frameRate=-4.0, this=android.view.View{fcdbddb V.ED..... ........ 0,0-0,0}, caller=androidx.compose.ui.platform.Api35Impl.setRequestedFrameRate:4047 androidx.compose.ui.platform.AndroidComposeView.dispatchDraw:2282 android.view.View.draw:26758 android.view.View.updateDisplayListIfDirty:25577 android.view.ViewGroup.recreateChildDisplayList:4881 
10-02 15:31:12.389 19752 19752 I View    : setRequestedFrameRate frameRate=NaN, this=android.view.View{fcdbddb V.ED..... ........ 0,0-0,0}, caller=androidx.compose.ui.platform.Api35Impl.setRequestedFrameRate:4047 androidx.compose.ui.platform.AndroidComposeView.dispatchDraw:2282 android.view.View.draw:26758 android.view.View.updateDisplayListIfDirty:25577 android.view.ViewGroup.recreateChildDisplayList:4881 
10-02 15:31:14.994 19752 19752 I VRI[MainActivity]@ba2ccdd: call setFrameRateCategory for touch hint category=no preference, reason=boost timeout, vri=VRI[MainActivity]@ba2ccdd
10-02 15:31:15.016 19752 26803 W LiteRtLM: Inference first output: key='fs|dev=65088|ino=45187|size=4919541760|mtime=1790971030441' runId=5 ttftMs=5170 dispatchMs=71 postDispatchTtftMs=5099 requestToFirstOutputMs=5172
10-02 15:31:15.016 19752 26803 W LiteRtLM: Inference first output: key='fs|dev=65088|ino=45187|size=4919541760|mtime=1790971030441' runId=5 ttftMs=5170 dispatchMs=71 postDispatchTtftMs=5099 requestToFirstOutputMs=5172
10-02 15:31:15.016 19752 26803 D LiteRtLM: stream[key=fs|dev=65088|ino=45187|size=4919541760|mtime=1790971030441 runId=5] msg#1 rawChunkLen=2 deltaLen=2 emittedChars=2
10-02 15:31:15.017 19752 19752 D LiteRtRepository: stream[rid=5 msg#1] done=false deltaLen=2 outLen=2 outPreview='{"' deltaPreview='{"'
10-02 15:31:15.018 19752 19901 D AiViewModel: run[5] chunk[1].preview='{"'
10-02 15:31:15.141 19752 19901 D AiViewModel: run[5] chunk[2].preview='score'
10-02 15:31:15.270 19752 19901 D AiViewModel: run[5] chunk[3].preview='":'
10-02 15:31:15.394 19752 19901 D AiViewModel: run[5] chunk[4].preview='2'
10-02 15:31:15.517 19752 19901 D AiViewModel: run[5] chunk[5].preview='5'
10-02 15:31:15.648 19752 19901 D AiViewModel: run[5] chunk[6].preview=',"'
10-02 15:31:15.778 19752 19901 D AiViewModel: run[5] chunk[7].preview='missing'
10-02 15:31:15.901 19752 19752 D LiteRtRepository: stream[rid=5 msg#8] done=false deltaLen=1 outLen=21 outPreview='{"score":25,"missing_' deltaPreview='_'
10-02 15:31:15.901 19752 19901 D AiViewModel: run[5] chunk[8].preview='_'
10-02 15:31:16.023 19752 19901 D AiViewModel: run[5] chunk[9].preview='points'
10-02 15:31:16.149 19752 19901 D AiViewModel: run[5] chunk[10].preview='":["'
10-02 15:31:16.268 19752 19901 D AiViewModel: run[5] chunk[11].preview='clear'
10-02 15:31:16.398 19752 19901 D AiViewModel: run[5] chunk[12].preview='␠pest'
10-02 15:31:16.518 19752 19901 D AiViewModel: run[5] chunk[13].preview='/'
10-02 15:31:16.643 19752 19901 D AiViewModel: run[5] chunk[14].preview='disease'
10-02 15:31:16.773 19752 19901 D AiViewModel: run[5] chunk[15].preview='␠damage'
10-02 15:31:16.899 19752 26803 D LiteRtLM: stream[key=fs|dev=65088|ino=45187|size=4919541760|mtime=1790971030441 runId=5] msg#16 rawChunkLen=10 deltaLen=10 emittedChars=66
10-02 15:31:16.900 19752 19752 D LiteRtRepository: stream[rid=5 msg#16] done=false deltaLen=10 outLen=66 outPreview='{"score":25,"missing_points":["clear pest/disease damage threshold' deltaPreview=' threshold'
10-02 15:31:16.900 19752 19901 D AiViewModel: run[5] chunk[16].preview='␠threshold'
10-02 15:31:17.024 19752 19901 D AiViewModel: run[5] chunk[17].preview='␠that'
10-02 15:31:17.149 19752 19901 D AiViewModel: run[5] chunk[18].preview='␠would'
10-02 15:31:17.276 19752 19901 D AiViewModel: run[5] chunk[19].preview='␠trigger'
10-02 15:31:17.398 19752 19901 D AiViewModel: run[5] chunk[20].preview='␠switching'
10-02 15:31:17.525 19752 19901 D AiViewModel: run[5] chunk[21].preview='␠maize'
10-02 15:31:17.549 19752 19752 I View    : setRequestedFrameRate frameRate=-4.0, this=android.view.View{fcdbddb V.ED..... ........ 0,0-0,0}, caller=androidx.compose.ui.platform.Api35Impl.setRequestedFrameRate:4047 androidx.compose.ui.platform.AndroidComposeView.dispatchDraw:2282 android.view.View.draw:26758 android.view.View.updateDisplayListIfDirty:25577 android.view.ViewGroup.recreateChildDisplayList:4881 
10-02 15:31:17.579 19752 19752 I View    : setRequestedFrameRate frameRate=NaN, this=android.view.View{fcdbddb V.ED..... ........ 0,0-0,0}, caller=androidx.compose.ui.platform.Api35Impl.setRequestedFrameRate:4047 androidx.compose.ui.platform.AndroidComposeView.dispatchDraw:2282 android.view.View.draw:26758 android.view.View.updateDisplayListIfDirty:25577 android.view.ViewGroup.recreateChildDisplayList:4881 
10-02 15:31:17.657 19752 19901 D AiViewModel: run[5] chunk[22].preview='␠varieties'
10-02 15:31:17.802 19752 19901 D AiViewModel: run[5] chunk[23].preview='"]}'
10-02 15:31:17.803 19752 26816 D LiteRtLM: state[logicalDone] key='fs|dev=65088|ino=45187|size=4919541760|mtime=1790971030441' runId=5 active=true terminated=true logicalDone=true cancel=false pendingCancel=false lastMsgAt=74803434 lastTermAt=74803435
10-02 15:31:17.806 19752 26816 D LiteRtLM: state[nativeDone:beforeRelease] key='fs|dev=65088|ino=45187|size=4919541760|mtime=1790971030441' runId=5 active=true terminated=true logicalDone=true cancel=false pendingCancel=false lastMsgAt=74803434 lastTermAt=74803435
10-02 15:31:17.806 19752 26816 W LiteRtLM: Inference timing: key='fs|dev=65088|ino=45187|size=4919541760|mtime=1790971030441' runId=5 ttftMs=5170 dispatchMs=71 postDispatchTtftMs=5099 totalMs=7958 callbacks=23 outputChars=114 cancelled=false error=false requestTotalMs=7960
10-02 15:31:17.806 19752 26816 W LiteRtLM: Inference timing: key='fs|dev=65088|ino=45187|size=4919541760|mtime=1790971030441' runId=5 ttftMs=5170 dispatchMs=71 postDispatchTtftMs=5099 totalMs=7958 callbacks=23 outputChars=114 cancelled=false error=false requestTotalMs=7960
10-02 15:31:17.806 19752 26816 I LiteRtLM: LiteRT completion: runId=5 terminal=normal_onDone phase=unavailable engineTokenCapacity=1024 prefillTokens=-1 decodeTokens=-1 kvTokens=-1 outputChars=114 callbacks=23
10-02 15:31:17.806 19752 26816 I LiteRtLM: LiteRT completion: runId=5 terminal=normal_onDone phase=unavailable engineTokenCapacity=1024 prefillTokens=-1 decodeTokens=-1 kvTokens=-1 outputChars=114 callbacks=23
10-02 15:31:17.807 19752 19752 D LiteRtRepository: stream[rid=5 msg#24] done=true deltaLen=0 outLen=114 outPreview='{"score":25,"missing_points":["clear pest/disease damage threshold that would trigger switching maize varieties"]}' deltaPreview=''
10-02 15:31:17.808 19752 19752 D LiteRtRepository: [5] logical done=true; responseClosed=true; waiting native cleanup
10-02 15:31:17.809 19752 19939 D AiViewModel: run[5] stats: chunks=23, chars=114, raw.len=114
10-02 15:31:17.809 19752 19752 D LiteRtRepository: [5] native cleanup safepoint
10-02 15:31:17.810 19752 19939 D AiViewModel: run[5] sha(raw)=04c42bfde7109cb3cbcb9aff796f7d3f7d694ebfcd8f4cb406eda29f68e098b1
10-02 15:31:17.810 19752 20679 D SLM     : resetConversationAndWait: model='Gemma3n4B' image=false audio=false
10-02 15:31:17.811 19752 19939 D AiViewModel: run[5] rawVisible='{"score":25,"missing_points":["clear␠pest/disease␠damage␠threshold␠that␠would␠trigger␠switching␠maize␠varieties"]}'
10-02 15:31:17.815 19752 19939 D AiViewModel: run[5]: EVAL_JSON parsed score=25 followups=0 fu0=''
10-02 15:31:17.816 19752 19939 D AiViewModel: stepHistory+ runId=5 phase=EVAL mode=EVAL_JSON raw.len=114 score=25 FU=0 FU0='<none>' timeout=false err=null
10-02 15:31:17.816 19752 19939 I AiViewModel: run[5] done: phase=EVAL mode=EVAL_JSON score=25 FU0.len=0 FU0.sha16=none commit=true err=<none>
10-02 15:31:17.816 19752 19939 I FullTextOut: [part=000] run[5]: RawTextOut
10-02 15:31:17.816 19752 19939 I FullTextOut: {"score":25,"missing_points":["clear pest/disease damage threshold that would trigger switching maize varieties"]}
10-02 15:31:17.820 19752 19939 D SurveyVM: getFollowupPrompt[Q9] -> len=918 evalLen=114
10-02 15:31:17.820 19752 19901 D LiteRtRepository: [5] Conversation reset completed after safepoint
10-02 15:31:17.822 19752 19903 D LiteRtRepository: [part=000] [5] FINALIZE: native-terminated
10-02 15:31:17.822 19752 19903 D LiteRtRepository: === AI TRACE STATS (LiteRtRepository) ===
10-02 15:31:17.822 19752 19903 D LiteRtRepository: rid=5 model='Gemma3n4B' reason=native-terminated
10-02 15:31:17.822 19752 19903 D LiteRtRepository: totalMs=7983 inferenceMs=7978 firstTokenMs=5174
10-02 15:31:17.822 19752 19903 D LiteRtRepository: logicalDone=true logicalDoneAt=74803440
10-02 15:31:17.822 19752 19903 D LiteRtRepository: nativeTerminated=true cancelTag='null'
10-02 15:31:17.822 19752 19903 D LiteRtRepository: lastDeltaMsAgo=19 lastEventMsAgo=12
10-02 15:31:17.822 19752 19903 D LiteRtRepository: chunks=23 emittedChars=114 capturedAll=true out.len=114
10-02 15:31:17.822 19752 19903 D LiteRtRepository: === OUTPUT (FULL) ===
10-02 15:31:17.822 19752 19903 D LiteRtRepository: {"score":25,"missing_points":["clear pest/disease damage threshold that would trigger switching maize varieties"]}
10-02 15:31:17.824 19752 19939 D AiViewModel: run[6]: mode=FOLLOWUP_JSON_OR_TEXT phase=FOLLOWUP commit=false prompt.len=918, fullPrompt.len=1455, timeoutMs=120000
10-02 15:31:17.826 19752 19939 D AiViewModel: run[6]: sha(prompt)=6a5d207048c2454401ff07b852030a97ad2a5a1ab84ac5eee712af783c5cbe45 sha(full)=1df475b85d5d4bf5402394633961945d0038656453f2a72f53f2e7fb543691c9
10-02 15:31:17.826 19752 19939 I FullPromptReview: [part=000] run[6]: phase=FOLLOWUP FullPrompt
10-02 15:31:17.826 19752 19939 I FullPromptReview: Evaluate only the original survey target using all supplied answers.
10-02 15:31:17.826 19752 19939 I FullPromptReview: Generate exactly one short English question addressing one unresolved target-required deficiency in EVAL_JSON. Use the original target, original answer and accumulated answered followup pairs. Do not repeat an earlier question or ask for information already provided. Never add new objectives. Output only the question on one line; no JSON, score, analysis, labels, or quotes.
10-02 15:31:17.826 19752 19939 I FullPromptReview: Keep the question short and single-scope.
10-02 15:31:17.826 19752 19939 I FullPromptReview: Exactly one English question on one line.
10-02 15:31:17.826 19752 19939 I FullPromptReview: INPUT:
10-02 15:31:17.826 19752 19939 I FullPromptReview: Expected answer target: A clear pest/disease damage threshold that would trigger switching maize varieties.
10-02 15:31:17.826 19752 19939 I FullPromptReview: Question: What level of pest or disease damage would make you switch to a different maize variety?
10-02 15:31:17.826 19752 19939 I FullPromptReview: Original answer: Hsisha asked me to collaborate with him on the cover of "The
10-02 15:31:17.826 19752 19939 I FullPromptReview:  I got back at you
10-02 15:31:17.826 19752 19939 I FullPromptReview:  Nah I did
10-02 15:31:17.826 19752 19939 I FullPromptReview:  Yeah everything's backwards
10-02 15:31:17.826 19752 19939 I FullPromptReview:  How can you seem so lost
10-02 15:31:17.826 19752 19939 I FullPromptReview:  I'm sorry. I'll wood it right away
10-02 15:31:17.826 19752 19939 I FullPromptReview:  It seems alright
10-02 15:31:17.826 19752 19939 I FullPromptReview:  What about putting this on?
10-02 15:31:17.826 19752 19939 I FullPromptReview:  It's fine. It's normal
10-02 15:31:17.826 19752 19939 I FullPromptReview:  Okay
10-02 15:31:17.826 19752 19939 I FullPromptReview:  Thanks
10-02 15:31:17.826 19752 19939 I FullPromptReview:  What else should I do?
10-02 15:31:17.826 19752 19939 I FullPromptReview:  Oh yeah, I'll do it. I'll let you do it
10-02 15:31:17.826 19752 19939 I FullPromptReview:  It's a little more than enough for the test. I guess it's over
10-02 15:31:17.826 19752 19939 I FullPromptReview:  Please
10-02 15:31:17.826 19752 19939 I FullPromptReview:  Oh, the bath is clean. I'll go upstairs
10-02 15:31:17.826 19752 19939 I FullPromptReview:  I'll be right back
10-02 15:31:17.826 19752 19939 I FullPromptReview:  Okay, I'll be right back
10-02 15:31:17.826 19752 19939 I FullPromptReview:  What's that sound?
10-02 15:31:17.826 19752 19939 I FullPromptReview:  (speaking in foreign language)
10-02 15:31:17.826 19752 19939 I FullPromptReview: Answered followup pairs: 
10-02 15:31:17.826 19752 19939 I FullPromptReview: EVAL_JSON: {"score":25,"missing_points":["clear pest/disease damage threshold that would trigger switching maize varieties"]}
10-02 15:31:17.828 19752 19903 D LiteRtRepository: [6] request start model='Gemma3n4B' prompt.len=1455 sha=1df475b85d5d4bf5 gateWaitMs=1
10-02 15:31:17.829 19752 19903 D LiteRtRepository: [part=000] [6] PROMPT (FULL) sha=1df475b85d5d4bf5
10-02 15:31:17.829 19752 19903 D LiteRtRepository: Evaluate only the original survey target using all supplied answers.
10-02 15:31:17.829 19752 19903 D LiteRtRepository: Generate exactly one short English question addressing one unresolved target-required deficiency in EVAL_JSON. Use the original target, original answer and accumulated answered followup pairs. Do not repeat an earlier question or ask for information already provided. Never add new objectives. Output only the question on one line; no JSON, score, analysis, labels, or quotes.
10-02 15:31:17.829 19752 19903 D LiteRtRepository: Keep the question short and single-scope.
10-02 15:31:17.829 19752 19903 D LiteRtRepository: Exactly one English question on one line.
10-02 15:31:17.829 19752 19903 D LiteRtRepository: INPUT:
10-02 15:31:17.829 19752 19903 D LiteRtRepository: Expected answer target: A clear pest/disease damage threshold that would trigger switching maize varieties.
10-02 15:31:17.829 19752 19903 D LiteRtRepository: Question: What level of pest or disease damage would make you switch to a different maize variety?
10-02 15:31:17.829 19752 19903 D LiteRtRepository: Original answer: Hsisha asked me to collaborate with him on the cover of "The
10-02 15:31:17.829 19752 19903 D LiteRtRepository:  I got back at you
10-02 15:31:17.829 19752 19903 D LiteRtRepository:  Nah I did
10-02 15:31:17.829 19752 19903 D LiteRtRepository:  Yeah everything's backwards
10-02 15:31:17.829 19752 19903 D LiteRtRepository:  How can you seem so lost
10-02 15:31:17.829 19752 19903 D LiteRtRepository:  I'm sorry. I'll wood it right away
10-02 15:31:17.829 19752 19903 D LiteRtRepository:  It seems alright
10-02 15:31:17.829 19752 19903 D LiteRtRepository:  What about putting this on?
10-02 15:31:17.829 19752 19903 D LiteRtRepository:  It's fine. It's normal
10-02 15:31:17.829 19752 19903 D LiteRtRepository:  Okay
10-02 15:31:17.829 19752 19903 D LiteRtRepository:  Thanks
10-02 15:31:17.829 19752 19903 D LiteRtRepository:  What else should I do?
10-02 15:31:17.829 19752 19903 D LiteRtRepository:  Oh yeah, I'll do it. I'll let you do it
10-02 15:31:17.829 19752 19903 D LiteRtRepository:  It's a little more than enough for the test. I guess it's over
10-02 15:31:17.829 19752 19903 D LiteRtRepository:  Please
10-02 15:31:17.829 19752 19903 D LiteRtRepository:  Oh, the bath is clean. I'll go upstairs
10-02 15:31:17.829 19752 19903 D LiteRtRepository:  I'll be right back
10-02 15:31:17.829 19752 19903 D LiteRtRepository:  Okay, I'll be right back
10-02 15:31:17.829 19752 19903 D LiteRtRepository:  What's that sound?
10-02 15:31:17.829 19752 19903 D LiteRtRepository:  (speaking in foreign language)
10-02 15:31:17.829 19752 19903 D LiteRtRepository: Answered followup pairs: 
10-02 15:31:17.829 19752 19903 D LiteRtRepository: EVAL_JSON: {"score":25,"missing_points":["clear pest/disease damage threshold that would trigger switching maize varieties"]}
10-02 15:31:17.829 19752 20679 D SLM     : initializeIfNeeded: model='Gemma3n4B' image=false audio=false
10-02 15:31:17.830 19752 20679 D LiteRtLM: initializeIfNeeded: warm runtime already ready: key='fs|dev=65088|ino=45187|size=4919541760|mtime=1790971030441'
10-02 15:31:17.830 19752 19903 D LiteRtRepository: [6] initializeIfNeeded ok initMs=1
10-02 15:31:17.830 19752 20679 D SLM     : runInference: model='Gemma3n4B' textLen=1455 images=0 audio=0
10-02 15:31:17.831 19752 19903 D LiteRtLM: state[run:start] key='fs|dev=65088|ino=45187|size=4919541760|mtime=1790971030441' runId=6 active=true terminated=false logicalDone=false cancel=false pendingCancel=false lastMsgAt=74803464 lastTermAt=74803435
10-02 15:31:17.831 19752 19903 D LiteRtLM: runInference start: key='fs|dev=65088|ino=45187|size=4919541760|mtime=1790971030441' runId=6 hasText=true originalTextLen=1455 effectiveTextLen=1455 images=0 audioClips=0
10-02 15:31:17.832 19752 19903 D LiteRtLM: LiteRT-LM sendMessageAsync(text): key='fs|dev=65088|ino=45187|size=4919541760|mtime=1790971030441' runId=6 len=1455 maxOutputTokens=64
10-02 15:31:17.836 19752 19903 D LiteRtLM: sendMessageAsync accepted: key='fs|dev=65088|ino=45187|size=4919541760|mtime=1790971030441' runId=6 dispatchMs=5
10-02 15:31:20.808 19752 26803 W LiteRtLM: Inference first output: key='fs|dev=65088|ino=45187|size=4919541760|mtime=1790971030441' runId=6 ttftMs=2976 dispatchMs=5 postDispatchTtftMs=2971 requestToFirstOutputMs=2977
10-02 15:31:20.808 19752 26803 W LiteRtLM: Inference first output: key='fs|dev=65088|ino=45187|size=4919541760|mtime=1790971030441' runId=6 ttftMs=2976 dispatchMs=5 postDispatchTtftMs=2971 requestToFirstOutputMs=2977
10-02 15:31:20.808 19752 26803 D LiteRtLM: stream[key=fs|dev=65088|ino=45187|size=4919541760|mtime=1790971030441 runId=6] msg#1 rawChunkLen=4 deltaLen=4 emittedChars=4
10-02 15:31:20.809 19752 19752 D LiteRtRepository: stream[rid=6 msg#1] done=false deltaLen=4 outLen=4 outPreview='What' deltaPreview='What'
10-02 15:31:20.810 19752 19903 D AiViewModel: run[6] chunk[1].preview='What'
10-02 15:31:20.945 19752 19903 D AiViewModel: run[6] chunk[2].preview='␠specific'
10-02 15:31:21.073 19752 19903 D AiViewModel: run[6] chunk[3].preview='␠pest'
10-02 15:31:21.198 19752 19903 D AiViewModel: run[6] chunk[4].preview='␠or'
10-02 15:31:21.324 19752 19903 D AiViewModel: run[6] chunk[5].preview='␠disease'
10-02 15:31:21.452 19752 19903 D AiViewModel: run[6] chunk[6].preview='␠damage'
10-02 15:31:21.583 19752 19903 D AiViewModel: run[6] chunk[7].preview='␠level'
10-02 15:31:21.698 19752 19752 D LiteRtRepository: stream[rid=6 msg#8] done=false deltaLen=6 outLen=48 outPreview='What specific pest or disease damage level would' deltaPreview=' would'
10-02 15:31:21.698 19752 19903 D AiViewModel: run[6] chunk[8].preview='␠would'
10-02 15:31:21.827 19752 19902 D AiViewModel: run[6] chunk[9].preview='␠prompt'
10-02 15:31:21.956 19752 19902 D AiViewModel: run[6] chunk[10].preview='␠a'
10-02 15:31:22.077 19752 19902 D AiViewModel: run[6] chunk[11].preview='␠maize'
10-02 15:31:22.198 19752 19902 D AiViewModel: run[6] chunk[12].preview='␠variety'
10-02 15:31:22.323 19752 19902 D AiViewModel: run[6] chunk[13].preview='␠switch'
10-02 15:31:22.453 19752 26816 D LiteRtLM: state[logicalDone] key='fs|dev=65088|ino=45187|size=4919541760|mtime=1790971030441' runId=6 active=true terminated=true logicalDone=true cancel=false pendingCancel=false lastMsgAt=74808085 lastTermAt=74808086
10-02 15:31:22.454 19752 26816 D LiteRtLM: state[nativeDone:beforeRelease] key='fs|dev=65088|ino=45187|size=4919541760|mtime=1790971030441' runId=6 active=true terminated=true logicalDone=true cancel=false pendingCancel=false lastMsgAt=74808085 lastTermAt=74808086
10-02 15:31:22.454 19752 26816 W LiteRtLM: Inference timing: key='fs|dev=65088|ino=45187|size=4919541760|mtime=1790971030441' runId=6 ttftMs=2976 dispatchMs=5 postDispatchTtftMs=2971 totalMs=4622 callbacks=14 outputChars=79 cancelled=false error=false requestTotalMs=4623
10-02 15:31:22.454 19752 26816 W LiteRtLM: Inference timing: key='fs|dev=65088|ino=45187|size=4919541760|mtime=1790971030441' runId=6 ttftMs=2976 dispatchMs=5 postDispatchTtftMs=2971 totalMs=4622 callbacks=14 outputChars=79 cancelled=false error=false requestTotalMs=4623
10-02 15:31:22.454 19752 26816 I LiteRtLM: LiteRT completion: runId=6 terminal=normal_onDone phase=unavailable engineTokenCapacity=1024 prefillTokens=-1 decodeTokens=-1 kvTokens=-1 outputChars=79 callbacks=14
10-02 15:31:22.454 19752 26816 I LiteRtLM: LiteRT completion: runId=6 terminal=normal_onDone phase=unavailable engineTokenCapacity=1024 prefillTokens=-1 decodeTokens=-1 kvTokens=-1 outputChars=79 callbacks=14
10-02 15:31:22.457 19752 19752 D LiteRtRepository: [6] logical done=true; responseClosed=true; waiting native cleanup
10-02 15:31:22.457 19752 19902 D AiViewModel: run[6] chunk[14].preview='?'
10-02 15:31:22.457 19752 19752 D LiteRtRepository: [6] native cleanup safepoint
10-02 15:31:22.458 19752 19902 D AiViewModel: run[6] stats: chunks=14, chars=79, raw.len=79
10-02 15:31:22.458 19752 20679 D SLM     : resetConversationAndWait: model='Gemma3n4B' image=false audio=false
10-02 15:31:22.459 19752 19902 D AiViewModel: run[6] sha(raw)=792e4dadf891a1269ba2d9e748a710cb62c6e0b402039525916c0edd8dcde58b
10-02 15:31:22.459 19752 19902 D AiViewModel: run[6] rawVisible='What␠specific␠pest␠or␠disease␠damage␠level␠would␠prompt␠a␠maize␠variety␠switch?'
10-02 15:31:22.461 19752 19902 D AiViewModel: run[6]: FOLLOWUP parse extractorQ='What␠specific␠pest␠or␠disease␠damage␠level␠would␠prompt␠a␠maize␠variety␠switch?' textQ='What␠specific␠pest␠or␠disease␠damage␠level␠would␠prompt␠a␠maize␠variety␠switch?' best='What␠specific␠pest␠or␠disease␠damage␠level␠would␠prompt␠a␠maize␠variety␠switch?'
10-02 15:31:22.461 19752 19902 D AiViewModel: stepHistory+ runId=6 phase=FOLLOWUP mode=FOLLOWUP_JSON_OR_TEXT raw.len=79 score=null FU=1 FU0='What␠specific␠pest␠or␠disease␠damage␠level␠would␠prompt␠a␠maize␠variety␠switch?' timeout=false err=null
10-02 15:31:22.462 19752 19902 I AiViewModel: run[6] done: phase=FOLLOWUP mode=FOLLOWUP_JSON_OR_TEXT score=null FU0.len=79 FU0.sha16=792e4dadf891a126 commit=false err=<none>
10-02 15:31:22.463 19752 19902 I FullTextOut: [part=000] run[6]: RawTextOut
10-02 15:31:22.463 19752 19902 I FullTextOut: What specific pest or disease damage level would prompt a maize variety switch?
10-02 15:31:22.464 19752 19903 D LiteRtRepository: [6] Conversation reset completed after safepoint
10-02 15:31:22.465 19752 19903 D LiteRtRepository: [part=000] [6] FINALIZE: native-terminated
10-02 15:31:22.465 19752 19903 D LiteRtRepository: === AI TRACE STATS (LiteRtRepository) ===
10-02 15:31:22.465 19752 19903 D LiteRtRepository: rid=6 model='Gemma3n4B' reason=native-terminated
10-02 15:31:22.465 19752 19903 D LiteRtRepository: totalMs=4638 inferenceMs=4634 firstTokenMs=2978
10-02 15:31:22.465 19752 19903 D LiteRtRepository: logicalDone=true logicalDoneAt=74808089
10-02 15:31:22.465 19752 19903 D LiteRtRepository: nativeTerminated=true cancelTag='null'
10-02 15:31:22.465 19752 19903 D LiteRtRepository: lastDeltaMsAgo=8 lastEventMsAgo=7
10-02 15:31:22.465 19752 19903 D LiteRtRepository: chunks=14 emittedChars=79 capturedAll=true out.len=79
10-02 15:31:22.465 19752 19903 D LiteRtRepository: === OUTPUT (FULL) ===
10-02 15:31:22.465 19752 19903 D LiteRtRepository: What specific pest or disease damage level would prompt a maize variety switch?
10-02 15:31:22.513 19752 19752 I View    : setRequestedFrameRate frameRate=-4.0, this=android.view.View{fcdbddb V.ED..... ........ 0,0-0,0}, caller=androidx.compose.ui.platform.Api35Impl.setRequestedFrameRate:4047 androidx.compose.ui.platform.AndroidComposeView.dispatchDraw:2282 android.view.View.draw:26758 android.view.View.updateDisplayListIfDirty:25577 android.view.ViewGroup.recreateChildDisplayList:4881 
10-02 15:31:22.519 19752 19752 I View    : setRequestedFrameRate frameRate=NaN, this=android.view.View{fcdbddb V.ED..... ........ 0,0-0,0}, caller=androidx.compose.ui.platform.Api35Impl.setRequestedFrameRate:4047 androidx.compose.ui.platform.AndroidComposeView.dispatchDraw:2282 android.view.View.draw:26758 android.view.View.updateDisplayListIfDirty:25577 android.view.ViewGroup.recreateChildDisplayList:4881 
10-02 15:31:22.525 19752 19752 I View    : setRequestedFrameRate frameRate=-4.0, this=android.view.View{fcdbddb V.ED..... ........ 0,0-0,0}, caller=androidx.compose.ui.platform.Api35Impl.setRequestedFrameRate:4047 androidx.compose.ui.platform.AndroidComposeView.dispatchDraw:2282 android.view.View.draw:26758 android.view.View.updateDisplayListIfDirty:25577 android.view.ViewGroup.recreateChildDisplayList:4881 
10-02 15:31:22.530 19752 19752 I View    : setRequestedFrameRate frameRate=NaN, this=android.view.View{fcdbddb V.ED..... ........ 0,0-0,0}, caller=androidx.compose.ui.platform.Api35Impl.setRequestedFrameRate:4047 androidx.compose.ui.platform.AndroidComposeView.dispatchDraw:2282 android.view.View.draw:26758 android.view.View.updateDisplayListIfDirty:25577 android.view.ViewGroup.recreateChildDisplayList:4881 
10-02 15:35:51.813  4465  4465 I Zygote  : Process 4465 created for com.negi.survey.local
10-02 15:35:51.813  4465  4465 I gi.survey.local: Late-enabling -Xcheck:jni
10-02 15:35:51.845  4465  4465 I gi.survey.local: Using CollectorTypeCMC GC.
10-02 15:35:51.857  4465  4465 D nativeloader: Load libframework-connectivity-tiramisu-jni.so using APEX ns com_android_tethering for caller /apex/com.android.tethering/javalib/framework-connectivity-t.jar: ok
10-02 15:35:51.862  4465  4465 D ActivityThread: setConscryptValidator
10-02 15:35:51.862  4465  4465 D ActivityThread: setConscryptValidator - put
10-02 15:35:51.883  4465  4465 D ApplicationLoaders: Returning zygote-cached class loader: /system_ext/framework/androidx.window.extensions.jar
10-02 15:35:51.883  4465  4465 D ApplicationLoaders: Returning zygote-cached class loader: /system_ext/framework/androidx.window.sidecar.jar
10-02 15:35:52.181  4465  4465 D nativeloader: Configuring clns-9 for other apk /data/app/~~MjJFGsR8YM42qWfSJaXkXg==/com.negi.survey.local-snq_z2LMjAoy_KNEh9TGzg==/base.apk. target_sdk_version=36, uses_libraries=libOpenCL.so, library_path=/data/app/~~MjJFGsR8YM42qWfSJaXkXg==/com.negi.survey.local-snq_z2LMjAoy_KNEh9TGzg==/lib/arm64:/data/app/~~MjJFGsR8YM42qWfSJaXkXg==/com.negi.survey.local-snq_z2LMjAoy_KNEh9TGzg==/base.apk!/lib/arm64-v8a, permitted_path=/data:/mnt/expand:/data/user/0/com.negi.survey.local
10-02 15:35:52.186  4465  4465 V GraphicsEnvironment: Currently set values for:
10-02 15:35:52.186  4465  4465 V GraphicsEnvironment:   angle_gl_driver_selection_pkgs=[]
10-02 15:35:52.186  4465  4465 V GraphicsEnvironment:   angle_gl_driver_selection_values=[]
10-02 15:35:52.186  4465  4465 V GraphicsEnvironment: com.negi.survey.local is not listed in per-application setting
10-02 15:35:52.186  4465  4465 V GraphicsEnvironment: ANGLE allowlist from config: com.dreamgames.royalmatch com.dts.freefiremax com.dxx.firenow com.gramgames.mergedragons com.ludo.king com.mojang.minecraftpe com.my.defense com.nintendo.zaka com.os.airforce com.playrix.fishdomdd.gplay io.teslatech.callbreak jp.konami.prospia net.peakgames.toonblast
10-02 15:35:52.186  4465  4465 V GraphicsEnvironment: No special selections for ANGLE, returning default driver choice
10-02 15:35:52.186  4465  4465 V GraphicsEnvironment: Neither updatable production driver nor prerelease driver is supported.
10-02 15:35:52.229  4465  4465 D nativeloader: Load /data/app/~~MjJFGsR8YM42qWfSJaXkXg==/com.negi.survey.local-snq_z2LMjAoy_KNEh9TGzg==/base.apk!/lib/arm64-v8a/liblitertlm_jni.so using class loader ns clns-9 (caller=/data/app/~~MjJFGsR8YM42qWfSJaXkXg==/com.negi.survey.local-snq_z2LMjAoy_KNEh9TGzg==/base.apk!classes10.dex): ok
10-02 15:35:52.229  4465  4465 D SurveyApp: Loaded LiteRTLM JNI: litertlm_jni where=attachBaseContext
10-02 15:35:52.243  4465  4465 D AppRingLogStore: installed: dir=/data/user/0/com.negi.survey.local/files/diagnostics/applog_ring idx=0
10-02 15:35:52.243  4465  4465 D SurveyApp: attachBaseContext: pid=4465 process=com.negi.survey.local isMain=true sdk=36
10-02 15:35:52.243  4465  4465 D SurveyApp: bootTiming: attachBaseContext total=32ms
10-02 15:35:52.244  4465  4465 D SurveyApp: Skipping WorkManager init in attachBaseContext; will init lazily on first enqueue.
10-02 15:35:52.246  4465  4465 D CrashCapture: install: ensured default handler. where=SurveyApp:attachBaseContext pid=4465 default=com.negi.survey.CrashCapture$CrashHandler@8ba33ca
10-02 15:35:52.246  4465  4465 D SurveyApp: CrashCapture installed: where=SurveyApp:attachBaseContext
10-02 15:35:52.246  4465  4524 D RuntimeLogStore: openWriter: start -> /data/user/0/com.negi.survey.local/files/diagnostics/runtime_logs/rtlog_20261002_203552_235_pid4465_seq1.log (bytes=0 format=LEGACY)
10-02 15:35:52.247  4465  4524 D RuntimeLogStore: retention: start files=2 kept=2 totalBytes=87237
10-02 15:35:52.250  4465  4465 E gi.survey.local: hiddenapi: Accessing hidden method Landroid/net/ssl/EchConfigMismatchException;->getRetryConfigList()Landroid/net/ssl/EchConfigList; (runtime_flags=0, domain=core-platform, api=blocked) from /data/app/~~MjJFGsR8YM42qWfSJaXkXg==/com.negi.survey.local-snq_z2LMjAoy_KNEh9TGzg==/base.apk!classes17.dex (domain=app, TargetSdkVersion=36) using linking: denied
10-02 15:35:52.250  4465  4465 E gi.survey.local: hiddenapi: Accessing hidden method Landroid/net/ssl/EchConfigList;->toBytes()[B (runtime_flags=0, domain=core-platform, api=blocked) from /data/app/~~MjJFGsR8YM42qWfSJaXkXg==/com.negi.survey.local-snq_z2LMjAoy_KNEh9TGzg==/base.apk!classes17.dex (domain=app, TargetSdkVersion=36) using linking: denied
10-02 15:35:52.250  4465  4465 E gi.survey.local: hiddenapi: Accessing hidden method Landroid/net/ssl/EchConfigList;->fromBytes([B)Landroid/net/ssl/EchConfigList; (runtime_flags=0, domain=core-platform, api=blocked) from /data/app/~~MjJFGsR8YM42qWfSJaXkXg==/com.negi.survey.local-snq_z2LMjAoy_KNEh9TGzg==/base.apk!classes17.dex (domain=app, TargetSdkVersion=36) using linking: denied
10-02 15:35:52.251  4465  4465 E gi.survey.local: hiddenapi: Accessing hidden method Landroid/net/ssl/SSLSockets;->setEchConfigList(Ljavax/net/ssl/SSLSocket;Landroid/net/ssl/EchConfigList;)V (runtime_flags=0, domain=core-platform, api=blocked) from /data/app/~~MjJFGsR8YM42qWfSJaXkXg==/com.negi.survey.local-snq_z2LMjAoy_KNEh9TGzg==/base.apk!classes17.dex (domain=app, TargetSdkVersion=36) using linking: denied
10-02 15:35:52.261  4465  4465 D SurveyApp: LiteRTLM JNI already loaded; skip. where=onCreate(retry)
10-02 15:35:52.262  4465  4465 D SurveyApp: bootTiming: RuntimeLogStore.start took=0ms
10-02 15:35:52.262  4465  4465 D SurveyApp: bootTiming: AppRingLogStore.install took=0ms
10-02 15:35:52.262  4465  4465 D SurveyApp: onCreate: pid=4465 process=com.negi.survey.local isMain=true sdk=36
10-02 15:35:52.267  4465  4465 D CrashCapture: install: ensured default handler. where=SurveyApp:onCreate(rewrap) pid=4465 default=com.negi.survey.CrashCapture$CrashHandler@8ba33ca
10-02 15:35:52.267  4465  4465 D SurveyApp: CrashCapture installed: where=SurveyApp:onCreate(rewrap)
10-02 15:35:52.267  4465  4465 D CrashCapture: registerSelfHealing: ActivityLifecycleCallbacks registered. mode=onResumedOnly
10-02 15:35:52.267  4465  4465 D SurveyApp: CrashCapture self-healing registered.
10-02 15:35:52.267  4465  4465 W SurveyApp: Startup enqueues deferred: delay=2500ms (to reduce init contention)
10-02 15:35:52.268  4465  4465 D SurveyApp: Startup survey recovery deferred: delay=2500ms
10-02 15:35:52.268  4465  4465 D SurveyApp: bootTiming: onCreate total=7ms
10-02 15:35:52.285  4465  4526 D UploadRescheduleRcvr: Skip GitHub reschedule: missing credentials.
10-02 15:35:52.285  4465  4526 D UploadRescheduleRcvr: Skip runtime logs upload: missing GitHub credentials.
10-02 15:35:54.771  4465  4465 W SurveyApp: Deferred startup enqueues begin...
10-02 15:35:54.869  4465  4465 D WM-PackageManagerHelper: Skipping component enablement for androidx.work.impl.background.systemjob.SystemJobService
10-02 15:35:54.869  4465  4465 D WM-Schedulers: Created SystemJobScheduler and enabled SystemJobService
10-02 15:35:54.875  4465  4563 D WM-ForceStopRunnable: Is default app process = true
10-02 15:35:54.876  4465  4563 D WM-ForceStopRunnable: Performing cleanup operations.
10-02 15:35:54.884  4465  4465 D SurveyApp: WorkManager available. where=startupRtLogs(immediate) took=111ms
10-02 15:35:54.895  4465  4563 E ashmem  : Pinning is deprecated since Android Q. Please use trim or other methods.
10-02 15:35:54.898  4465  4465 D SurveyApp: Startup runtime logs: GitHub config not available (immediate).
10-02 15:35:54.899  4465  4465 W SurveyApp: Startup runtime logs: scheduling one retry; reason=config
10-02 15:35:54.899  4465  4465 D SurveyApp: WorkManager available. where=startupRingLogs(immediate) took=0ms
10-02 15:35:54.907  4465  4465 D SurveyApp: Startup ring logs: GitHub config not available (immediate).
10-02 15:35:54.908  4465  4465 W SurveyApp: Startup ring logs: scheduling one retry; reason=config
10-02 15:35:54.908  4465  4465 D SurveyApp: WorkManager available. where=enqueuePending(immediate) took=0ms
10-02 15:35:54.909  4465  4465 D SurveyApp: CrashCapture pending uploads requested (immediate).
10-02 15:35:54.910  4465  4465 W SurveyApp: Deferred startup enqueues done: took=139ms
10-02 15:35:54.910  4465  4565 D CrashCapture: enqueuePendingCrashUploadsIfPossible enter where=SurveyApp:enqueuePending(immediate):bg pid=4465 thread=CrashCapture-Enqueue
10-02 15:35:54.911  4465  4526 D SurveyApp: Survey recovery WorkManager available. where=startupSurveyUploads(initial) took=0ms
10-02 15:35:54.919  4465  4526 W SurveyApp: Startup survey recovery: GitHub config unavailable (initial).
10-02 15:35:54.920  4465  4526 W SurveyApp: Startup survey recovery: scheduling one retry; reason=config delay=1600ms
10-02 15:35:54.960  4465  4571 D WM-PackageManagerHelper: Skipping component enablement for androidx.work.impl.background.systemalarm.RescheduleReceiver
